# ADC channel: 0  gain: 100x  conv_time_us: 2602.8645  fs_Hz: 384.1921
# background_V  signal_V
-4.24206303e-03 4.98987865e+00
-4.26352071e-03 4.98964500e+00
-4.25398396e-03 4.98964024e+00
-4.24921559e-03 4.98975372e+00
-4.24563931e-03 4.98987532e+00
-4.25636815e-03 4.98978806e+00
-4.23967885e-03 4.98965931e+00
-4.25875233e-03 4.98959398e+00
-4.27782582e-03 4.98970127e+00
-4.23729466e-03 4.98956060e+00
-4.27305745e-03 4.98970699e+00
-4.27544164e-03 4.98954153e+00
-4.25398396e-03 4.98976898e+00
-4.24563931e-03 4.98977518e+00
-4.24444722e-03 4.98964167e+00
-4.24921559e-03 4.98968077e+00
-4.25994443e-03 4.98977375e+00
-4.27067326e-03 4.98960829e+00
-4.24921559e-03 4.98975229e+00
-4.24683141e-03 4.98963690e+00
-4.26590489e-03 4.98955107e+00
-4.24802350e-03 4.98967743e+00
-4.25279187e-03 4.98988485e+00
-4.27901791e-03 4.98966169e+00
-4.26471280e-03 4.98978472e+00
-4.26232861e-03 4.98968077e+00
-4.24683141e-03 4.98963547e+00
-4.26828908e-03 4.98980951e+00
-4.26352071e-03 4.98967981e+00
-4.24683141e-03 4.98960209e+00
-4.25279187e-03 4.98959398e+00
-4.26113652e-03 4.98969507e+00
-4.27424954e-03 4.98970699e+00
-4.26590489e-03 4.98981667e+00
-4.26232861e-03 4.98979425e+00
-4.23848676e-03 4.98972845e+00
-4.26352071e-03 4.98960924e+00
-4.26590489e-03 4.98967123e+00
-4.25875233e-03 4.98969030e+00
-4.25756024e-03 4.98970222e+00
-4.28259419e-03 4.98980379e+00
-4.24921559e-03 4.98961878e+00
-4.26232861e-03 4.98973227e+00
-4.24087094e-03 4.98972845e+00
-4.25756024e-03 4.98964262e+00
-4.26828908e-03 4.98969269e+00
-4.26709699e-03 4.98973703e+00
-4.23729466e-03 4.98983335e+00
-4.25159978e-03 4.98970604e+00
-4.26471280e-03 4.98967266e+00
-4.25398396e-03 4.98973799e+00
-4.25398396e-03 4.98964024e+00
-4.27305745e-03 4.98949862e+00
-4.25994443e-03 4.98963547e+00
-4.24087094e-03 4.98957253e+00
-4.26352071e-03 4.98977613e+00
-4.24087094e-03 4.98976803e+00
-4.25994443e-03 4.98967505e+00
-4.25279187e-03 4.98970699e+00
-4.25279187e-03 4.98964405e+00
-4.24802350e-03 4.98951530e+00
-4.24921559e-03 4.98975706e+00
-4.23610257e-03 4.98982525e+00
-4.24206303e-03 4.98969507e+00
-4.27186536e-03 4.98970699e+00
-4.25040768e-03 4.98975134e+00
-4.26948117e-03 4.98976183e+00
-4.26352071e-03 4.98973799e+00
-4.25517606e-03 4.98961878e+00
-4.24921559e-03 4.98967505e+00
-4.25875233e-03 4.98963308e+00
-4.27544164e-03 4.98960924e+00
-4.25875233e-03 4.98969507e+00
-4.25279187e-03 4.98976326e+00
-4.25636815e-03 4.98962355e+00
-4.26590489e-03 4.98969746e+00
-4.27186536e-03 4.98962975e+00
-4.27186536e-03 4.98968554e+00
-4.24802350e-03 4.98973227e+00
-4.26709699e-03 4.98962831e+00
-4.25875233e-03 4.98971891e+00
-4.28021001e-03 4.98966312e+00
-4.28259419e-03 4.98966551e+00
-4.24921559e-03 4.98975229e+00
-4.25994443e-03 4.98955584e+00
-4.25994443e-03 4.98971319e+00
-4.23252629e-03 4.98971081e+00
-4.25398396e-03 4.98952723e+00
-4.26113652e-03 4.98965359e+00
-4.24563931e-03 4.98976326e+00
-4.27067326e-03 4.98971891e+00
-4.25159978e-03 4.98970222e+00
-4.25756024e-03 4.98966169e+00
-4.25159978e-03 4.98982859e+00
-4.25636815e-03 4.98962021e+00
-4.26948117e-03 4.98960590e+00
-4.26113652e-03 4.98961306e+00
-4.24325513e-03 4.98968792e+00
-4.26828908e-03 4.98988819e+00
-4.27186536e-03 4.98959398e+00
-4.23729466e-03 4.98982620e+00
-4.25875233e-03 4.98979187e+00
-4.24683141e-03 4.98980474e+00
-4.26590489e-03 4.98965454e+00
-4.25756024e-03 4.98973799e+00
-4.26590489e-03 4.98975134e+00
-4.25279187e-03 4.98957729e+00
-4.25756024e-03 4.98969889e+00
-4.26471280e-03 4.98983097e+00
-4.27424954e-03 4.98962593e+00
-4.26709699e-03 4.98975468e+00
-4.25279187e-03 4.98977852e+00
-4.26471280e-03 4.98978329e+00
-4.23967885e-03 4.98977995e+00
-4.24444722e-03 4.98972034e+00
-4.25398396e-03 4.98968077e+00
-4.24802350e-03 4.98979521e+00
-4.25636815e-03 4.98979759e+00
-4.25040768e-03 4.98979759e+00
-4.27305745e-03 4.98963213e+00
-4.24087094e-03 4.98972130e+00
-4.24325513e-03 4.98964167e+00
-4.23371838e-03 4.98976183e+00
-4.25159978e-03 4.98973560e+00
-4.25756024e-03 4.98975134e+00
-4.26352071e-03 4.98969746e+00
-4.25517606e-03 4.98977757e+00
-4.27067326e-03 4.98972273e+00
-4.25398396e-03 4.98973703e+00
-4.27901791e-03 4.98977375e+00
-4.25040768e-03 4.98972988e+00
-4.25756024e-03 4.98965931e+00
-4.24206303e-03 4.98972607e+00
-4.25517606e-03 4.98965216e+00
-4.26948117e-03 4.98969507e+00
-4.25636815e-03 4.98964977e+00
-4.25279187e-03 4.98980618e+00
-4.26828908e-03 4.98977995e+00
-4.26471280e-03 4.98979664e+00
-4.25517606e-03 4.98966551e+00
-4.27305745e-03 4.98954964e+00
-4.25994443e-03 4.98986101e+00
-4.25398396e-03 4.98973227e+00
-4.26709699e-03 4.98974276e+00
-4.24325513e-03 4.98969030e+00
-4.23967885e-03 4.98984432e+00
-4.26709699e-03 4.98977041e+00
-4.25517606e-03 4.98966408e+00
-4.25279187e-03 4.98964739e+00
-4.24444722e-03 4.98986435e+00
-4.25756024e-03 4.98974514e+00
-4.26709699e-03 4.98976803e+00
-4.25875233e-03 4.98988581e+00
-4.26352071e-03 4.98970461e+00
-4.24683141e-03 4.98964643e+00
-4.26828908e-03 4.98988342e+00
-4.25040768e-03 4.98992395e+00
-4.25994443e-03 4.98980618e+00
-4.26471280e-03 4.98972130e+00
-4.23252629e-03 4.98969889e+00
-4.24802350e-03 4.98974991e+00
-4.25398396e-03 4.98986578e+00
-4.23967885e-03 4.98973465e+00
-4.26471280e-03 4.98985386e+00
-4.24206303e-03 4.98982859e+00
-4.26709699e-03 4.98969889e+00
-4.25875233e-03 4.98986101e+00
-4.26471280e-03 4.98971319e+00
-4.26113652e-03 4.98967505e+00
-4.25159978e-03 4.98991442e+00
-4.26709699e-03 4.98986912e+00
-4.24921559e-03 4.98974991e+00
-4.25636815e-03 4.98980618e+00
-4.25875233e-03 4.98982143e+00
-4.25875233e-03 4.98969030e+00
-4.23610257e-03 4.98992777e+00
-4.25517606e-03 4.98979902e+00
-4.25756024e-03 4.98970366e+00
-4.25159978e-03 4.98980141e+00
-4.25040768e-03 4.98980713e+00
-4.24325513e-03 4.98980951e+00
-4.25756024e-03 4.98982859e+00
-4.25398396e-03 4.98982143e+00
-4.26828908e-03 4.98976564e+00
-4.26828908e-03 4.98972988e+00
-4.26232861e-03 4.98978949e+00
-4.23729466e-03 4.98973703e+00
-4.25875233e-03 4.98975229e+00
-4.27544164e-03 4.98985386e+00
-4.26113652e-03 4.98986340e+00
-4.27424954e-03 4.98996830e+00
-4.26232861e-03 4.98975468e+00
-4.23967885e-03 4.98980856e+00
-4.25994443e-03 4.98976564e+00
-4.24206303e-03 4.98977375e+00
-4.25159978e-03 4.98984528e+00
-4.27186536e-03 4.98993969e+00
-4.26113652e-03 4.98982763e+00
-4.25636815e-03 4.98983240e+00
-4.25636815e-03 4.98986912e+00
-4.24921559e-03 4.98972511e+00
-4.25279187e-03 4.98982048e+00
-4.26113652e-03 4.98987865e+00
-4.23967885e-03 4.98984432e+00
-4.25279187e-03 4.98988342e+00
-4.27305745e-03 4.98972273e+00
-4.25159978e-03 4.98978567e+00
-4.24563931e-03 4.98977137e+00
-4.25159978e-03 4.98978806e+00
-4.25517606e-03 4.98981190e+00
-4.22895001e-03 4.98979521e+00
-4.26232861e-03 4.98982143e+00
-4.26113652e-03 4.98982763e+00
-4.25756024e-03 4.98977757e+00
-4.23848676e-03 4.98981571e+00
-4.27186536e-03 4.98992634e+00
-4.26471280e-03 4.98982859e+00
-4.26352071e-03 4.98971415e+00
-4.26948117e-03 4.98979425e+00
-4.26709699e-03 4.98982286e+00
-4.24921559e-03 4.98981094e+00
-4.25398396e-03 4.98984671e+00
-4.25756024e-03 4.98981810e+00
-4.25159978e-03 4.98976803e+00
-4.25040768e-03 4.98984909e+00
-4.25040768e-03 4.98985147e+00
-4.26352071e-03 4.98986197e+00
-4.26948117e-03 4.98990250e+00
-4.25040768e-03 4.98983479e+00
-4.23848676e-03 4.98978806e+00
-4.26113652e-03 4.98981667e+00
-4.26352071e-03 4.98970604e+00
-4.25636815e-03 4.98994780e+00
-4.25040768e-03 4.98995495e+00
-4.25636815e-03 4.98994684e+00
-4.25875233e-03 4.98992062e+00
-4.25517606e-03 4.98984766e+00
-4.27067326e-03 4.98980856e+00
-4.25040768e-03 4.98981810e+00
-4.26590489e-03 4.98989201e+00
-4.23133420e-03 4.98983479e+00
-4.24444722e-03 4.98988485e+00
-4.23848676e-03 4.98996210e+00
-4.24563931e-03 4.98986673e+00
-4.26709699e-03 4.98976326e+00
-4.25517606e-03 4.98979282e+00
-4.25517606e-03 4.98973560e+00
-4.27186536e-03 4.98982763e+00
-4.25756024e-03 4.98982859e+00
-4.24444722e-03 4.98969030e+00
-4.25279187e-03 4.98991203e+00
-4.25398396e-03 4.98983955e+00
-4.26352071e-03 4.98979664e+00
-4.26709699e-03 4.98996830e+00
-4.26352071e-03 4.98985958e+00
-4.24683141e-03 4.98977757e+00
-4.26232861e-03 4.98990011e+00
-4.23967885e-03 4.98981667e+00
-4.24325513e-03 4.98985386e+00
-4.26352071e-03 4.98988342e+00
-4.25040768e-03 4.98983002e+00
-4.26948117e-03 4.98979759e+00
-4.24444722e-03 4.98993731e+00
-4.25279187e-03 4.98988724e+00
-4.26709699e-03 4.98994303e+00
-4.26232861e-03 4.98973703e+00
-4.25636815e-03 4.98973227e+00
-4.25636815e-03 4.98979759e+00
-4.24921559e-03 4.98999929e+00
-4.26113652e-03 4.98983812e+00
-4.26232861e-03 4.98982525e+00
-4.26471280e-03 4.98980713e+00
-4.25517606e-03 4.98995256e+00
-4.24921559e-03 4.98985386e+00
-4.26352071e-03 4.98991680e+00
-4.25994443e-03 4.98999929e+00
-4.26709699e-03 4.98990250e+00
-4.25279187e-03 4.98982382e+00
-4.26471280e-03 4.98991108e+00
-4.25159978e-03 4.98980951e+00
-4.24325513e-03 4.98983479e+00
-4.27544164e-03 4.98978090e+00
-4.25756024e-03 4.98998117e+00
-4.25040768e-03 4.99000883e+00
-4.26352071e-03 4.98991919e+00
-4.24444722e-03 4.98976564e+00
-4.27305745e-03 4.98982620e+00
-4.26471280e-03 4.98994541e+00
-4.25994443e-03 4.98986912e+00
-4.25994443e-03 4.98988008e+00
-4.24444722e-03 4.98982048e+00
-4.23252629e-03 4.98980141e+00
-4.26352071e-03 4.98982525e+00
-4.23967885e-03 4.99000406e+00
-4.25994443e-03 4.98997307e+00
-4.26113652e-03 4.98985863e+00
-4.24802350e-03 4.98977280e+00
-4.26113652e-03 4.98982763e+00
-4.24683141e-03 4.98985004e+00
-4.24921559e-03 4.99002552e+00
-4.25875233e-03 4.98971176e+00
-4.25279187e-03 4.98986912e+00
-4.24802350e-03 4.98994207e+00
-4.26352071e-03 4.98989296e+00
-4.24206303e-03 4.98991346e+00
-4.23491048e-03 4.98980856e+00
-4.23133420e-03 4.98986578e+00
-4.25040768e-03 4.98992300e+00
-4.26709699e-03 4.98981905e+00
-4.25279187e-03 4.98984528e+00
-4.25517606e-03 4.98984051e+00
-4.24921559e-03 4.98996210e+00
-4.25517606e-03 4.98984194e+00
-4.24087094e-03 4.98991823e+00
-4.28259419e-03 4.98987055e+00
-4.24802350e-03 4.98984909e+00
-4.27305745e-03 4.98995399e+00
-4.24325513e-03 4.98995399e+00
-4.23848676e-03 4.98986435e+00
-4.27901791e-03 4.98992538e+00
-4.25159978e-03 4.98986816e+00
-4.26590489e-03 4.98994303e+00
-4.27663373e-03 4.98991203e+00
-4.24087094e-03 4.98987532e+00
-4.25517606e-03 4.98995018e+00
-4.25040768e-03 4.99007559e+00
-4.25159978e-03 4.98988724e+00
-4.26471280e-03 4.98992538e+00
-4.27544164e-03 4.98994207e+00
-4.25279187e-03 4.98984766e+00
-4.26590489e-03 4.98981667e+00
-4.25398396e-03 4.98970222e+00
-4.25398396e-03 4.98984289e+00
-4.27305745e-03 4.98990965e+00
-4.26352071e-03 4.98990393e+00
-4.26113652e-03 4.98986912e+00
-4.27663373e-03 4.98992062e+00
-4.25636815e-03 4.98979902e+00
-4.23848676e-03 4.98988342e+00
-4.25398396e-03 4.98995972e+00
-4.26352071e-03 4.98990250e+00
-4.25279187e-03 4.98993015e+00
-4.25040768e-03 4.98983479e+00
-4.26828908e-03 4.98995638e+00
-4.25159978e-03 4.98990870e+00
-4.27186536e-03 4.98984432e+00
-4.26471280e-03 4.98979902e+00
-4.27544164e-03 4.98990870e+00
-4.26113652e-03 4.98984432e+00
-4.25994443e-03 4.98998356e+00
-4.24802350e-03 4.98991823e+00
-4.25517606e-03 4.98990631e+00
-4.25279187e-03 4.99006128e+00
-4.25994443e-03 4.98998976e+00
-4.26232861e-03 4.98990393e+00
-4.25040768e-03 4.98995495e+00
-4.27067326e-03 4.98986673e+00
-4.24921559e-03 4.98986435e+00
-4.25159978e-03 4.98999453e+00
-4.26828908e-03 4.98983955e+00
-4.26352071e-03 4.99001217e+00
-4.25875233e-03 4.98996592e+00
-4.26590489e-03 4.98995876e+00
-4.24802350e-03 4.99003124e+00
-4.25040768e-03 4.98996449e+00
-4.26709699e-03 4.98994446e+00
-4.25517606e-03 4.98982859e+00
-4.26709699e-03 4.98999691e+00
-4.24325513e-03 4.98996115e+00
-4.25159978e-03 4.99001217e+00
-4.26113652e-03 4.99000883e+00
-4.26471280e-03 4.98978710e+00
-4.27663373e-03 4.99009943e+00
-4.26471280e-03 4.99000978e+00
-4.25279187e-03 4.98985863e+00
-4.26471280e-03 4.98987389e+00
-4.26352071e-03 4.98993015e+00
-4.26948117e-03 4.98990726e+00
-4.26471280e-03 4.98996830e+00
-4.26113652e-03 4.98983240e+00
-4.26232861e-03 4.98993111e+00
-4.25875233e-03 4.98997545e+00
-4.25517606e-03 4.98994541e+00
-4.25994443e-03 4.98996449e+00
-4.23610257e-03 4.98993015e+00
-4.23491048e-03 4.99006701e+00
-4.27067326e-03 4.98988724e+00
-4.25756024e-03 4.98986578e+00
-4.26232861e-03 4.98992300e+00
-4.25279187e-03 4.99001360e+00
-4.25875233e-03 4.99009085e+00
-4.25040768e-03 4.98988724e+00
-4.25517606e-03 4.99000168e+00
-4.26948117e-03 4.99012327e+00
-4.27424954e-03 4.98990965e+00
-4.25040768e-03 4.98999214e+00
-4.26113652e-03 4.98995161e+00
-4.25756024e-03 4.98984289e+00
-4.27424954e-03 4.99003983e+00
-4.25994443e-03 4.98998976e+00
-4.26352071e-03 4.99010181e+00
-4.24563931e-03 4.98995018e+00
-4.25040768e-03 4.99002552e+00
-4.25517606e-03 4.98994064e+00
-4.25636815e-03 4.98997402e+00
-4.25517606e-03 4.99000740e+00
-4.26113652e-03 4.99001598e+00
-4.24206303e-03 4.98998594e+00
-4.25756024e-03 4.98991823e+00
-4.25756024e-03 4.99007416e+00
-4.25517606e-03 4.99005413e+00
-4.24444722e-03 4.98997068e+00
-4.24563931e-03 4.99002171e+00
-4.25756024e-03 4.98992157e+00
-4.24563931e-03 4.98998737e+00
-4.27424954e-03 4.98994064e+00
-4.24683141e-03 4.99006939e+00
-4.23133420e-03 4.98997545e+00
-4.26948117e-03 4.99001837e+00
-4.24444722e-03 4.99014807e+00
-4.25517606e-03 4.99000406e+00
-4.25159978e-03 4.98998833e+00
-4.25040768e-03 4.99011612e+00
-4.26352071e-03 4.98985958e+00
-4.24563931e-03 4.98991823e+00
-4.25756024e-03 4.99000978e+00
-4.26590489e-03 4.98992538e+00
-4.22060536e-03 4.99000883e+00
-4.25398396e-03 4.99001455e+00
-4.24563931e-03 4.98993349e+00
-4.25875233e-03 4.99008369e+00
-4.26948117e-03 4.98994780e+00
-4.25279187e-03 4.98988724e+00
-4.24921559e-03 4.98995018e+00
-4.26232861e-03 4.98998022e+00
-4.25517606e-03 4.98993254e+00
-4.26828908e-03 4.98984432e+00
-4.26352071e-03 4.99001217e+00
-4.24921559e-03 4.98996925e+00
-4.24921559e-03 4.99000645e+00
-4.25756024e-03 4.98991442e+00
-4.24921559e-03 4.98990726e+00
-4.26471280e-03 4.98993826e+00
-4.25398396e-03 4.98997641e+00
-4.25875233e-03 4.99002790e+00
-4.26471280e-03 4.98995018e+00
-4.26113652e-03 4.99011946e+00
-4.26352071e-03 4.98992777e+00
-4.27067326e-03 4.98994780e+00
-4.25517606e-03 4.99010515e+00
-4.25636815e-03 4.99005508e+00
-4.25279187e-03 4.98998356e+00
-4.25517606e-03 4.99012184e+00
-4.23967885e-03 4.99007797e+00
-4.25994443e-03 4.99001932e+00
-4.26948117e-03 4.98986912e+00
-4.25040768e-03 4.99000406e+00
-4.25159978e-03 4.98993492e+00
-4.25636815e-03 4.98994064e+00
-4.24444722e-03 4.98998976e+00
-4.23848676e-03 4.98987627e+00
-4.26113652e-03 4.98987055e+00
-4.23252629e-03 4.98999214e+00
-4.27067326e-03 4.98985243e+00
-4.26113652e-03 4.98981810e+00
-4.24921559e-03 4.98993587e+00
-4.23133420e-03 4.98984051e+00
-4.26590489e-03 4.98985863e+00
-4.25875233e-03 4.98990965e+00
-4.23848676e-03 4.98999071e+00
-4.25040768e-03 4.98990965e+00
-4.25040768e-03 4.98987770e+00
-4.25636815e-03 4.98993349e+00
-4.27186536e-03 4.98989534e+00
-4.25159978e-03 4.98982620e+00
-4.25875233e-03 4.98988819e+00
-4.26828908e-03 4.99002314e+00
-4.25040768e-03 4.98983812e+00
-4.26113652e-03 4.99007797e+00
-4.24206303e-03 4.98981905e+00
-4.24802350e-03 4.98981810e+00
-4.24206303e-03 4.98986101e+00
-4.25756024e-03 4.98994064e+00
-4.25159978e-03 4.98989439e+00
-4.24206303e-03 4.98990965e+00
-4.25398396e-03 4.98991585e+00
-4.25040768e-03 4.98983812e+00
-4.26709699e-03 4.98987532e+00
-4.24087094e-03 4.98982859e+00
-4.24087094e-03 4.98984432e+00
-4.25398396e-03 4.98980856e+00
-4.25279187e-03 4.98988724e+00
-4.23848676e-03 4.98983002e+00
-4.25040768e-03 4.98991823e+00
-4.25159978e-03 4.98995733e+00
-4.26828908e-03 4.98995876e+00
-4.28378629e-03 4.98996449e+00
-4.25994443e-03 4.98987770e+00
-4.25040768e-03 4.98980236e+00
-4.25279187e-03 4.98987389e+00
-4.25636815e-03 4.98990965e+00
-4.24563931e-03 4.98992062e+00
-4.25159978e-03 4.98978472e+00
-4.25756024e-03 4.98987532e+00
-4.24802350e-03 4.98992062e+00
-4.23252629e-03 4.98985147e+00
-4.25875233e-03 4.98982620e+00
-4.25040768e-03 4.98998022e+00
-4.24444722e-03 4.98980856e+00
-4.24683141e-03 4.98993587e+00
-4.25756024e-03 4.98986197e+00
-4.25159978e-03 4.98984528e+00
-4.27544164e-03 4.98988104e+00
-4.25279187e-03 4.99003744e+00
-4.25636815e-03 4.98982048e+00
-4.26590489e-03 4.98984909e+00
-4.25875233e-03 4.98987770e+00
-4.24683141e-03 4.98993015e+00
-4.24087094e-03 4.98995399e+00
-4.27305745e-03 4.98991108e+00
-4.25636815e-03 4.98995733e+00
-4.26828908e-03 4.98980713e+00
-4.25517606e-03 4.98975468e+00
-4.25636815e-03 4.98989296e+00
-4.25159978e-03 4.99002552e+00
-4.25875233e-03 4.98991203e+00
-4.25159978e-03 4.98985720e+00
-4.26590489e-03 4.98991585e+00
-4.25756024e-03 4.98984051e+00
-4.26352071e-03 4.98985863e+00
-4.24802350e-03 4.98986435e+00
-4.24563931e-03 4.98993254e+00
-4.25398396e-03 4.98987770e+00
-4.25517606e-03 4.98997784e+00
-4.25636815e-03 4.98979664e+00
-4.25517606e-03 4.98998117e+00
-4.27424954e-03 4.98996830e+00
-4.26948117e-03 4.98986673e+00
-4.26590489e-03 4.98986197e+00
-4.25398396e-03 4.98986816e+00
-4.26232861e-03 4.98991585e+00
-4.25636815e-03 4.99002171e+00
-4.25756024e-03 4.99011469e+00
-4.26828908e-03 4.98976898e+00
-4.24683141e-03 4.98995638e+00
-4.25040768e-03 4.98998737e+00
-4.24206303e-03 4.98983335e+00
-4.25517606e-03 4.98988104e+00
-4.25756024e-03 4.98984909e+00
-4.26471280e-03 4.98987055e+00
-4.26113652e-03 4.98997545e+00
-4.25636815e-03 4.98994541e+00
-4.24802350e-03 4.98992062e+00
-4.25636815e-03 4.98987293e+00
-4.24921559e-03 4.98994780e+00
-4.26590489e-03 4.98984051e+00
-4.25875233e-03 4.98981428e+00
-4.25159978e-03 4.98987150e+00
-4.26352071e-03 4.98987389e+00
-4.25875233e-03 4.98987150e+00
-4.27186536e-03 4.98990488e+00
-4.23491048e-03 4.98995495e+00
-4.25040768e-03 4.98995399e+00
-4.25517606e-03 4.98988485e+00
-4.26590489e-03 4.98993254e+00
-4.24921559e-03 4.98990154e+00
-4.26948117e-03 4.98999691e+00
-4.26352071e-03 4.98997641e+00
-4.25398396e-03 4.99000025e+00
-4.26113652e-03 4.98993492e+00
-4.26471280e-03 4.99009466e+00
-4.27186536e-03 4.98990870e+00
-4.23729466e-03 4.99012423e+00
-4.25875233e-03 4.98988342e+00
-4.25398396e-03 4.98995733e+00
-4.25398396e-03 4.98989534e+00
-4.25517606e-03 4.99003983e+00
-4.25040768e-03 4.98995972e+00
-4.23371838e-03 4.99005890e+00
-4.24802350e-03 4.98995972e+00
-4.25517606e-03 4.98994541e+00
-4.26471280e-03 4.99006939e+00
-4.25159978e-03 4.98985243e+00
-4.25636815e-03 4.98991919e+00
-4.25994443e-03 4.98988342e+00
-4.26471280e-03 4.98997879e+00
-4.25040768e-03 4.98997068e+00
-4.25040768e-03 4.98991680e+00
-4.26232861e-03 4.99004459e+00
-4.24206303e-03 4.99002171e+00
-4.25994443e-03 4.98984432e+00
-4.24325513e-03 4.98985624e+00
-4.26948117e-03 4.98984289e+00
-4.25279187e-03 4.98979664e+00
-4.25875233e-03 4.98983097e+00
-4.25398396e-03 4.98995399e+00
-4.23967885e-03 4.99000883e+00
-4.26352071e-03 4.98982763e+00
-4.24802350e-03 4.98989534e+00
-4.25159978e-03 4.98983479e+00
-4.24802350e-03 4.98983479e+00
-4.24444722e-03 4.98994923e+00
-4.24563931e-03 4.98992157e+00
-4.25159978e-03 4.98990870e+00
-4.26232861e-03 4.99000025e+00
-4.26352071e-03 4.98987293e+00
-4.25040768e-03 4.98980713e+00
-4.25159978e-03 4.98999691e+00
-4.25756024e-03 4.98976803e+00
-4.24444722e-03 4.99008608e+00
-4.22895001e-03 4.99003983e+00
-4.24921559e-03 4.98996210e+00
-4.25398396e-03 4.98988724e+00
-4.26352071e-03 4.98997068e+00
-4.23610257e-03 4.98991919e+00
-4.24563931e-03 4.98981810e+00
-4.26828908e-03 4.98992300e+00
-4.25159978e-03 4.98987627e+00
-4.25279187e-03 4.98988008e+00
-4.25517606e-03 4.98988008e+00
-4.24683141e-03 4.98999929e+00
-4.23610257e-03 4.98996687e+00
-4.24563931e-03 4.98996925e+00
-4.26113652e-03 4.98991919e+00
-4.25398396e-03 4.99006462e+00
-4.24921559e-03 4.99006128e+00
-4.26232861e-03 4.98984051e+00
-4.27067326e-03 4.98998737e+00
-4.26352071e-03 4.98996687e+00
-4.26828908e-03 4.98980856e+00
-4.26828908e-03 4.98986673e+00
-4.25279187e-03 4.98993826e+00
-4.25159978e-03 4.99005508e+00
-4.26590489e-03 4.99007654e+00
-4.26828908e-03 4.98994207e+00
-4.26352071e-03 4.98991919e+00
-4.28378629e-03 4.98997164e+00
-4.25398396e-03 4.98990965e+00
-4.24563931e-03 4.98994684e+00
-4.26948117e-03 4.98983097e+00
-4.23252629e-03 4.99001360e+00
-4.28497838e-03 4.98993254e+00
-4.26232861e-03 4.99001598e+00
-4.26232861e-03 4.98992777e+00
-4.26352071e-03 4.98999214e+00
-4.26113652e-03 4.98997545e+00
-4.25517606e-03 4.98999691e+00
-4.25756024e-03 4.98995256e+00
-4.24683141e-03 4.99006701e+00
-4.25994443e-03 4.99003267e+00
-4.25875233e-03 4.98993731e+00
-4.26709699e-03 4.98995018e+00
-4.24921559e-03 4.98998260e+00
-4.25994443e-03 4.98987865e+00
-4.26113652e-03 4.98990393e+00
-4.22537373e-03 4.98989439e+00
-4.27782582e-03 4.98989773e+00
-4.24921559e-03 4.98999786e+00
-4.27186536e-03 4.98995018e+00
-4.25875233e-03 4.98991346e+00
-4.26352071e-03 4.98988724e+00
-4.26232861e-03 4.99001932e+00
-4.25994443e-03 4.98986578e+00
-4.26590489e-03 4.99002886e+00
-4.24802350e-03 4.98998737e+00
-4.24921559e-03 4.98989296e+00
-4.25040768e-03 4.98993492e+00
-4.24802350e-03 4.98991203e+00
-4.25159978e-03 4.98992395e+00
-4.26471280e-03 4.98998833e+00
-4.25517606e-03 4.98979902e+00
-4.25756024e-03 4.98989058e+00
-4.26471280e-03 4.98998976e+00
-4.25040768e-03 4.98976898e+00
-4.26352071e-03 4.98987055e+00
-4.26590489e-03 4.98989439e+00
-4.26828908e-03 4.98998976e+00
-4.24444722e-03 4.98997641e+00
-4.24563931e-03 4.98999929e+00
-4.23848676e-03 4.98992157e+00
-4.27067326e-03 4.98986578e+00
-4.25398396e-03 4.98985004e+00
-4.24563931e-03 4.98991108e+00
-4.25994443e-03 4.98989534e+00
-4.25875233e-03 4.98999071e+00
-4.25517606e-03 4.98996687e+00
-4.24683141e-03 4.98980951e+00
-4.25875233e-03 4.98993492e+00
-4.24921559e-03 4.98983002e+00
-4.25756024e-03 4.98979902e+00
-4.23729466e-03 4.99006844e+00
-4.25159978e-03 4.99002647e+00
-4.26352071e-03 4.99005270e+00
-4.24802350e-03 4.98990154e+00
-4.26232861e-03 4.98993731e+00
-4.24683141e-03 4.99012327e+00
-4.25517606e-03 4.98983097e+00
-4.26709699e-03 4.98986340e+00
-4.24802350e-03 4.99000645e+00
-4.24206303e-03 4.98989534e+00
-4.27424954e-03 4.99013853e+00
-4.23729466e-03 4.98995972e+00
-4.25756024e-03 4.98995495e+00
-4.26828908e-03 4.98986816e+00
-4.23133420e-03 4.99006462e+00
-4.26948117e-03 4.98987293e+00
-4.24921559e-03 4.98991680e+00
-4.25517606e-03 4.98997545e+00
-4.25398396e-03 4.98996687e+00
-4.24921559e-03 4.98992538e+00
-4.25875233e-03 4.98989296e+00
-4.25398396e-03 4.98988962e+00
-4.24325513e-03 4.98995399e+00
-4.23967885e-03 4.98997641e+00
-4.24087094e-03 4.99004316e+00
-4.24921559e-03 4.98995876e+00
-4.25279187e-03 4.98985863e+00
-4.25636815e-03 4.99005175e+00
-4.24563931e-03 4.98985863e+00
-4.25994443e-03 4.98998356e+00
-4.25994443e-03 4.99010277e+00
-4.26590489e-03 4.99000263e+00
-4.26113652e-03 4.98992538e+00
-4.24921559e-03 4.98986197e+00
-4.25756024e-03 4.99006939e+00
-4.25875233e-03 4.98996925e+00
-4.25279187e-03 4.99015999e+00
-4.25279187e-03 4.99002790e+00
-4.25040768e-03 4.98997068e+00
-4.26232861e-03 4.98994303e+00
-4.25994443e-03 4.98999929e+00
-4.25875233e-03 4.99003744e+00
-4.26590489e-03 4.98997164e+00
-4.26709699e-03 4.98998260e+00
-4.25875233e-03 4.99000406e+00
-4.25517606e-03 4.99004221e+00
-4.27186536e-03 4.98995256e+00
-4.24563931e-03 4.98990488e+00
-4.24563931e-03 4.99002171e+00
-4.24563931e-03 4.98992634e+00
-4.25040768e-03 4.98996830e+00
-4.25279187e-03 4.98996592e+00
-4.25994443e-03 4.99000502e+00
-4.25994443e-03 4.99001598e+00
-4.25159978e-03 4.99003124e+00
-4.25994443e-03 4.99000502e+00
-4.26232861e-03 4.98998499e+00
-4.25756024e-03 4.99001360e+00
-4.24206303e-03 4.99005032e+00
-4.24921559e-03 4.98990393e+00
-4.25517606e-03 4.99000168e+00
-4.25279187e-03 4.98998260e+00
-4.23848676e-03 4.98998737e+00
-4.27782582e-03 4.99004459e+00
-4.23967885e-03 4.99008131e+00
-4.24921559e-03 4.98993492e+00
-4.25040768e-03 4.99001122e+00
-4.25636815e-03 4.99006701e+00
-4.24683141e-03 4.99000502e+00
-4.23848676e-03 4.99002790e+00
-4.26232861e-03 4.98990393e+00
-4.25636815e-03 4.99009228e+00
-4.25159978e-03 4.99008036e+00
-4.25040768e-03 4.99011469e+00
-4.25756024e-03 4.99005413e+00
-4.23491048e-03 4.98994303e+00
-4.25159978e-03 4.98990631e+00
-4.24802350e-03 4.99001122e+00
-4.25994443e-03 4.98995256e+00
-4.23729466e-03 4.98991346e+00
-4.23848676e-03 4.99000025e+00
-4.26232861e-03 4.99003601e+00
-4.26590489e-03 4.99013138e+00
-4.25636815e-03 4.99003029e+00
-4.27544164e-03 4.99010038e+00
-4.28140210e-03 4.99008274e+00
-4.24921559e-03 4.99001932e+00
-4.24444722e-03 4.98984432e+00
-4.24563931e-03 4.99009800e+00
-4.26352071e-03 4.99003839e+00
-4.24683141e-03 4.98999691e+00
-4.23491048e-03 4.99017096e+00
-4.23729466e-03 4.99004555e+00
-4.24206303e-03 4.98994923e+00
-4.25636815e-03 4.99005890e+00
-4.25756024e-03 4.98990393e+00
-4.26471280e-03 4.99005508e+00
-4.25159978e-03 4.99009085e+00
-4.24802350e-03 4.99001932e+00
-4.24921559e-03 4.98996353e+00
-4.25517606e-03 4.98992300e+00
-4.28021001e-03 4.98989916e+00
-4.24683141e-03 4.99009943e+00
-4.25159978e-03 4.98993015e+00
-4.23729466e-03 4.99003983e+00
-4.26352071e-03 4.99008846e+00
-4.25159978e-03 4.98988008e+00
-4.23729466e-03 4.99003124e+00
-4.25517606e-03 4.99008274e+00
-4.26232861e-03 4.99005413e+00
-4.25159978e-03 4.99011946e+00
-4.26828908e-03 4.98991442e+00
-4.26352071e-03 4.99003363e+00
-4.22298955e-03 4.99001598e+00
-4.24325513e-03 4.98997164e+00
-4.24921559e-03 4.98999548e+00
-4.26590489e-03 4.99011612e+00
-4.26232861e-03 4.99015045e+00
-4.26948117e-03 4.98998260e+00
-4.26709699e-03 4.98999929e+00
-4.23967885e-03 4.98999929e+00
-4.25756024e-03 4.99000406e+00
-4.24563931e-03 4.98998356e+00
-4.25994443e-03 4.98995972e+00
-4.24087094e-03 4.99014711e+00
-4.25636815e-03 4.99005032e+00
-4.25279187e-03 4.99001217e+00
-4.26828908e-03 4.98995018e+00
-4.25517606e-03 4.99005175e+00
-4.24921559e-03 4.99005270e+00
-4.25398396e-03 4.98997068e+00
-4.25756024e-03 4.98989916e+00
-4.26828908e-03 4.98995018e+00
-4.26709699e-03 4.99000502e+00
-4.24802350e-03 4.99012089e+00
-4.25756024e-03 4.99006939e+00
-4.26590489e-03 4.99013615e+00
-4.24921559e-03 4.98997641e+00
-4.27782582e-03 4.98985386e+00
-4.26352071e-03 4.98994064e+00
-4.25994443e-03 4.99000502e+00
-4.26113652e-03 4.99008036e+00
-4.24802350e-03 4.98998594e+00
-4.25756024e-03 4.99005651e+00
-4.25875233e-03 4.98995638e+00
-4.26232861e-03 4.98998976e+00
-4.25398396e-03 4.99003029e+00
-4.23729466e-03 4.98997068e+00
-4.27186536e-03 4.99003506e+00
-4.27186536e-03 4.99002552e+00
-4.24921559e-03 4.99001217e+00
-4.26709699e-03 4.99000168e+00
-4.24087094e-03 4.99006128e+00
-4.25279187e-03 4.99001360e+00
-4.27186536e-03 4.99001217e+00
-4.25159978e-03 4.99000978e+00
-4.24921559e-03 4.98997068e+00
-4.23729466e-03 4.98998833e+00
-4.26352071e-03 4.99000978e+00
-4.26590489e-03 4.99006605e+00
-4.25636815e-03 4.99002647e+00
-4.24444722e-03 4.99017334e+00
-4.27544164e-03 4.99015045e+00
-4.27186536e-03 4.98997307e+00
-4.26232861e-03 4.98998737e+00
-4.24206303e-03 4.99010754e+00
-4.23848676e-03 4.98997879e+00
-4.27067326e-03 4.99006462e+00
-4.26113652e-03 4.98999310e+00
-4.24325513e-03 4.99004316e+00
-4.27067326e-03 4.99011612e+00
-4.27663373e-03 4.98989058e+00
-4.24325513e-03 4.99003363e+00
-4.24683141e-03 4.99000978e+00
-4.25398396e-03 4.99012899e+00
-4.26828908e-03 4.99000263e+00
-4.26232861e-03 4.98999453e+00
-4.26113652e-03 4.99003744e+00
-4.25994443e-03 4.99002647e+00
-4.23371838e-03 4.98997879e+00
-4.25756024e-03 4.99005032e+00
-4.24563931e-03 4.99012804e+00
-4.24921559e-03 4.99013281e+00
-4.24921559e-03 4.98997164e+00
-4.25875233e-03 4.99000645e+00
-4.23371838e-03 4.99007082e+00
-4.27186536e-03 4.99008369e+00
-4.26709699e-03 4.99009800e+00
-4.24683141e-03 4.98995399e+00
-4.26709699e-03 4.98996830e+00
-4.25159978e-03 4.99009085e+00
-4.26232861e-03 4.99008608e+00
-4.27544164e-03 4.99008036e+00
-4.24683141e-03 4.99006128e+00
-4.25636815e-03 4.99006367e+00
-4.26113652e-03 4.99006224e+00
-4.27544164e-03 4.99007416e+00
-4.25994443e-03 4.99009800e+00
-4.25159978e-03 4.99006939e+00
-4.27901791e-03 4.99014807e+00
-4.26709699e-03 4.98997879e+00
-4.26232861e-03 4.98997545e+00
-4.27782582e-03 4.99011135e+00
-4.26590489e-03 4.98996353e+00
-4.24325513e-03 4.99004078e+00
-4.25279187e-03 4.99005651e+00
-4.25875233e-03 4.99004078e+00
-4.26471280e-03 4.99012566e+00
-4.26232861e-03 4.99014473e+00
-4.25636815e-03 4.99007654e+00
-4.25279187e-03 4.99003124e+00
-4.26113652e-03 4.99007320e+00
-4.25398396e-03 4.99003839e+00
-4.26590489e-03 4.99007893e+00
-4.25040768e-03 4.99005032e+00
-4.26471280e-03 4.99008369e+00
-4.26232861e-03 4.99001217e+00
-4.27663373e-03 4.99003124e+00
-4.24802350e-03 4.99000645e+00
-4.28497838e-03 4.99005508e+00
-4.24325513e-03 4.99011612e+00
-4.25159978e-03 4.98992634e+00
-4.26352071e-03 4.99012423e+00
-4.25398396e-03 4.99006939e+00
-4.26948117e-03 4.99003744e+00
-4.24921559e-03 4.99005413e+00
-4.24921559e-03 4.99004078e+00
-4.25636815e-03 4.98997879e+00
-4.24921559e-03 4.99007654e+00
-4.24563931e-03 4.98990393e+00
-4.26828908e-03 4.99005985e+00
-4.25398396e-03 4.98991823e+00
-4.26590489e-03 4.99002314e+00
-4.25040768e-03 4.99009562e+00
-4.26232861e-03 4.99012327e+00
-4.26232861e-03 4.99020672e+00
-4.25636815e-03 4.99003267e+00
-4.25994443e-03 4.99014473e+00
-4.25756024e-03 4.99011469e+00
-4.27186536e-03 4.99010038e+00
-4.25159978e-03 4.99010658e+00
-4.24802350e-03 4.99005032e+00
-4.26828908e-03 4.98990393e+00
-4.25756024e-03 4.99018049e+00
-4.26590489e-03 4.99005175e+00
-4.25398396e-03 4.99007797e+00
-4.25636815e-03 4.99008512e+00
-4.26352071e-03 4.99000645e+00
-4.25636815e-03 4.99006224e+00
-4.27186536e-03 4.99015760e+00
-4.22895001e-03 4.98996449e+00
-4.25875233e-03 4.98990965e+00
-4.25875233e-03 4.98994684e+00
-4.25994443e-03 4.99000502e+00
-4.25279187e-03 4.99000406e+00
-4.25756024e-03 4.99008846e+00
-4.25636815e-03 4.99005270e+00
-4.26709699e-03 4.99012184e+00
-4.26709699e-03 4.99007559e+00
-4.24206303e-03 4.99018526e+00
-4.26113652e-03 4.99008512e+00
-4.25279187e-03 4.99004316e+00
-4.27067326e-03 4.99013281e+00
-4.24802350e-03 4.99003267e+00
-4.24802350e-03 4.99012423e+00
-4.25159978e-03 4.99007797e+00
-4.24325513e-03 4.98999310e+00
-4.25279187e-03 4.99007082e+00
-4.25994443e-03 4.99003363e+00
-4.25279187e-03 4.99015903e+00
-4.25517606e-03 4.99007416e+00
-4.26709699e-03 4.99010277e+00
-4.27544164e-03 4.99013281e+00
-4.26828908e-03 4.99002552e+00
-4.25398396e-03 4.98997641e+00
-4.27186536e-03 4.99016142e+00
-4.25756024e-03 4.98990250e+00
-4.24921559e-03 4.99017668e+00
-4.26948117e-03 4.99003124e+00
-4.26232861e-03 4.99013376e+00
-4.24087094e-03 4.99007177e+00
-4.26352071e-03 4.99011135e+00
-4.25040768e-03 4.99014473e+00
-4.25040768e-03 4.98998499e+00
-4.24444722e-03 4.99013138e+00
-4.24802350e-03 4.98996830e+00
-4.25159978e-03 4.99008036e+00
-4.26471280e-03 4.99003267e+00
-4.26471280e-03 4.99006605e+00
-4.25040768e-03 4.98998356e+00
-4.26590489e-03 4.99019575e+00
-4.24921559e-03 4.99019241e+00
-4.25040768e-03 4.99003983e+00
-4.26828908e-03 4.99024963e+00
-4.27305745e-03 4.99015522e+00
-4.26352071e-03 4.99011707e+00
-4.25636815e-03 4.99010038e+00
-4.26709699e-03 4.99002171e+00
-4.26232861e-03 4.99007797e+00
-4.25398396e-03 4.99011946e+00
-4.25279187e-03 4.99013615e+00
-4.26709699e-03 4.99017191e+00
-4.24206303e-03 4.99010515e+00
-4.25279187e-03 4.99007559e+00
-4.27186536e-03 4.99009562e+00
-4.25398396e-03 4.99020433e+00
-4.24444722e-03 4.99003267e+00
-4.26113652e-03 4.98989296e+00
-4.25994443e-03 4.99022675e+00
-4.26471280e-03 4.99011469e+00
-4.26590489e-03 4.99019957e+00
-4.24683141e-03 4.99016476e+00
-4.27067326e-03 4.99022436e+00
-4.25398396e-03 4.99010277e+00
-4.25159978e-03 4.99014091e+00
-4.27067326e-03 4.99014473e+00
-4.25159978e-03 4.99001122e+00
-4.23967885e-03 4.99001122e+00
-4.24921559e-03 4.99021482e+00
-4.25994443e-03 4.99018764e+00
-4.25159978e-03 4.99010038e+00
-4.26113652e-03 4.99010277e+00
-4.24683141e-03 4.99009562e+00
-4.25159978e-03 4.99003601e+00
-4.26352071e-03 4.99019575e+00
-4.25636815e-03 4.98990154e+00
-4.25040768e-03 4.98999929e+00
-4.25994443e-03 4.99017334e+00
-4.24802350e-03 4.98995638e+00
-4.24444722e-03 4.99000740e+00
-4.26828908e-03 4.99013138e+00
-4.25398396e-03 4.99010992e+00
-4.26471280e-03 4.99009800e+00
-4.24802350e-03 4.99012661e+00
-4.25040768e-03 4.99007893e+00
-4.26352071e-03 4.99020195e+00
-4.24683141e-03 4.99012566e+00
-4.24444722e-03 4.99017429e+00
-4.25040768e-03 4.99018049e+00
-4.24444722e-03 4.99009943e+00
-4.25994443e-03 4.99014473e+00
-4.26948117e-03 4.99026012e+00
-4.26232861e-03 4.99027586e+00
-4.26352071e-03 4.99000168e+00
-4.24683141e-03 4.99007559e+00
-4.26471280e-03 4.99004698e+00
-4.26828908e-03 4.99013853e+00
-4.25517606e-03 4.99028063e+00
-4.26828908e-03 4.99016142e+00
-4.25040768e-03 4.99015903e+00
-4.25875233e-03 4.99005032e+00
-4.25636815e-03 4.99003744e+00
-4.25756024e-03 4.99006128e+00
-4.25040768e-03 4.99013758e+00
-4.25875233e-03 4.99008369e+00
-4.26590489e-03 4.99022579e+00
-4.25994443e-03 4.99000978e+00
-4.24921559e-03 4.99007320e+00
-4.26471280e-03 4.99013519e+00
-4.24683141e-03 4.99026728e+00
-4.25994443e-03 4.99016237e+00
-4.27186536e-03 4.99018621e+00
-4.25636815e-03 4.99012423e+00
-4.24206303e-03 4.99014330e+00
-4.27186536e-03 4.99011612e+00
-4.23729466e-03 4.99030066e+00
-4.24683141e-03 4.99010515e+00
-4.24087094e-03 4.99004793e+00
-4.27067326e-03 4.99018526e+00
-4.25994443e-03 4.99007559e+00
-4.26113652e-03 4.99019003e+00
-4.24802350e-03 4.99013042e+00
-4.26471280e-03 4.99012899e+00
-4.25398396e-03 4.99020529e+00
-4.25517606e-03 4.99021721e+00
-4.25398396e-03 4.99021387e+00
-4.24683141e-03 4.99014330e+00
-4.27305745e-03 4.99032688e+00
-4.27067326e-03 4.99006939e+00
-4.24921559e-03 4.99006224e+00
-4.28140210e-03 4.99015665e+00
-4.27544164e-03 4.99025202e+00
-4.25159978e-03 4.99010181e+00
-4.25636815e-03 4.99015760e+00
-4.27782582e-03 4.99008131e+00
-4.26232861e-03 4.99022675e+00
-4.25756024e-03 4.99014711e+00
-4.26113652e-03 4.99009943e+00
-4.26590489e-03 4.99005985e+00
-4.26113652e-03 4.99007416e+00
-4.26471280e-03 4.99011135e+00
-4.24921559e-03 4.99019718e+00
-4.25159978e-03 4.99006462e+00
-4.24087094e-03 4.99009466e+00
-4.26590489e-03 4.99022198e+00
-4.26232861e-03 4.99014568e+00
-4.25517606e-03 4.99021006e+00
-4.25159978e-03 4.99007177e+00
-4.24921559e-03 4.99007797e+00
-4.26709699e-03 4.99019814e+00
-4.25279187e-03 4.99018145e+00
-4.25398396e-03 4.99010181e+00
-4.25994443e-03 4.99010515e+00
-4.25517606e-03 4.99021482e+00
-4.25636815e-03 4.99012089e+00
-4.24921559e-03 4.99019575e+00
-4.26828908e-03 4.99009562e+00
-4.24921559e-03 4.99014235e+00
-4.25517606e-03 4.99026966e+00
-4.24802350e-03 4.99024820e+00
-4.25159978e-03 4.99014091e+00
-4.24921559e-03 4.99018764e+00
-4.28021001e-03 4.99030781e+00
-4.25994443e-03 4.99018288e+00
-4.25040768e-03 4.99019480e+00
-4.23610257e-03 4.99022913e+00
-4.25398396e-03 4.99019337e+00
-4.27305745e-03 4.99011230e+00
-4.25994443e-03 4.99010754e+00
-4.24683141e-03 4.99005890e+00
-4.25756024e-03 4.99017096e+00
-4.24087094e-03 4.99029255e+00
-4.26709699e-03 4.99007797e+00
-4.25756024e-03 4.99023390e+00
-4.24802350e-03 4.99011946e+00
-4.24921559e-03 4.99022102e+00
-4.26590489e-03 4.99008131e+00
-4.25279187e-03 4.99020052e+00
-4.26471280e-03 4.99021626e+00
-4.25040768e-03 4.99021006e+00
-4.24563931e-03 4.99011850e+00
-4.24325513e-03 4.99012661e+00
-4.27067326e-03 4.99021149e+00
-4.25040768e-03 4.99011374e+00
-4.24563931e-03 4.98997068e+00
-4.25994443e-03 4.99016619e+00
-4.25159978e-03 4.99009562e+00
-4.25636815e-03 4.99012566e+00
-4.25636815e-03 4.99008512e+00
-4.25517606e-03 4.99015427e+00
-4.26232861e-03 4.99019241e+00
-4.25279187e-03 4.99005747e+00
-4.25517606e-03 4.99020195e+00
-4.26113652e-03 4.99024725e+00
-4.27186536e-03 4.99011612e+00
-4.24802350e-03 4.99013853e+00
-4.26113652e-03 4.99021959e+00
-4.25159978e-03 4.99018145e+00
-4.26471280e-03 4.99032450e+00
-4.25636815e-03 4.99001122e+00
-4.24921559e-03 4.99017906e+00
-4.24921559e-03 4.99014711e+00
-4.25279187e-03 4.99022102e+00
-4.26471280e-03 4.99021387e+00
-4.26590489e-03 4.99022102e+00
-4.25279187e-03 4.99017668e+00
-4.25040768e-03 4.99009228e+00
-4.26471280e-03 4.99014950e+00
-4.26232861e-03 4.99022675e+00
-4.26113652e-03 4.99013996e+00
-4.25159978e-03 4.99006367e+00
-4.26113652e-03 4.99013853e+00
-4.26352071e-03 4.99021959e+00
-4.26113652e-03 4.99025297e+00
-4.26590489e-03 4.99013615e+00
-4.25159978e-03 4.99016380e+00
-4.26471280e-03 4.99035311e+00
-4.26709699e-03 4.99015427e+00
-4.26352071e-03 4.99019241e+00
-4.25279187e-03 4.99030685e+00
-4.25279187e-03 4.99009705e+00
-4.24921559e-03 4.99024248e+00
-4.23967885e-03 4.99022818e+00
-4.27067326e-03 4.99025774e+00
-4.24325513e-03 4.99018383e+00
-4.24921559e-03 4.99002075e+00
-4.26828908e-03 4.99007559e+00
-4.25636815e-03 4.99010038e+00
-4.26113652e-03 4.99011850e+00
-4.27663373e-03 4.99020529e+00
-4.25636815e-03 4.99003267e+00
-4.26232861e-03 4.99020433e+00
-4.27782582e-03 4.99004793e+00
-4.25756024e-03 4.99022436e+00
-4.24802350e-03 4.99024963e+00
-4.23848676e-03 4.99008512e+00
-4.25040768e-03 4.99019718e+00
-4.25756024e-03 4.99017429e+00
-4.25636815e-03 4.99016476e+00
-4.25517606e-03 4.99015427e+00
-4.23967885e-03 4.99021721e+00
-4.25517606e-03 4.99015665e+00
-4.25398396e-03 4.98999786e+00
-4.25279187e-03 4.99015665e+00
-4.24444722e-03 4.99011135e+00
-4.25994443e-03 4.99009705e+00
-4.26471280e-03 4.99012089e+00
-4.25040768e-03 4.99012899e+00
-4.25636815e-03 4.99020767e+00
-4.24683141e-03 4.99015760e+00
-4.24921559e-03 4.99021482e+00
-4.25279187e-03 4.99015999e+00
-4.25994443e-03 4.99020910e+00
-4.27067326e-03 4.99023867e+00
-4.26352071e-03 4.99012089e+00
-4.24921559e-03 4.99025202e+00
-4.26471280e-03 4.99021959e+00
-4.24206303e-03 4.99028063e+00
-4.25756024e-03 4.99010897e+00
-4.25756024e-03 4.99025536e+00
-4.24921559e-03 4.99016857e+00
-4.24087094e-03 4.99022436e+00
-4.26948117e-03 4.99019003e+00
-4.26471280e-03 4.99013615e+00
-4.27186536e-03 4.99015427e+00
-4.23967885e-03 4.99012661e+00
-4.25279187e-03 4.99016714e+00
-4.26709699e-03 4.99003983e+00
-4.25279187e-03 4.99019480e+00
-4.23610257e-03 4.99014235e+00
-4.25517606e-03 4.99009228e+00
-4.26948117e-03 4.99010897e+00
-4.26113652e-03 4.99020290e+00
-4.24563931e-03 4.99008989e+00
-4.27186536e-03 4.99015903e+00
-4.25398396e-03 4.99019241e+00
-4.25875233e-03 4.99011612e+00
-4.25756024e-03 4.99012184e+00
-4.25994443e-03 4.99027443e+00
-4.25875233e-03 4.99019575e+00
-4.25636815e-03 4.99015284e+00
-4.25279187e-03 4.99022675e+00
-4.25636815e-03 4.99011230e+00
-4.28497838e-03 4.99028873e+00
-4.25517606e-03 4.99019814e+00
-4.25756024e-03 4.99031401e+00
-4.25994443e-03 4.99020290e+00
-4.26828908e-03 4.99016237e+00
-4.26590489e-03 4.99029589e+00
-4.24683141e-03 4.99018621e+00
-4.26113652e-03 4.99021959e+00
-4.25040768e-03 4.99009323e+00
-4.26113652e-03 4.99018145e+00
-4.25994443e-03 4.99026966e+00
-4.24921559e-03 4.99024963e+00
-4.27424954e-03 4.99020433e+00
-4.25279187e-03 4.99012184e+00
-4.25517606e-03 4.99026632e+00
-4.25994443e-03 4.99020052e+00
-4.27186536e-03 4.99014473e+00
-4.23491048e-03 4.99013615e+00
-4.25517606e-03 4.99025774e+00
-4.24683141e-03 4.99024487e+00
-4.25279187e-03 4.99006224e+00
-4.26232861e-03 4.99026728e+00
-4.26232861e-03 4.99015045e+00
-4.26828908e-03 4.99018049e+00
-4.25756024e-03 4.99009562e+00
-4.25875233e-03 4.99014235e+00
-4.26113652e-03 4.99017906e+00
-4.24444722e-03 4.99022675e+00
-4.27067326e-03 4.99000406e+00
-4.25875233e-03 4.99013138e+00
-4.24921559e-03 4.98997641e+00
-4.23729466e-03 4.99020433e+00
-4.25994443e-03 4.99017572e+00
-4.24325513e-03 4.99017811e+00
-4.25040768e-03 4.99007416e+00
-4.23491048e-03 4.99022818e+00
-4.26828908e-03 4.99015188e+00
-4.26948117e-03 4.99018621e+00
-4.26113652e-03 4.99018383e+00
-4.26352071e-03 4.99019575e+00
-4.24325513e-03 4.99008751e+00
-4.24563931e-03 4.99017811e+00
-4.25636815e-03 4.99013376e+00
-4.25040768e-03 4.99025297e+00
-4.26828908e-03 4.99026012e+00
-4.25040768e-03 4.99010181e+00
-4.23371838e-03 4.99017191e+00
-4.25636815e-03 4.99021482e+00
-4.25279187e-03 4.99019575e+00
-4.24683141e-03 4.99026155e+00
-4.24921559e-03 4.99026251e+00
-4.27305745e-03 4.99015284e+00
-4.24325513e-03 4.99013138e+00
-4.26352071e-03 4.99007416e+00
-4.25994443e-03 4.99024820e+00
-4.25994443e-03 4.99030447e+00
-4.25875233e-03 4.99022675e+00
-4.26113652e-03 4.99016142e+00
-4.23848676e-03 4.99009323e+00
-4.25517606e-03 4.99034357e+00
-4.24206303e-03 4.99022341e+00
-4.26232861e-03 4.99012327e+00
-4.24444722e-03 4.99028063e+00
-4.25517606e-03 4.99016619e+00
-4.24563931e-03 4.99012661e+00
-4.25040768e-03 4.99015665e+00
-4.26471280e-03 4.99027586e+00
-4.25756024e-03 4.99027824e+00
-4.24444722e-03 4.99023867e+00
-4.25279187e-03 4.99019098e+00
-4.24563931e-03 4.99012089e+00
-4.28021001e-03 4.99007797e+00
-4.26232861e-03 4.99023390e+00
-4.26232861e-03 4.99013758e+00
-4.24921559e-03 4.99016714e+00
-4.26590489e-03 4.99007320e+00
-4.25636815e-03 4.99017668e+00
-4.26471280e-03 4.99009466e+00
-4.25517606e-03 4.99017906e+00
-4.26590489e-03 4.99019241e+00
-4.25279187e-03 4.99010038e+00
-4.25279187e-03 4.99010658e+00
-4.25636815e-03 4.99028397e+00
-4.25279187e-03 4.99025297e+00
-4.24563931e-03 4.99024010e+00
-4.28021001e-03 4.99019098e+00
-4.24325513e-03 4.99017334e+00
-4.24921559e-03 4.99007654e+00
-4.26948117e-03 4.99034119e+00
-4.25756024e-03 4.99024582e+00
-4.24683141e-03 4.99007797e+00
-4.24683141e-03 4.99017668e+00
-4.26232861e-03 4.99026155e+00
-4.25398396e-03 4.99018526e+00
-4.27782582e-03 4.99020767e+00
-4.25756024e-03 4.99010515e+00
-4.26709699e-03 4.99025297e+00
-4.26590489e-03 4.99017334e+00
-4.24444722e-03 4.99019718e+00
-4.25159978e-03 4.99010181e+00
-4.25398396e-03 4.99028301e+00
-4.26471280e-03 4.99021959e+00
-4.25398396e-03 4.99015665e+00
-4.26590489e-03 4.99013615e+00
-4.25159978e-03 4.99018288e+00
-4.25994443e-03 4.99023771e+00
-4.25159978e-03 4.99021006e+00
-4.24325513e-03 4.99026489e+00
-4.26232861e-03 4.99025297e+00
-4.23848676e-03 4.99019003e+00
-4.25040768e-03 4.99021149e+00
-4.25159978e-03 4.99030924e+00
-4.25636815e-03 4.99020767e+00
-4.25756024e-03 4.99010897e+00
-4.23848676e-03 4.99022198e+00
-4.26471280e-03 4.99022675e+00
-4.25636815e-03 4.99030447e+00
-4.25875233e-03 4.99021387e+00
-4.25875233e-03 4.99033403e+00
-4.24444722e-03 4.99022102e+00
-4.26113652e-03 4.99022102e+00
-4.25756024e-03 4.99016142e+00
-4.26948117e-03 4.99021149e+00
-4.26113652e-03 4.99020052e+00
-4.27305745e-03 4.99022818e+00
-4.24206303e-03 4.99021149e+00
-4.24683141e-03 4.99021387e+00
-4.26232861e-03 4.99019098e+00
-4.26113652e-03 4.99026012e+00
-4.25994443e-03 4.99020910e+00
-4.25994443e-03 4.99034500e+00
-4.25517606e-03 4.99019098e+00
-4.24921559e-03 4.99029016e+00
-4.25756024e-03 4.99028397e+00
-4.27305745e-03 4.99016380e+00
-4.26232861e-03 4.99020195e+00
-4.26113652e-03 4.99022913e+00
-4.27544164e-03 4.99023056e+00
-4.25040768e-03 4.99016476e+00
-4.26113652e-03 4.99030447e+00
-4.27186536e-03 4.99030304e+00
-4.26948117e-03 4.99023056e+00
-4.25398396e-03 4.99032116e+00
-4.25279187e-03 4.99022579e+00
-4.24325513e-03 4.99037218e+00
-4.25159978e-03 4.99026012e+00
-4.25159978e-03 4.99028301e+00
-4.27544164e-03 4.99020767e+00
-4.25279187e-03 4.99024248e+00
-4.26709699e-03 4.99022818e+00
-4.23610257e-03 4.99025202e+00
-4.24325513e-03 4.99024820e+00
-4.27782582e-03 4.99033403e+00
-4.27067326e-03 4.99028397e+00
-4.25994443e-03 4.99026012e+00
-4.25636815e-03 4.99012423e+00
-4.25398396e-03 4.99028158e+00
-4.26590489e-03 4.99028873e+00
-4.24802350e-03 4.99014711e+00
-4.25040768e-03 4.99026489e+00
-4.25159978e-03 4.99031162e+00
-4.27186536e-03 4.99023771e+00
-4.26828908e-03 4.99017811e+00
-4.23967885e-03 4.99031496e+00
-4.27067326e-03 4.99021244e+00
-4.26113652e-03 4.99027109e+00
-4.26709699e-03 4.99023867e+00
-4.25398396e-03 4.99021149e+00
-4.25040768e-03 4.99025917e+00
-4.24563931e-03 4.99021959e+00
-4.25398396e-03 4.99013996e+00
-4.26471280e-03 4.99018383e+00
-4.26232861e-03 4.99020052e+00
-4.25279187e-03 4.99023867e+00
-4.24921559e-03 4.99028158e+00
-4.24325513e-03 4.99017811e+00
-4.26113652e-03 4.99019003e+00
-4.25875233e-03 4.99015760e+00
-4.26828908e-03 4.99016476e+00
-4.24683141e-03 4.99033785e+00
-4.27305745e-03 4.99032688e+00
-4.25636815e-03 4.99021387e+00
-4.25040768e-03 4.99021959e+00
-4.27186536e-03 4.99024248e+00
-4.24802350e-03 4.99027681e+00
-4.25994443e-03 4.99015427e+00
-4.24683141e-03 4.99029493e+00
-4.27424954e-03 4.99026489e+00
-4.23491048e-03 4.99035215e+00
-4.24683141e-03 4.99022341e+00
-4.26471280e-03 4.99034023e+00
-4.27424954e-03 4.99026871e+00
-4.24325513e-03 4.99022818e+00
-4.25994443e-03 4.99038076e+00
-4.25875233e-03 4.99034739e+00
-4.25875233e-03 4.99009228e+00
-4.25040768e-03 4.99043083e+00
-4.25994443e-03 4.99022102e+00
-4.25398396e-03 4.99026251e+00
-4.22537373e-03 4.99019480e+00
-4.26471280e-03 4.99027586e+00
-4.27782582e-03 4.99022198e+00
-4.26113652e-03 4.99022436e+00
-4.25756024e-03 4.99032688e+00
-4.24444722e-03 4.99021149e+00
-4.27067326e-03 4.99025440e+00
-4.26232861e-03 4.99028063e+00
-4.27305745e-03 4.99019814e+00
-4.24325513e-03 4.99027443e+00
-4.25756024e-03 4.99043560e+00
-4.26471280e-03 4.99026155e+00
-4.24683141e-03 4.99021006e+00
-4.26113652e-03 4.99036980e+00
-4.25279187e-03 4.99025774e+00
-4.24206303e-03 4.99037457e+00
-4.26590489e-03 4.99023151e+00
-4.27186536e-03 4.99029970e+00
-4.25994443e-03 4.99029112e+00
-4.24325513e-03 4.99016953e+00
-4.26352071e-03 4.99036503e+00
-4.25159978e-03 4.99036503e+00
-4.25279187e-03 4.99032927e+00
-4.24683141e-03 4.99035692e+00
-4.26828908e-03 4.99017572e+00
-4.25756024e-03 4.99023151e+00
-4.25994443e-03 4.99025202e+00
-4.25875233e-03 4.99018621e+00
-4.25040768e-03 4.99018288e+00
-4.24206303e-03 4.99021626e+00
-4.26352071e-03 4.99019241e+00
-4.24444722e-03 4.99025297e+00
-4.25875233e-03 4.99028635e+00
-4.25398396e-03 4.99017096e+00
-4.25517606e-03 4.99027205e+00
-4.24563931e-03 4.99033785e+00
-4.24683141e-03 4.99030209e+00
-4.24683141e-03 4.99034500e+00
-4.25040768e-03 4.99021959e+00
-4.26590489e-03 4.99025679e+00
-4.25159978e-03 4.99024963e+00
-4.25994443e-03 4.99011374e+00
-4.25159978e-03 4.99027109e+00
-4.23848676e-03 4.99021006e+00
-4.26352071e-03 4.99020433e+00
-4.24802350e-03 4.99024820e+00
-4.24921559e-03 4.99020910e+00
-4.26232861e-03 4.99023771e+00
-4.25875233e-03 4.99027443e+00
-4.25994443e-03 4.99028301e+00
-4.24921559e-03 4.99034834e+00
-4.25398396e-03 4.99024105e+00
-4.26352071e-03 4.99034977e+00
-4.24325513e-03 4.99036980e+00
-4.25756024e-03 4.99034023e+00
-4.23967885e-03 4.99029732e+00
-4.25636815e-03 4.99013758e+00
-4.23967885e-03 4.99033546e+00
-4.25159978e-03 4.99020290e+00
-4.25398396e-03 4.99032831e+00
-4.27305745e-03 4.99036503e+00
-4.24563931e-03 4.99029970e+00
-4.24921559e-03 4.99035692e+00
-4.25756024e-03 4.99024725e+00
-4.25994443e-03 4.99037457e+00
-4.24802350e-03 4.99037218e+00
-4.25398396e-03 4.99037600e+00
-4.24921559e-03 4.99025774e+00
-4.23610257e-03 4.99024487e+00
-4.24444722e-03 4.99024343e+00
-4.24444722e-03 4.99022818e+00
-4.26471280e-03 4.99017668e+00
-4.25517606e-03 4.99019098e+00
-4.23848676e-03 4.99030781e+00
-4.26232861e-03 4.99031401e+00
-4.25159978e-03 4.99030685e+00
-4.24921559e-03 4.99021387e+00
-4.23967885e-03 4.99024010e+00
-4.24921559e-03 4.99027920e+00
-4.24444722e-03 4.99027824e+00
-4.25398396e-03 4.99026728e+00
-4.26471280e-03 4.99037361e+00
-4.24921559e-03 4.99027586e+00
-4.26471280e-03 4.99028063e+00
-4.26590489e-03 4.99020672e+00
-4.24683141e-03 4.99031019e+00
-4.26232861e-03 4.99025059e+00
-4.25636815e-03 4.99026489e+00
-4.24206303e-03 4.99034739e+00
-4.26828908e-03 4.99032927e+00
-4.24087094e-03 4.99023867e+00
-4.26709699e-03 4.99032354e+00
-4.23491048e-03 4.99037457e+00
-4.26828908e-03 4.99028063e+00
-4.25159978e-03 4.99023151e+00
-4.25875233e-03 4.99033546e+00
-4.27186536e-03 4.99031734e+00
-4.26948117e-03 4.99040556e+00
-4.25040768e-03 4.99035549e+00
-4.27067326e-03 4.99017811e+00
-4.25636815e-03 4.99030066e+00
-4.25398396e-03 4.99028397e+00
-4.27067326e-03 4.99023628e+00
-4.25875233e-03 4.99033880e+00
-4.24325513e-03 4.99028540e+00
-4.24921559e-03 4.99019957e+00
-4.25040768e-03 4.99033546e+00
-4.25636815e-03 4.99025440e+00
-4.28021001e-03 4.99023628e+00
-4.26232861e-03 4.99034262e+00
-4.26113652e-03 4.99033070e+00
-4.22775792e-03 4.99034834e+00
-4.26709699e-03 4.99040222e+00
-4.25040768e-03 4.99029970e+00
-4.26113652e-03 4.99038410e+00
-4.25398396e-03 4.99035215e+00
-4.24563931e-03 4.99020195e+00
-4.26352071e-03 4.99020529e+00
-4.25636815e-03 4.99025059e+00
-4.26232861e-03 4.99032688e+00
-4.24563931e-03 4.99031401e+00
-4.25636815e-03 4.99028063e+00
-4.26471280e-03 4.99027920e+00
-4.25040768e-03 4.99039125e+00
-4.25875233e-03 4.99038076e+00
-4.27305745e-03 4.99033308e+00
-4.24802350e-03 4.99023628e+00
-4.25994443e-03 4.99018621e+00
-4.24206303e-03 4.99023867e+00
-4.25398396e-03 4.99022579e+00
-4.23729466e-03 4.99028635e+00
-4.27424954e-03 4.99029827e+00
-4.24325513e-03 4.99025679e+00
-4.24802350e-03 4.99036264e+00
-4.24563931e-03 4.99022436e+00
-4.25994443e-03 4.99024725e+00
-4.24563931e-03 4.99014568e+00
-4.26471280e-03 4.99031639e+00
-4.26352071e-03 4.99027681e+00
-4.26590489e-03 4.99041033e+00
-4.24802350e-03 4.99022913e+00
-4.25875233e-03 4.99020433e+00
-4.25875233e-03 4.99014807e+00
-4.25517606e-03 4.99022579e+00
-4.26113652e-03 4.99031878e+00
-4.27424954e-03 4.99021482e+00
-4.25756024e-03 4.99027681e+00
-4.24802350e-03 4.99014473e+00
-4.25875233e-03 4.99032450e+00
-4.26113652e-03 4.99029732e+00
-4.27067326e-03 4.99034739e+00
-4.25875233e-03 4.99030304e+00
-4.26113652e-03 4.99031162e+00
-4.24087094e-03 4.99032211e+00
-4.27544164e-03 4.99033308e+00
-4.28021001e-03 4.99033546e+00
-4.25636815e-03 4.99018049e+00
-4.25636815e-03 4.99031162e+00
-4.24921559e-03 4.99026394e+00
-4.25636815e-03 4.99021006e+00
-4.26709699e-03 4.99034119e+00
-4.26113652e-03 4.99037218e+00
-4.26352071e-03 4.99038649e+00
-4.25994443e-03 4.99034834e+00
-4.25279187e-03 4.99026489e+00
-4.24921559e-03 4.99030542e+00
-4.25279187e-03 4.99038315e+00
-4.25994443e-03 4.99030685e+00
-4.24206303e-03 4.99029255e+00
-4.24563931e-03 4.99033546e+00
-4.25040768e-03 4.99038076e+00
-4.26590489e-03 4.99025917e+00
-4.26113652e-03 4.99015665e+00
-4.26232861e-03 4.99030066e+00
-4.24802350e-03 4.99036646e+00
-4.25159978e-03 4.99020529e+00
-4.26828908e-03 4.99023390e+00
-4.26113652e-03 4.99018288e+00
-4.25756024e-03 4.99024343e+00
-4.26590489e-03 4.99026871e+00
-4.24563931e-03 4.99023628e+00
-4.26232861e-03 4.99023771e+00
-4.27186536e-03 4.99023151e+00
-4.25875233e-03 4.99030924e+00
-4.25875233e-03 4.99028158e+00
-4.25517606e-03 4.99039268e+00
-4.26232861e-03 4.99032927e+00
-4.27186536e-03 4.99029827e+00
-4.26352071e-03 4.99024820e+00
-4.25517606e-03 4.99032927e+00
-4.26948117e-03 4.99041033e+00
-4.25040768e-03 4.99034119e+00
-4.26352071e-03 4.99027586e+00
-4.27424954e-03 4.99023771e+00
-4.26948117e-03 4.99036884e+00
-4.25636815e-03 4.99025440e+00
-4.25159978e-03 4.99030924e+00
-4.25994443e-03 4.99024582e+00
-4.25398396e-03 4.99032116e+00
-4.27305745e-03 4.99031162e+00
-4.25517606e-03 4.99032927e+00
-4.24921559e-03 4.99015045e+00
-4.25756024e-03 4.99027824e+00
-4.27305745e-03 4.99041891e+00
-4.25279187e-03 4.99030781e+00
-4.24921559e-03 4.99033546e+00
-4.27663373e-03 4.99027824e+00
-4.26113652e-03 4.99017191e+00
-4.25398396e-03 4.99027681e+00
-4.26709699e-03 4.99025059e+00
-4.25875233e-03 4.99037361e+00
-4.24802350e-03 4.99011135e+00
-4.26590489e-03 4.99019814e+00
-4.26352071e-03 4.99028635e+00
-4.28974675e-03 4.99034739e+00
-4.26590489e-03 4.99020052e+00
-4.24683141e-03 4.99028540e+00
-4.25279187e-03 4.99019575e+00
-4.27782582e-03 4.99011946e+00
-4.23133420e-03 4.99029827e+00
-4.25994443e-03 4.99030447e+00
-4.26590489e-03 4.99033403e+00
-4.27305745e-03 4.99040318e+00
-4.27067326e-03 4.99026155e+00
-4.25517606e-03 4.99031019e+00
-4.26828908e-03 4.99034977e+00
-4.25517606e-03 4.99029493e+00
-4.25279187e-03 4.99035549e+00
-4.27305745e-03 4.99038792e+00
-4.25040768e-03 4.99012184e+00
-4.26232861e-03 4.99032450e+00
-4.25636815e-03 4.99036503e+00
-4.24921559e-03 4.99017096e+00
-4.24921559e-03 4.99015903e+00
-4.25994443e-03 4.99022913e+00
-4.25398396e-03 4.99045086e+00
-4.24921559e-03 4.99022436e+00
-4.25994443e-03 4.99029493e+00
-4.22656583e-03 4.99036026e+00
-4.26709699e-03 4.99030304e+00
-4.26828908e-03 4.99033546e+00
-4.25994443e-03 4.99033546e+00
-4.26352071e-03 4.99029732e+00
-4.26352071e-03 4.99037695e+00
-4.28021001e-03 4.99034595e+00
-4.25875233e-03 4.99030066e+00
-4.25756024e-03 4.99036169e+00
-4.26352071e-03 4.99031878e+00
-4.26352071e-03 4.99032688e+00
-4.27424954e-03 4.99034595e+00
-4.25517606e-03 4.99028063e+00
-4.24444722e-03 4.99036646e+00
-4.25517606e-03 4.99024820e+00
-4.25159978e-03 4.99034834e+00
-4.24444722e-03 4.99022579e+00
-4.25636815e-03 4.99029589e+00
-4.26709699e-03 4.99039364e+00
-4.26352071e-03 4.99036884e+00
-4.26828908e-03 4.99031258e+00
-4.25517606e-03 4.99046183e+00
-4.24683141e-03 4.99036264e+00
-4.25398396e-03 4.99029732e+00
-4.24683141e-03 4.99034977e+00
-4.26828908e-03 4.99050093e+00
-4.26471280e-03 4.99023628e+00
-4.24444722e-03 4.99030066e+00
-4.25756024e-03 4.99024963e+00
-4.27186536e-03 4.99023628e+00
-4.25875233e-03 4.99023294e+00
-4.25398396e-03 4.99028063e+00
-4.24921559e-03 4.99029827e+00
-4.25517606e-03 4.99019480e+00
-4.24206303e-03 4.99019241e+00
-4.25756024e-03 4.99037933e+00
-4.26113652e-03 4.99027348e+00
-4.24444722e-03 4.99027824e+00
-4.26232861e-03 4.99034595e+00
-4.24444722e-03 4.99039268e+00
-4.26352071e-03 4.99030066e+00
-4.26232861e-03 4.99043179e+00
-4.26113652e-03 4.99046659e+00
-4.24087094e-03 4.99033785e+00
-4.25517606e-03 4.99035454e+00
-4.26352071e-03 4.99033403e+00
-4.25756024e-03 4.99032354e+00
-4.27186536e-03 4.99036026e+00
-4.27305745e-03 4.99025297e+00
-4.27186536e-03 4.99031973e+00
-4.26471280e-03 4.99033403e+00
-4.23491048e-03 4.99037600e+00
-4.26709699e-03 4.99033785e+00
-4.26113652e-03 4.99038792e+00
-4.26828908e-03 4.99043655e+00
-4.27544164e-03 4.99040794e+00
-4.25159978e-03 4.99038792e+00
-4.27544164e-03 4.99030304e+00
-4.25159978e-03 4.99036026e+00
-4.25994443e-03 4.99033785e+00
-4.26352071e-03 4.99030924e+00
-4.27305745e-03 4.99017191e+00
-4.25756024e-03 4.99020052e+00
-4.26948117e-03 4.99038410e+00
-4.26590489e-03 4.99035931e+00
-4.26948117e-03 4.99029970e+00
-4.25636815e-03 4.99039268e+00
-4.25994443e-03 4.99027109e+00
-4.25875233e-03 4.99037933e+00
-4.25517606e-03 4.99026728e+00
-4.24921559e-03 4.99035692e+00
-4.25756024e-03 4.99032688e+00
-4.24325513e-03 4.99032688e+00
-4.24802350e-03 4.99054861e+00
-4.27424954e-03 4.99027205e+00
-4.28259419e-03 4.99033642e+00
-4.25398396e-03 4.99036026e+00
-4.26709699e-03 4.99035788e+00
-4.25040768e-03 4.99046898e+00
-4.24683141e-03 4.99054146e+00
-4.25756024e-03 4.99042225e+00
-4.24921559e-03 4.99029350e+00
-4.25756024e-03 4.99028397e+00
-4.25159978e-03 4.99033880e+00
-4.25994443e-03 4.99032831e+00
-4.26709699e-03 4.99036646e+00
-4.24802350e-03 4.99035549e+00
-4.26590489e-03 4.99031878e+00
-4.27067326e-03 4.99049520e+00
-4.25517606e-03 4.99034119e+00
-4.24563931e-03 4.99025917e+00
-4.24087094e-03 4.99035931e+00
-4.25875233e-03 4.99040318e+00
-4.24802350e-03 4.99039602e+00
-4.25994443e-03 4.99037123e+00
-4.24802350e-03 4.99043798e+00
-4.27067326e-03 4.99028635e+00
-4.26709699e-03 4.99025536e+00
-4.25756024e-03 4.99038172e+00
-4.23729466e-03 4.99042368e+00
-4.27305745e-03 4.99036407e+00
-4.25994443e-03 4.99031734e+00
-4.25398396e-03 4.99028635e+00
-4.26709699e-03 4.99038076e+00
-4.25636815e-03 4.99047375e+00
-4.25994443e-03 4.99027586e+00
-4.25517606e-03 4.99028873e+00
-4.27067326e-03 4.99045467e+00
-4.24683141e-03 4.99037600e+00
-4.25398396e-03 4.99021244e+00
-4.27067326e-03 4.99031973e+00
-4.25875233e-03 4.99026394e+00
-4.24683141e-03 4.99044609e+00
-4.25398396e-03 4.99028397e+00
-4.26948117e-03 4.99024725e+00
-4.27424954e-03 4.99022102e+00
-4.27186536e-03 4.99037218e+00
-4.27186536e-03 4.99039507e+00
-4.24087094e-03 4.99036026e+00
-4.27305745e-03 4.99038076e+00
-4.26590489e-03 4.99035692e+00
-4.27544164e-03 4.99024105e+00
-4.27186536e-03 4.99039364e+00
-4.26352071e-03 4.99033165e+00
-4.24802350e-03 4.99033403e+00
-4.25398396e-03 4.99025440e+00
-4.24802350e-03 4.99027824e+00
-4.26828908e-03 4.99035931e+00
-4.25994443e-03 4.99033403e+00
-4.27782582e-03 4.99050236e+00
-4.26828908e-03 4.99037361e+00
-4.25517606e-03 4.99028158e+00
-4.26590489e-03 4.99030924e+00
-4.25994443e-03 4.99037933e+00
-4.24325513e-03 4.99029732e+00
-4.23252629e-03 4.99030304e+00
-4.25159978e-03 4.99048901e+00
-4.25994443e-03 4.99032688e+00
-4.26828908e-03 4.99024820e+00
-4.26471280e-03 4.99036264e+00
-4.26948117e-03 4.99039268e+00
-4.25159978e-03 4.99036264e+00
-4.24563931e-03 4.99040794e+00
-4.26709699e-03 4.99030304e+00
-4.26709699e-03 4.99036026e+00
-4.25040768e-03 4.99056530e+00
-4.26948117e-03 4.99049616e+00
-4.26590489e-03 4.99048328e+00
-4.27544164e-03 4.99023628e+00
-4.25994443e-03 4.99038172e+00
-4.26113652e-03 4.99036503e+00
-4.25994443e-03 4.99031734e+00
-4.26232861e-03 4.99046516e+00
-4.25756024e-03 4.99035931e+00
-4.25636815e-03 4.99048090e+00
-4.25875233e-03 4.99028063e+00
-4.26948117e-03 4.99046993e+00
-4.24921559e-03 4.99041986e+00
-4.28021001e-03 4.99042130e+00
-4.27544164e-03 4.99041176e+00
-4.25040768e-03 4.99042130e+00
-4.26113652e-03 4.99040699e+00
-4.23729466e-03 4.99036264e+00
-4.25875233e-03 4.99029112e+00
-4.25994443e-03 4.99037695e+00
-4.24444722e-03 4.99033308e+00
-4.25756024e-03 4.99041986e+00
-4.28021001e-03 4.99037457e+00
-4.26232861e-03 4.99035215e+00
-4.24683141e-03 4.99029016e+00
-4.24444722e-03 4.99034739e+00
-4.25517606e-03 4.99042225e+00
-4.26828908e-03 4.99035072e+00
-4.27424954e-03 4.99027681e+00
-4.26471280e-03 4.99046421e+00
-4.24683141e-03 4.99041414e+00
-4.23967885e-03 4.99030066e+00
-4.25636815e-03 4.99037457e+00
-4.25040768e-03 4.99033403e+00
-4.24206303e-03 4.99043083e+00
-4.28259419e-03 4.99036980e+00
-4.25756024e-03 4.99036741e+00
-4.23967885e-03 4.99032593e+00
-4.26471280e-03 4.99044037e+00
-4.25040768e-03 4.99030685e+00
-4.25517606e-03 4.99010897e+00
-4.26590489e-03 4.99029732e+00
-4.26471280e-03 4.99042463e+00
-4.26590489e-03 4.99029827e+00
-4.25636815e-03 4.99026012e+00
-4.26352071e-03 4.99044847e+00
-4.25279187e-03 4.99036646e+00
-4.27186536e-03 4.99048328e+00
-4.24683141e-03 4.99031019e+00
-4.25159978e-03 4.99025440e+00
-4.25279187e-03 4.99033880e+00
-4.26709699e-03 4.99035072e+00
-4.26113652e-03 4.99036264e+00
-4.26709699e-03 4.99030304e+00
-4.25159978e-03 4.99030542e+00
-4.25159978e-03 4.99031258e+00
-4.25398396e-03 4.99036503e+00
-4.26471280e-03 4.99013853e+00
-4.25398396e-03 4.99031258e+00
-4.23252629e-03 4.99033165e+00
-4.25994443e-03 4.99031258e+00
-4.25517606e-03 4.99043798e+00
-4.25636815e-03 4.99045467e+00
-4.26948117e-03 4.99026489e+00
-4.26471280e-03 4.99041510e+00
-4.23848676e-03 4.99035454e+00
-4.27067326e-03 4.99034357e+00
-4.26113652e-03 4.99044752e+00
-4.25040768e-03 4.99038887e+00
-4.24325513e-03 4.99024105e+00
-4.25756024e-03 4.99036884e+00
-4.26471280e-03 4.99042368e+00
-4.23729466e-03 4.99043798e+00
-4.26352071e-03 4.99049616e+00
-4.25994443e-03 4.99037457e+00
-4.25398396e-03 4.99036884e+00
-4.25279187e-03 4.99041414e+00
-4.25517606e-03 4.99027920e+00
-4.25636815e-03 4.99040079e+00
-4.25636815e-03 4.99027824e+00
-4.25159978e-03 4.99036884e+00
-4.24683141e-03 4.99031019e+00
-4.24087094e-03 4.99037457e+00
-4.25517606e-03 4.99035549e+00
-4.25636815e-03 4.99037218e+00
-4.24563931e-03 4.99041176e+00
-4.26232861e-03 4.99037123e+00
-4.24206303e-03 4.99035311e+00
-4.26828908e-03 4.99037695e+00
-4.25636815e-03 4.99034262e+00
-4.25875233e-03 4.99032211e+00
-4.25636815e-03 4.99027920e+00
-4.26113652e-03 4.99029827e+00
-4.25398396e-03 4.99048805e+00
-4.26113652e-03 4.99052382e+00
-4.26471280e-03 4.99035931e+00
-4.25875233e-03 4.99030781e+00
-4.24802350e-03 4.99039268e+00
-4.26471280e-03 4.99038887e+00
-4.27186536e-03 4.99038553e+00
-4.26948117e-03 4.99043322e+00
-4.25875233e-03 4.99033546e+00
-4.26352071e-03 4.99032593e+00
-4.25994443e-03 4.99036741e+00
-4.25994443e-03 4.99032593e+00
-4.27901791e-03 4.99039602e+00
-4.26232861e-03 4.99042845e+00
-4.25398396e-03 4.99046898e+00
-4.27067326e-03 4.99026966e+00
-4.26113652e-03 4.99036884e+00
-4.23133420e-03 4.99034119e+00
-4.25040768e-03 4.99034977e+00
-4.25159978e-03 4.99042463e+00
-4.25994443e-03 4.99039841e+00
-4.26590489e-03 4.99029350e+00
-4.26232861e-03 4.99039364e+00
-4.26471280e-03 4.99033165e+00
-4.27067326e-03 4.99046659e+00
-4.25040768e-03 4.99040937e+00
-4.25756024e-03 4.99024487e+00
-4.25994443e-03 4.99041033e+00
-4.25875233e-03 4.99034977e+00
-4.25875233e-03 4.99030924e+00
-4.25398396e-03 4.99036503e+00
-4.26232861e-03 4.99038792e+00
-4.27186536e-03 4.99038410e+00
-4.24444722e-03 4.99037933e+00
-4.27782582e-03 4.99038315e+00
-4.25756024e-03 4.99040699e+00
-4.25517606e-03 4.99040318e+00
-4.26709699e-03 4.99036169e+00
-4.23967885e-03 4.99026489e+00
-4.25756024e-03 4.99041891e+00
-4.25994443e-03 4.99043322e+00
-4.25875233e-03 4.99037123e+00
-4.25517606e-03 4.99039507e+00
-4.26113652e-03 4.99035215e+00
-4.24921559e-03 4.99048185e+00
-4.26352071e-03 4.99037838e+00
-4.26232861e-03 4.99049044e+00
-4.25279187e-03 4.99037218e+00
-4.25756024e-03 4.99042463e+00
-4.24087094e-03 4.99031162e+00
-4.25636815e-03 4.99033308e+00
-4.25398396e-03 4.99044132e+00
-4.26113652e-03 4.99034595e+00
-4.26590489e-03 4.99031401e+00
-4.25875233e-03 4.99037600e+00
-4.25279187e-03 4.99043417e+00
-4.25636815e-03 4.99029589e+00
-4.26590489e-03 4.99030924e+00
-4.25279187e-03 4.99039841e+00
-4.24325513e-03 4.99040461e+00
-4.27305745e-03 4.99045944e+00
-4.25756024e-03 4.99033642e+00
-4.24444722e-03 4.99041271e+00
-4.25994443e-03 4.99038553e+00
-4.25994443e-03 4.99036026e+00
-4.24087094e-03 4.99049044e+00
-4.25517606e-03 4.99039841e+00
-4.26352071e-03 4.99043417e+00
-4.22179746e-03 4.99031496e+00
-4.26352071e-03 4.99045086e+00
-4.25279187e-03 4.99043894e+00
-4.25875233e-03 4.99028540e+00
-4.24921559e-03 4.99032116e+00
-4.26590489e-03 4.99040794e+00
-4.24325513e-03 4.99039507e+00
-4.27305745e-03 4.99038792e+00
-4.27305745e-03 4.99029827e+00
-4.26113652e-03 4.99035788e+00
-4.24921559e-03 4.99032831e+00
-4.25756024e-03 4.99046516e+00
-4.25398396e-03 4.99049997e+00
-4.26590489e-03 4.99046516e+00
-4.25517606e-03 4.99034977e+00
-4.25636815e-03 4.99041033e+00
-4.25636815e-03 4.99036741e+00
-4.25398396e-03 4.99039841e+00
-4.27544164e-03 4.99030066e+00
-4.26352071e-03 4.99039125e+00
-4.23967885e-03 4.99035788e+00
-4.26471280e-03 4.99034262e+00
-4.25040768e-03 4.99041033e+00
-4.24206303e-03 4.99041271e+00
-4.26232861e-03 4.99034119e+00
-4.27663373e-03 4.99033308e+00
-4.25636815e-03 4.99045706e+00
-4.24563931e-03 4.99031258e+00
-4.25994443e-03 4.99031258e+00
-4.26471280e-03 4.99048567e+00
-4.25994443e-03 4.99036264e+00
-4.25994443e-03 4.99038076e+00
-4.26471280e-03 4.99046421e+00
-4.24325513e-03 4.99047947e+00
-4.25636815e-03 4.99039125e+00
-4.25875233e-03 4.99034357e+00
-4.25279187e-03 4.99047232e+00
-4.24563931e-03 4.99038553e+00
-4.25279187e-03 4.99034834e+00
-4.25279187e-03 4.99039507e+00
-4.25398396e-03 4.99056673e+00
-4.25875233e-03 4.99051523e+00
-4.25636815e-03 4.99046898e+00
-4.24683141e-03 4.99033785e+00
-4.24444722e-03 4.99042368e+00
-4.26113652e-03 4.99044275e+00
-4.24921559e-03 4.99057150e+00
-4.26590489e-03 4.99039507e+00
-4.25279187e-03 4.99045563e+00
-4.23371838e-03 4.99039268e+00
-4.27663373e-03 4.99043798e+00
-4.22895001e-03 4.99042225e+00
-4.26113652e-03 4.99029255e+00
-4.24087094e-03 4.99038172e+00
-4.27901791e-03 4.99047470e+00
-4.26352071e-03 4.99031258e+00
-4.25756024e-03 4.99047470e+00
-4.26828908e-03 4.99044752e+00
-4.26232861e-03 4.99042702e+00
-4.26828908e-03 4.99050951e+00
-4.25756024e-03 4.99040222e+00
-4.27782582e-03 4.99037933e+00
-4.25159978e-03 4.99040556e+00
-4.24683141e-03 4.99053192e+00
-4.25040768e-03 4.99044609e+00
-4.25040768e-03 4.99044132e+00
-4.25517606e-03 4.99044991e+00
-4.24444722e-03 4.99051046e+00
-4.25398396e-03 4.99048424e+00
-4.27186536e-03 4.99037361e+00
-4.26232861e-03 4.99044275e+00
-4.28021001e-03 4.99039030e+00
-4.24206303e-03 4.99037838e+00
-4.26232861e-03 4.99036026e+00
-4.24325513e-03 4.99051762e+00
-4.25279187e-03 4.99051905e+00
-4.25040768e-03 4.99038076e+00
-4.26590489e-03 4.99042606e+00
-4.24444722e-03 4.99040937e+00
-4.27067326e-03 4.99058437e+00
-4.25159978e-03 4.99040079e+00
-4.24683141e-03 4.99050808e+00
-4.23848676e-03 4.99057961e+00
-4.26113652e-03 4.99050951e+00
-4.26352071e-03 4.99042130e+00
-4.26828908e-03 4.99030781e+00
-4.24921559e-03 4.99043083e+00
-4.25398396e-03 4.99045563e+00
-4.25159978e-03 4.99048805e+00
-4.28259419e-03 4.99046040e+00
-4.27067326e-03 4.99049520e+00
-4.24563931e-03 4.99046898e+00
-4.24802350e-03 4.99038887e+00
-4.24325513e-03 4.99035072e+00
-4.26352071e-03 4.99048185e+00
-4.23848676e-03 4.99056768e+00
-4.24802350e-03 4.99042130e+00
-4.25875233e-03 4.99039602e+00
-4.27544164e-03 4.99043894e+00
-4.24206303e-03 4.99045229e+00
-4.24206303e-03 4.99045086e+00
-4.26232861e-03 4.99041891e+00
-4.26232861e-03 4.99042225e+00
-4.24802350e-03 4.99043179e+00
-4.24206303e-03 4.99041510e+00
-4.26232861e-03 4.99060583e+00
-4.26352071e-03 4.99041176e+00
-4.25517606e-03 4.99048328e+00
-4.27544164e-03 4.99041891e+00
-4.25517606e-03 4.99043798e+00
-4.26232861e-03 4.99046516e+00
-4.24921559e-03 4.99032354e+00
-4.27901791e-03 4.99038649e+00
-4.26352071e-03 4.99041271e+00
-4.26590489e-03 4.99041986e+00
-4.24325513e-03 4.99047136e+00
-4.26828908e-03 4.99045324e+00
-4.24921559e-03 4.99055338e+00
-4.23014211e-03 4.99040461e+00
-4.26590489e-03 4.99040222e+00
-4.25756024e-03 4.99049997e+00
-4.26113652e-03 4.99048805e+00
-4.25040768e-03 4.99033308e+00
-4.26709699e-03 4.99036646e+00
-4.25517606e-03 4.99041033e+00
-4.26828908e-03 4.99046516e+00
-4.25517606e-03 4.99046898e+00
-4.25398396e-03 4.99044514e+00
-4.23729466e-03 4.99052477e+00
-4.24444722e-03 4.99032354e+00
-4.25994443e-03 4.99047136e+00
-4.26590489e-03 4.99046993e+00
-4.24683141e-03 4.99035072e+00
-4.27067326e-03 4.99043560e+00
-4.25756024e-03 4.99058819e+00
-4.25279187e-03 4.99041176e+00
-4.25636815e-03 4.99059153e+00
-4.26709699e-03 4.99046040e+00
-4.26113652e-03 4.99039841e+00
-4.27782582e-03 4.99053192e+00
-4.26113652e-03 4.99037218e+00
-4.25398396e-03 4.99046993e+00
-4.25875233e-03 4.99041414e+00
-4.26590489e-03 4.99056053e+00
-4.25040768e-03 4.99037600e+00
-4.24206303e-03 4.99044514e+00
-4.26709699e-03 4.99036980e+00
-4.27305745e-03 4.99043179e+00
-4.26590489e-03 4.99054766e+00
-4.26709699e-03 4.99037218e+00
-4.25517606e-03 4.99050808e+00
-4.26828908e-03 4.99038172e+00
-4.26232861e-03 4.99047709e+00
-4.25636815e-03 4.99047947e+00
-4.25875233e-03 4.99044752e+00
-4.26232861e-03 4.99041891e+00
-4.26828908e-03 4.99050093e+00
-4.26232861e-03 4.99064064e+00
-4.25994443e-03 4.99049044e+00
-4.27544164e-03 4.99042463e+00
-4.25517606e-03 4.99049854e+00
-4.25398396e-03 4.99053097e+00
-4.26590489e-03 4.99050236e+00
-4.27305745e-03 4.99050713e+00
-4.26471280e-03 4.99053192e+00
-4.26232861e-03 4.99051762e+00
-4.25636815e-03 4.99048567e+00
-4.25875233e-03 4.99052620e+00
-4.24683141e-03 4.99056435e+00
-4.26948117e-03 4.99056911e+00
-4.25636815e-03 4.99049377e+00
-4.26352071e-03 4.99065018e+00
-4.24921559e-03 4.99041986e+00
-4.23967885e-03 4.99052715e+00
-4.27305745e-03 4.99050951e+00
-4.24683141e-03 4.99048090e+00
-4.26113652e-03 4.99052954e+00
-4.24325513e-03 4.99053097e+00
-4.26709699e-03 4.99061203e+00
-4.24444722e-03 4.99053192e+00
-4.24444722e-03 4.99050570e+00
-4.24683141e-03 4.99049759e+00
-4.25279187e-03 4.99044275e+00
-4.24444722e-03 4.99033880e+00
-4.25636815e-03 4.99053097e+00
-4.27067326e-03 4.99046898e+00
-4.25875233e-03 4.99049997e+00
-4.27305745e-03 4.99051428e+00
-4.27424954e-03 4.99053574e+00
-4.26828908e-03 4.99056196e+00
-4.25517606e-03 4.99063110e+00
-4.25636815e-03 4.99054384e+00
-4.24206303e-03 4.99050474e+00
-4.26232861e-03 4.99040318e+00
-4.25756024e-03 4.99061775e+00
-4.27186536e-03 4.99058437e+00
-4.25517606e-03 4.99055719e+00
-4.26828908e-03 4.99054623e+00
-4.26232861e-03 4.99046659e+00
-4.25279187e-03 4.99056053e+00
-4.26113652e-03 4.99054146e+00
-4.26471280e-03 4.99052858e+00
-4.25756024e-03 4.99065113e+00
-4.26352071e-03 4.99051762e+00
-4.26113652e-03 4.99058437e+00
-4.24683141e-03 4.99050331e+00
-4.26352071e-03 4.99044514e+00
-4.26113652e-03 4.99035311e+00
-4.23729466e-03 4.99056053e+00
-4.25159978e-03 4.99064398e+00
-4.26113652e-03 4.99050951e+00
-4.25040768e-03 4.99050331e+00
-4.23133420e-03 4.99044609e+00
-4.26709699e-03 4.99054766e+00
-4.26590489e-03 4.99060726e+00
-4.25159978e-03 4.99047232e+00
-4.26471280e-03 4.99053431e+00
-4.26113652e-03 4.99053907e+00
-4.25279187e-03 4.99044847e+00
-4.24563931e-03 4.99049616e+00
-4.26709699e-03 4.99048328e+00
-4.26471280e-03 4.99049759e+00
-4.25279187e-03 4.99055004e+00
-4.24325513e-03 4.99050713e+00
-4.25517606e-03 4.99049854e+00
-4.25994443e-03 4.99050713e+00
-4.26113652e-03 4.99048328e+00
-4.25636815e-03 4.99053574e+00
-4.25636815e-03 4.99038792e+00
-4.24921559e-03 4.99052858e+00
-4.26590489e-03 4.99061775e+00
-4.23848676e-03 4.99053335e+00
-4.26471280e-03 4.99055958e+00
-4.24921559e-03 4.99054623e+00
-4.24683141e-03 4.99059391e+00
-4.25994443e-03 4.99057722e+00
-4.26590489e-03 4.99075603e+00
-4.24802350e-03 4.99046993e+00
-4.26828908e-03 4.99060488e+00
-4.25398396e-03 4.99061060e+00
-4.25517606e-03 4.99062967e+00
-4.25636815e-03 4.99041653e+00
-4.26352071e-03 4.99057865e+00
-4.21941327e-03 4.99050951e+00
-4.26709699e-03 4.99066782e+00
-4.26232861e-03 4.99061918e+00
-4.26113652e-03 4.99042940e+00
-4.27305745e-03 4.99058199e+00
-4.25636815e-03 4.99054384e+00
-4.26828908e-03 4.99053431e+00
-4.25398396e-03 4.99050093e+00
-4.24921559e-03 4.99060249e+00
-4.27901791e-03 4.99057865e+00
-4.26113652e-03 4.99055719e+00
-4.26590489e-03 4.99044132e+00
-4.25756024e-03 4.99047613e+00
-4.24206303e-03 4.99059629e+00
-4.28378629e-03 4.99055004e+00
-4.26590489e-03 4.99046516e+00
-4.27067326e-03 4.99041414e+00
-4.25636815e-03 4.99051762e+00
-4.24325513e-03 4.99061298e+00
-4.24206303e-03 4.99044991e+00
-4.25636815e-03 4.99046183e+00
-4.24206303e-03 4.99050713e+00
-4.26471280e-03 4.99058580e+00
-4.26113652e-03 4.99055815e+00
-4.24921559e-03 4.99062014e+00
-4.26352071e-03 4.99047613e+00
-4.24683141e-03 4.99049759e+00
-4.25994443e-03 4.99053574e+00
-4.23848676e-03 4.99053431e+00
-4.25398396e-03 4.99044847e+00
-4.25517606e-03 4.99046040e+00
-4.25279187e-03 4.99048901e+00
-4.24087094e-03 4.99049139e+00
-4.26113652e-03 4.99048185e+00
-4.23610257e-03 4.99058819e+00
-4.24087094e-03 4.99050808e+00
-4.25636815e-03 4.99053812e+00
-4.27424954e-03 4.99057961e+00
-4.24206303e-03 4.99054050e+00
-4.27305745e-03 4.99043798e+00
-4.26828908e-03 4.99045563e+00
-4.26590489e-03 4.99049759e+00
-4.25279187e-03 4.99063826e+00
-4.23848676e-03 4.99046040e+00
-4.26471280e-03 4.99056435e+00
-4.26232861e-03 4.99039745e+00
-4.25398396e-03 4.99051189e+00
-4.25994443e-03 4.99057388e+00
-4.25279187e-03 4.99049854e+00
-4.25994443e-03 4.99063206e+00
-4.26113652e-03 4.99062967e+00
-4.24921559e-03 4.99048090e+00
-4.24444722e-03 4.99060345e+00
-4.25159978e-03 4.99054527e+00
-4.25517606e-03 4.99053097e+00
-4.25875233e-03 4.99055481e+00
-4.24921559e-03 4.99052000e+00
-4.26113652e-03 4.99055481e+00
-4.27901791e-03 4.99058437e+00
-4.25159978e-03 4.99046516e+00
-4.25517606e-03 4.99041891e+00
-4.26709699e-03 4.99055338e+00
-4.24563931e-03 4.99060726e+00
-4.25636815e-03 4.99048805e+00
-4.26113652e-03 4.99057007e+00
-4.25994443e-03 4.99054861e+00
-4.26948117e-03 4.99059391e+00
-4.23967885e-03 4.99065018e+00
-4.26113652e-03 4.99050474e+00
-4.24325513e-03 4.99048090e+00
-4.26709699e-03 4.99061775e+00
-4.28617047e-03 4.99059296e+00
-4.23729466e-03 4.99061441e+00
-4.26709699e-03 4.99063683e+00
-4.25517606e-03 4.99055719e+00
-4.26709699e-03 4.99062252e+00
-4.25756024e-03 4.99073362e+00
-4.25398396e-03 4.99055481e+00
-4.26232861e-03 4.99057627e+00
-4.25994443e-03 4.99058819e+00
-4.26471280e-03 4.99064541e+00
-4.23848676e-03 4.99047709e+00
-4.24444722e-03 4.99064302e+00
-4.25279187e-03 4.99045467e+00
-4.27186536e-03 4.99078846e+00
-4.25875233e-03 4.99054050e+00
-4.25756024e-03 4.99057865e+00
-4.26232861e-03 4.99064159e+00
-4.25994443e-03 4.99052954e+00
-4.25398396e-03 4.99063349e+00
-4.25636815e-03 4.99053812e+00
-4.26232861e-03 4.99052000e+00
-4.26471280e-03 4.99046183e+00
-4.25040768e-03 4.99066448e+00
-4.26590489e-03 4.99051428e+00
-4.25756024e-03 4.99064302e+00
-4.25040768e-03 4.99042463e+00
-4.25517606e-03 4.99065113e+00
-4.26828908e-03 4.99062729e+00
-4.24563931e-03 4.99053335e+00
-4.25756024e-03 4.99061203e+00
-4.26232861e-03 4.99057150e+00
-4.26828908e-03 4.99061060e+00
-4.24921559e-03 4.99055338e+00
-4.24444722e-03 4.99073935e+00
-4.25875233e-03 4.99052143e+00
-4.26232861e-03 4.99051905e+00
-4.27424954e-03 4.99059153e+00
-4.25517606e-03 4.99049377e+00
-4.24206303e-03 4.99053812e+00
-4.25398396e-03 4.99068928e+00
-4.27186536e-03 4.99061680e+00
-4.25756024e-03 4.99055243e+00
-4.25994443e-03 4.99052620e+00
-4.26471280e-03 4.99061537e+00
-4.25994443e-03 4.99051523e+00
-4.25040768e-03 4.99051285e+00
-4.26828908e-03 4.99042940e+00
-4.26709699e-03 4.99061918e+00
-4.24683141e-03 4.99045706e+00
-4.25756024e-03 4.99048567e+00
-4.26590489e-03 4.99056673e+00
-4.25398396e-03 4.99061680e+00
-4.27186536e-03 4.99059057e+00
-4.25279187e-03 4.99053907e+00
-4.23252629e-03 4.99054289e+00
-4.25994443e-03 4.99050808e+00
-4.25875233e-03 4.99060583e+00
-4.26590489e-03 4.99059534e+00
-4.28736256e-03 4.99047375e+00
-4.26352071e-03 4.99066067e+00
-4.25398396e-03 4.99057961e+00
-4.26471280e-03 4.99056053e+00
-4.23848676e-03 4.99057388e+00
-4.26232861e-03 4.99046040e+00
-4.26232861e-03 4.99063110e+00
-4.26232861e-03 4.99056768e+00
-4.26471280e-03 4.99052954e+00
-4.26113652e-03 4.99063826e+00
-4.23610257e-03 4.99062490e+00
-4.24563931e-03 4.99064398e+00
-4.26590489e-03 4.99061918e+00
-4.26352071e-03 4.99062967e+00
-4.24802350e-03 4.99068689e+00
-4.25875233e-03 4.99045229e+00
-4.25279187e-03 4.99058199e+00
-4.23848676e-03 4.99055338e+00
-4.24683141e-03 4.99077177e+00
-4.24325513e-03 4.99059391e+00
-4.26113652e-03 4.99062634e+00
-4.26113652e-03 4.99067020e+00
-4.27424954e-03 4.99049044e+00
-4.25159978e-03 4.99062157e+00
-4.26232861e-03 4.99065733e+00
-4.27186536e-03 4.99059772e+00
-4.25636815e-03 4.99064779e+00
-4.24206303e-03 4.99064398e+00
-4.24802350e-03 4.99053669e+00
-4.25040768e-03 4.99058342e+00
-4.26113652e-03 4.99055004e+00
-4.23967885e-03 4.99062490e+00
-4.26232861e-03 4.99053097e+00
-4.26471280e-03 4.99051428e+00
-4.25398396e-03 4.99054289e+00
-4.26113652e-03 4.99046183e+00
-4.25875233e-03 4.99064779e+00
-4.24563931e-03 4.99053335e+00
-4.26471280e-03 4.99063683e+00
-4.24921559e-03 4.99067974e+00
-4.25040768e-03 4.99063349e+00
-4.25517606e-03 4.99066448e+00
-4.25159978e-03 4.99059772e+00
-4.26352071e-03 4.99048185e+00
-4.24921559e-03 4.99058104e+00
-4.26471280e-03 4.99059391e+00
-4.25279187e-03 4.99058580e+00
-4.25040768e-03 4.99068594e+00
-4.26709699e-03 4.99063110e+00
-4.24563931e-03 4.99054527e+00
-4.25279187e-03 4.99066782e+00
-4.24563931e-03 4.99070978e+00
-4.24444722e-03 4.99053431e+00
-4.25040768e-03 4.99050951e+00
-4.25636815e-03 4.99063826e+00
-4.26232861e-03 4.99060011e+00
-4.24802350e-03 4.99053192e+00
-4.23610257e-03 4.99054050e+00
-4.25040768e-03 4.99054861e+00
-4.24921559e-03 4.99067402e+00
-4.24087094e-03 4.99064875e+00
-4.25279187e-03 4.99054623e+00
-4.25756024e-03 4.99060011e+00
-4.26232861e-03 4.99050713e+00
-4.24683141e-03 4.99066305e+00
-4.26113652e-03 4.99058819e+00
-4.24563931e-03 4.99066925e+00
-4.24325513e-03 4.99054527e+00
-4.24683141e-03 4.99072886e+00
-4.25875233e-03 4.99054050e+00
-4.25517606e-03 4.99067879e+00
-4.25398396e-03 4.99061537e+00
-4.24683141e-03 4.99058199e+00
-4.25994443e-03 4.99062490e+00
-4.24683141e-03 4.99060822e+00
-4.25159978e-03 4.99067497e+00
-4.25875233e-03 4.99058342e+00
-4.25398396e-03 4.99057388e+00
-4.24206303e-03 4.99060726e+00
-4.24683141e-03 4.99048185e+00
-4.23371838e-03 4.99064779e+00
-4.24206303e-03 4.99071932e+00
-4.25875233e-03 4.99067259e+00
-4.24683141e-03 4.99063683e+00
-4.26232861e-03 4.99065256e+00
-4.24206303e-03 4.99064636e+00
-4.26590489e-03 4.99053574e+00
-4.25756024e-03 4.99065828e+00
-4.25398396e-03 4.99055004e+00
-4.28497838e-03 4.99061060e+00
-4.27544164e-03 4.99065113e+00
-4.25875233e-03 4.99074888e+00
-4.27186536e-03 4.99058199e+00
-4.24563931e-03 4.99069405e+00
-4.25159978e-03 4.99074316e+00
-4.25875233e-03 4.99068928e+00
-4.25517606e-03 4.99053335e+00
-4.24563931e-03 4.99067736e+00
-4.24802350e-03 4.99067736e+00
-4.25159978e-03 4.99062967e+00
-4.27305745e-03 4.99056196e+00
-4.25279187e-03 4.99057961e+00
-4.26590489e-03 4.99061918e+00
-4.26948117e-03 4.99055958e+00
-4.24444722e-03 4.99071789e+00
-4.25279187e-03 4.99067402e+00
-4.25040768e-03 4.99058199e+00
-4.26232861e-03 4.99066067e+00
-4.24087094e-03 4.99060106e+00
-4.24921559e-03 4.99062252e+00
-4.25279187e-03 4.99063110e+00
-4.25756024e-03 4.99070740e+00
-4.25159978e-03 4.99068832e+00
-4.25398396e-03 4.99064875e+00
-4.25398396e-03 4.99063349e+00
-4.25756024e-03 4.99071312e+00
-4.25517606e-03 4.99060822e+00
-4.26709699e-03 4.99062252e+00
-4.26709699e-03 4.99062872e+00
-4.25756024e-03 4.99052620e+00
-4.25040768e-03 4.99045563e+00
-4.25636815e-03 4.99080610e+00
-4.25517606e-03 4.99073124e+00
-4.25636815e-03 4.99074793e+00
-4.25756024e-03 4.99070120e+00
-4.23729466e-03 4.99055719e+00
-4.25398396e-03 4.99064159e+00
-4.27067326e-03 4.99067640e+00
-4.26828908e-03 4.99071550e+00
-4.26948117e-03 4.99068117e+00
-4.25875233e-03 4.99072886e+00
-4.25994443e-03 4.99066448e+00
-4.25279187e-03 4.99068213e+00
-4.23967885e-03 4.99068451e+00
-4.26590489e-03 4.99068594e+00
-4.25875233e-03 4.99074888e+00
-4.26590489e-03 4.99064636e+00
-4.26471280e-03 4.99087906e+00
-4.25636815e-03 4.99078703e+00
-4.26232861e-03 4.99069643e+00
-4.23848676e-03 4.99050093e+00
-4.24087094e-03 4.99057865e+00
-4.27186536e-03 4.99074078e+00
-4.24802350e-03 4.99058580e+00
-4.26471280e-03 4.99067402e+00
-4.26709699e-03 4.99077749e+00
-4.25517606e-03 4.99066305e+00
-4.26948117e-03 4.99064875e+00
-4.24921559e-03 4.99069786e+00
-4.23610257e-03 4.99069786e+00
-4.25994443e-03 4.99055815e+00
-4.24206303e-03 4.99064541e+00
-4.26709699e-03 4.99068832e+00
-4.24563931e-03 4.99072027e+00
-4.25159978e-03 4.99064302e+00
-4.28259419e-03 4.99067163e+00
-4.25398396e-03 4.99067163e+00
-4.26352071e-03 4.99071074e+00
-4.23252629e-03 4.99072886e+00
-4.24325513e-03 4.99069405e+00
-4.25636815e-03 4.99081707e+00
-4.26709699e-03 4.99066687e+00
-4.25994443e-03 4.99074650e+00
-4.24563931e-03 4.99077034e+00
-4.23371838e-03 4.99075127e+00
-4.24563931e-03 4.99073219e+00
-4.24802350e-03 4.99064541e+00
-4.24683141e-03 4.99074411e+00
-4.25159978e-03 4.99069548e+00
-4.25159978e-03 4.99070358e+00
-4.24921559e-03 4.99072504e+00
-4.26232861e-03 4.99070358e+00
-4.24683141e-03 4.99070263e+00
-4.24802350e-03 4.99074411e+00
-4.26232861e-03 4.99064636e+00
-4.24087094e-03 4.99057245e+00
-4.25279187e-03 4.99073839e+00
-4.25159978e-03 4.99082422e+00
-4.24325513e-03 4.99066782e+00
-4.27186536e-03 4.99053097e+00
-4.26709699e-03 4.99076223e+00
-4.25636815e-03 4.99078608e+00
-4.25994443e-03 4.99078131e+00
-4.25756024e-03 4.99079323e+00
-4.25875233e-03 4.99066448e+00
-4.27186536e-03 4.99072647e+00
-4.27424954e-03 4.99084187e+00
-4.25279187e-03 4.99066925e+00
-4.26828908e-03 4.99068928e+00
-4.27544164e-03 4.99083614e+00
-4.25517606e-03 4.99074650e+00
-4.25756024e-03 4.99075031e+00
-4.24563931e-03 4.99073839e+00
-4.27186536e-03 4.99067020e+00
-4.25279187e-03 4.99071932e+00
-4.25159978e-03 4.99067020e+00
-4.26352071e-03 4.99066925e+00
-4.25159978e-03 4.99077415e+00
-4.26232861e-03 4.99076223e+00
-4.24206303e-03 4.99075127e+00
-4.26113652e-03 4.99075842e+00
-4.25159978e-03 4.99081564e+00
-4.25517606e-03 4.99080610e+00
-4.25994443e-03 4.99060345e+00
-4.25636815e-03 4.99068594e+00
-4.25636815e-03 4.99077034e+00
-4.23967885e-03 4.99085283e+00
-4.23133420e-03 4.99074316e+00
-4.25636815e-03 4.99074316e+00
-4.26352071e-03 4.99086332e+00
-4.26113652e-03 4.99070978e+00
-4.24921559e-03 4.99069405e+00
-4.26709699e-03 4.99075508e+00
-4.24802350e-03 4.99086714e+00
-4.26828908e-03 4.99071932e+00
-4.25517606e-03 4.99082518e+00
-4.25756024e-03 4.99079895e+00
-4.27782582e-03 4.99062157e+00
-4.25994443e-03 4.99077177e+00
-4.25994443e-03 4.99067879e+00
-4.24444722e-03 4.99080038e+00
-4.26232861e-03 4.99082756e+00
-4.25159978e-03 4.99079323e+00
-4.25994443e-03 4.99084091e+00
-4.26232861e-03 4.99063826e+00
-4.26948117e-03 4.99066448e+00
-4.25636815e-03 4.99080038e+00
-4.26471280e-03 4.99071550e+00
-4.26232861e-03 4.99082279e+00
-4.24087094e-03 4.99079323e+00
-4.26352071e-03 4.99076080e+00
-4.25398396e-03 4.99073601e+00
-4.26709699e-03 4.99080753e+00
-4.26232861e-03 4.99067497e+00
-4.25994443e-03 4.99078369e+00
-4.26352071e-03 4.99072981e+00
-4.25875233e-03 4.99071550e+00
-4.24683141e-03 4.99077272e+00
-4.25636815e-03 4.99080992e+00
-4.24563931e-03 4.99067497e+00
-4.28259419e-03 4.99074650e+00
-4.25756024e-03 4.99090147e+00
-4.25398396e-03 4.99081230e+00
-4.24921559e-03 4.99080515e+00
-4.26352071e-03 4.99079895e+00
-4.26232861e-03 4.99070358e+00
-4.26590489e-03 4.99090624e+00
-4.24563931e-03 4.99077654e+00
-4.24087094e-03 4.99065018e+00
-4.24444722e-03 4.99078226e+00
-4.25875233e-03 4.99073935e+00
-4.25279187e-03 4.99098492e+00
-4.28617047e-03 4.99075270e+00
-4.24206303e-03 4.99091005e+00
-4.25517606e-03 4.99082279e+00
-4.26232861e-03 4.99077272e+00
-4.25636815e-03 4.99085999e+00
-4.25279187e-03 4.99079323e+00
-4.25875233e-03 4.99077749e+00
-4.25875233e-03 4.99075747e+00
-4.26590489e-03 4.99073935e+00
-4.27544164e-03 4.99077272e+00
-4.24206303e-03 4.99083233e+00
-4.25040768e-03 4.99074173e+00
-4.24444722e-03 4.99076939e+00
-4.26709699e-03 4.99072266e+00
-4.24802350e-03 4.99078369e+00
-4.26590489e-03 4.99084091e+00
-4.26590489e-03 4.99074793e+00
-4.26590489e-03 4.99071693e+00
-4.24206303e-03 4.99076939e+00
-4.23014211e-03 4.99082994e+00
-4.25756024e-03 4.99080992e+00
-4.26709699e-03 4.99075270e+00
-4.25636815e-03 4.99092293e+00
-4.26232861e-03 4.99085283e+00
-4.24802350e-03 4.99085855e+00
-4.25279187e-03 4.99069881e+00
-4.25398396e-03 4.99075603e+00
-4.26352071e-03 4.99071074e+00
-4.26352071e-03 4.99091578e+00
-4.26948117e-03 4.99075985e+00
-4.25636815e-03 4.99090528e+00
-4.24802350e-03 4.99085855e+00
-4.25875233e-03 4.99065590e+00
-4.25994443e-03 4.99080610e+00
-4.25636815e-03 4.99073601e+00
-4.26232861e-03 4.99081469e+00
-4.25040768e-03 4.99076557e+00
-4.26828908e-03 4.99093485e+00
-4.25875233e-03 4.99082994e+00
-4.27067326e-03 4.99098730e+00
-4.23967885e-03 4.99086237e+00
-4.26232861e-03 4.99090767e+00
-4.25756024e-03 4.99075603e+00
-4.26232861e-03 4.99089432e+00
-4.26590489e-03 4.99089098e+00
-4.24563931e-03 4.99078465e+00
-4.26948117e-03 4.99081230e+00
-4.25875233e-03 4.99074793e+00
-4.24802350e-03 4.99089575e+00
-4.25159978e-03 4.99080133e+00
-4.25398396e-03 4.99081326e+00
-4.25159978e-03 4.99085045e+00
-4.26352071e-03 4.99080372e+00
-4.25517606e-03 4.99085140e+00
-4.24206303e-03 4.99076319e+00
-4.25040768e-03 4.99076939e+00
-4.24206303e-03 4.99085999e+00
-4.25279187e-03 4.99078941e+00
-4.25517606e-03 4.99081802e+00
-4.25994443e-03 4.99086332e+00
-4.26471280e-03 4.99078941e+00
-4.26471280e-03 4.99086094e+00
-4.24921559e-03 4.99070597e+00
-4.27305745e-03 4.99085522e+00
-4.24683141e-03 4.99082041e+00
-4.25279187e-03 4.99093723e+00
-4.26590489e-03 4.99089098e+00
-4.25398396e-03 4.99086094e+00
-4.25279187e-03 4.99077177e+00
-4.26113652e-03 4.99090290e+00
-4.25159978e-03 4.99083233e+00
-4.25398396e-03 4.99090862e+00
-4.26352071e-03 4.99084187e+00
-4.25040768e-03 4.99092674e+00
-4.25636815e-03 4.99087763e+00
-4.23729466e-03 4.99094582e+00
-4.26113652e-03 4.99088144e+00
-4.27067326e-03 4.99082899e+00
-4.25279187e-03 4.99083948e+00
-4.25159978e-03 4.99090767e+00
-4.25040768e-03 4.99086475e+00
-4.24325513e-03 4.99086475e+00
-4.26471280e-03 4.99090147e+00
-4.24563931e-03 4.99086809e+00
-4.24325513e-03 4.99075127e+00
-4.26232861e-03 4.99083853e+00
-4.25994443e-03 4.99091339e+00
-4.24444722e-03 4.99081707e+00
-4.25875233e-03 4.99080610e+00
-4.25994443e-03 4.99077654e+00
-4.25159978e-03 4.99087763e+00
-4.24563931e-03 4.99089098e+00
-4.24683141e-03 4.99085045e+00
-4.25040768e-03 4.99096584e+00
-4.27067326e-03 4.99087667e+00
-4.26948117e-03 4.99093723e+00
-4.24683141e-03 4.99084663e+00
-4.26352071e-03 4.99082899e+00
-4.26471280e-03 4.99092054e+00
-4.26232861e-03 4.99092293e+00
-4.24444722e-03 4.99081230e+00
-4.25040768e-03 4.99091721e+00
-4.26828908e-03 4.99079800e+00
-4.24683141e-03 4.99084663e+00
-4.25279187e-03 4.99084902e+00
-4.26471280e-03 4.99092770e+00
-4.24802350e-03 4.99093390e+00
-4.26590489e-03 4.99085999e+00
-4.27186536e-03 4.99085140e+00
-4.24683141e-03 4.99100399e+00
-4.26113652e-03 4.99085283e+00
-4.25517606e-03 4.99086094e+00
-4.26232861e-03 4.99096107e+00
-4.25636815e-03 4.99085522e+00
-4.24087094e-03 4.99082184e+00
-4.26232861e-03 4.99103498e+00
-4.25279187e-03 4.99079800e+00
-4.24921559e-03 4.99083376e+00
-4.28140210e-03 4.99090767e+00
-4.24325513e-03 4.99078846e+00
-4.25398396e-03 4.99086094e+00
-4.24087094e-03 4.99092531e+00
-4.24921559e-03 4.99103737e+00
-4.25875233e-03 4.99077034e+00
-4.25279187e-03 4.99090385e+00
-4.25994443e-03 4.99080372e+00
-4.26471280e-03 4.99087906e+00
-4.25875233e-03 4.99084187e+00
-4.25636815e-03 4.99088383e+00
-4.25517606e-03 4.99089432e+00
-4.25279187e-03 4.99091101e+00
-4.25756024e-03 4.99084425e+00
-4.27067326e-03 4.99086475e+00
-4.25875233e-03 4.99091339e+00
-4.24563931e-03 4.99091339e+00
-4.24921559e-03 4.99081326e+00
-4.25279187e-03 4.99083614e+00
-4.25875233e-03 4.99087524e+00
-4.25040768e-03 4.99092531e+00
-4.26471280e-03 4.99087429e+00
-4.25756024e-03 4.99091482e+00
-4.25279187e-03 4.99105167e+00
-4.25279187e-03 4.99095154e+00
-4.26352071e-03 4.99094439e+00
-4.25875233e-03 4.99087191e+00
-4.29093884e-03 4.99092436e+00
-4.25517606e-03 4.99082661e+00
-4.25159978e-03 4.99085999e+00
-4.25875233e-03 4.99088717e+00
-4.26590489e-03 4.99089193e+00
-4.25756024e-03 4.99092197e+00
-4.28140210e-03 4.99085760e+00
-4.25756024e-03 4.99095869e+00
-4.24921559e-03 4.99100399e+00
-4.25279187e-03 4.99082279e+00
-4.25398396e-03 4.99098969e+00
-4.25159978e-03 4.99085283e+00
-4.27186536e-03 4.99080276e+00
-4.25517606e-03 4.99089575e+00
-4.27186536e-03 4.99092674e+00
-4.25875233e-03 4.99095058e+00
-4.25875233e-03 4.99096489e+00
-4.25875233e-03 4.99080038e+00
-4.22775792e-03 4.99088478e+00
-4.24683141e-03 4.99082422e+00
-4.26709699e-03 4.99090862e+00
-4.24921559e-03 4.99089336e+00
-4.25994443e-03 4.99094820e+00
-4.25636815e-03 4.99092436e+00
-4.23491048e-03 4.99089670e+00
-4.26352071e-03 4.99092197e+00
-4.25040768e-03 4.99093962e+00
-4.23848676e-03 4.99104357e+00
-4.25159978e-03 4.99079418e+00
-4.25756024e-03 4.99084187e+00
-4.25517606e-03 4.99102449e+00
-4.26113652e-03 4.99097443e+00
-4.25875233e-03 4.99095297e+00
-4.26352071e-03 4.99086237e+00
-4.24563931e-03 4.99096012e+00
-4.25636815e-03 4.99093866e+00
-4.24921559e-03 4.99103403e+00
-4.25517606e-03 4.99095297e+00
-4.26590489e-03 4.99088383e+00
-4.25517606e-03 4.99088860e+00
-4.26113652e-03 4.99085045e+00
-4.24921559e-03 4.99096727e+00
-4.28021001e-03 4.99087191e+00
-4.26113652e-03 4.99092293e+00
-4.27067326e-03 4.99091482e+00
-4.25040768e-03 4.99087667e+00
-4.26113652e-03 4.99083614e+00
-4.24444722e-03 4.99087524e+00
-4.24087094e-03 4.99092674e+00
-4.23848676e-03 4.99090528e+00
-4.26948117e-03 4.99091005e+00
-4.25279187e-03 4.99093390e+00
-4.25994443e-03 4.99088383e+00
-4.26948117e-03 4.99097776e+00
-4.25756024e-03 4.99087763e+00
-4.25994443e-03 4.99097681e+00
-4.24087094e-03 4.99099112e+00
-4.26232861e-03 4.99096727e+00
-4.26948117e-03 4.99096823e+00
-4.25875233e-03 4.99092197e+00
-4.26471280e-03 4.99087429e+00
-4.26113652e-03 4.99087524e+00
-4.27782582e-03 4.99095392e+00
-4.25040768e-03 4.99101734e+00
-4.23729466e-03 4.99096823e+00
-4.25279187e-03 4.99092436e+00
-4.25398396e-03 4.99096251e+00
-4.25756024e-03 4.99082756e+00
-4.25994443e-03 4.99098492e+00
-4.25279187e-03 4.99087667e+00
-4.25875233e-03 4.99103022e+00
-4.24206303e-03 4.99093246e+00
-4.23371838e-03 4.99081945e+00
-4.26948117e-03 4.99088383e+00
-4.26471280e-03 4.99090052e+00
-4.26352071e-03 4.99099827e+00
-4.25159978e-03 4.99092674e+00
-4.26352071e-03 4.99086237e+00
-4.25159978e-03 4.99093008e+00
-4.26113652e-03 4.99087191e+00
-4.26352071e-03 4.99074554e+00
-4.24206303e-03 4.99104357e+00
-4.23848676e-03 4.99081802e+00
-4.24206303e-03 4.99091959e+00
-4.26948117e-03 4.99093485e+00
-4.26590489e-03 4.99095297e+00
-4.26590489e-03 4.99087906e+00
-4.25994443e-03 4.99084187e+00
-4.25517606e-03 4.99097919e+00
-4.25756024e-03 4.99093485e+00
-4.25994443e-03 4.99086571e+00
-4.25875233e-03 4.99075985e+00
-4.23610257e-03 4.99095631e+00
-4.27424954e-03 4.99094582e+00
-4.26113652e-03 4.99097061e+00
-4.24563931e-03 4.99085522e+00
-4.25756024e-03 4.99091244e+00
-4.27067326e-03 4.99086714e+00
-4.24921559e-03 4.99086809e+00
-4.25756024e-03 4.99080849e+00
-4.25159978e-03 4.99086809e+00
-4.25398396e-03 4.99091959e+00
-4.25994443e-03 4.99097204e+00
-4.25994443e-03 4.99086475e+00
-4.25040768e-03 4.99100876e+00
-4.25398396e-03 4.99089670e+00
-4.25517606e-03 4.99086571e+00
-4.27305745e-03 4.99090147e+00
-4.24325513e-03 4.99086952e+00
-4.26590489e-03 4.99086714e+00
-4.24206303e-03 4.99082518e+00
-4.26113652e-03 4.99087429e+00
-4.26590489e-03 4.99083138e+00
-4.23729466e-03 4.99098158e+00
-4.24683141e-03 4.99094105e+00
-4.25517606e-03 4.99091339e+00
-4.24563931e-03 4.99094677e+00
-4.25756024e-03 4.99084663e+00
-4.23371838e-03 4.99100780e+00
-4.25279187e-03 4.99086571e+00
-4.24444722e-03 4.99075031e+00
-4.25875233e-03 4.99098730e+00
-4.23729466e-03 4.99090290e+00
-4.25517606e-03 4.99094200e+00
-4.25159978e-03 4.99084187e+00
-4.26828908e-03 4.99084187e+00
-4.26113652e-03 4.99095869e+00
-4.26232861e-03 4.99078846e+00
-4.27663373e-03 4.99101830e+00
-4.26828908e-03 4.99093962e+00
-4.26232861e-03 4.99081326e+00
-4.24921559e-03 4.99094915e+00
-4.25875233e-03 4.99091339e+00
-4.26113652e-03 4.99097919e+00
-4.25159978e-03 4.99094439e+00
-4.24683141e-03 4.99096823e+00
-4.25636815e-03 4.99080372e+00
-4.25398396e-03 4.99082899e+00
-4.28378629e-03 4.99096727e+00
-4.25159978e-03 4.99086237e+00
-4.23729466e-03 4.99095297e+00
-4.24921559e-03 4.99095631e+00
-4.25756024e-03 4.99097776e+00
-4.26948117e-03 4.99096107e+00
-4.27544164e-03 4.99094677e+00
-4.24325513e-03 4.99101114e+00
-4.27424954e-03 4.99093485e+00
-4.25159978e-03 4.99095392e+00
-4.27186536e-03 4.99105644e+00
-4.24325513e-03 4.99091578e+00
-4.25159978e-03 4.99102306e+00
-4.25994443e-03 4.99088001e+00
-4.25517606e-03 4.99084806e+00
-4.25040768e-03 4.99090862e+00
-4.25279187e-03 4.99093485e+00
-4.24444722e-03 4.99084902e+00
-4.26828908e-03 4.99093390e+00
-4.24683141e-03 4.99094200e+00
-4.24921559e-03 4.99098969e+00
-4.25517606e-03 4.99089432e+00
-4.25279187e-03 4.99096584e+00
-4.24563931e-03 4.99085379e+00
-4.23729466e-03 4.99091959e+00
-4.26352071e-03 4.99094439e+00
-4.24206303e-03 4.99091244e+00
-4.24683141e-03 4.99104691e+00
-4.25040768e-03 4.99093866e+00
-4.24802350e-03 4.99087906e+00
-4.26948117e-03 4.99096251e+00
-4.25279187e-03 4.99093723e+00
-4.25279187e-03 4.99095631e+00
-4.25875233e-03 4.99095774e+00
-4.25756024e-03 4.99101496e+00
-4.25636815e-03 4.99094200e+00
-4.25517606e-03 4.99094105e+00
-4.26352071e-03 4.99106979e+00
-4.25040768e-03 4.99092054e+00
-4.25279187e-03 4.99099827e+00
-4.24921559e-03 4.99105167e+00
-4.26113652e-03 4.99090767e+00
-4.26948117e-03 4.99092436e+00
-4.26828908e-03 4.99093723e+00
-4.28378629e-03 4.99098730e+00
-4.25875233e-03 4.99098158e+00
-4.25636815e-03 4.99102306e+00
-4.24325513e-03 4.99100304e+00
-4.26232861e-03 4.99098730e+00
-4.24921559e-03 4.99104595e+00
-4.25994443e-03 4.99092436e+00
-4.24206303e-03 4.99102926e+00
-4.25398396e-03 4.99095297e+00
-4.26709699e-03 4.99097919e+00
-4.26352071e-03 4.99105787e+00
-4.25636815e-03 4.99105167e+00
-4.25040768e-03 4.99090385e+00
-4.25279187e-03 4.99120665e+00
-4.24683141e-03 4.99101353e+00
-4.25159978e-03 4.99101830e+00
-4.27305745e-03 4.99094343e+00
-4.25040768e-03 4.99090052e+00
-4.24206303e-03 4.99092674e+00
-4.25159978e-03 4.99090147e+00
-4.25398396e-03 4.99093485e+00
-4.25875233e-03 4.99093962e+00
-4.27067326e-03 4.99090147e+00
-4.24325513e-03 4.99083948e+00
-4.27424954e-03 4.99080372e+00
-4.27186536e-03 4.99080133e+00
-4.28021001e-03 4.99096823e+00
-4.26232861e-03 4.99098015e+00
-4.25159978e-03 4.99114227e+00
-4.26352071e-03 4.99101496e+00
-4.28259419e-03 4.99096727e+00
-4.26471280e-03 4.99113417e+00
-4.23967885e-03 4.99099445e+00
-4.26113652e-03 4.99105644e+00
-4.25994443e-03 4.99115896e+00
-4.26113652e-03 4.99100780e+00
-4.25756024e-03 4.99102926e+00
-4.25994443e-03 4.99078131e+00
-4.26709699e-03 4.99093866e+00
-4.25636815e-03 4.99098253e+00
-4.22418164e-03 4.99089432e+00
-4.25279187e-03 4.99108028e+00
-4.26948117e-03 4.99093485e+00
-4.26232861e-03 4.99095535e+00
-4.24683141e-03 4.99098396e+00
-4.25875233e-03 4.99099112e+00
-4.25279187e-03 4.99098873e+00
-4.25875233e-03 4.99103975e+00
-4.25636815e-03 4.99081802e+00
-4.26709699e-03 4.99094200e+00
-4.26352071e-03 4.99103975e+00
-4.24683141e-03 4.99093723e+00
-4.25040768e-03 4.99092674e+00
-4.27901791e-03 4.99121523e+00
-4.26590489e-03 4.99092436e+00
-4.26352071e-03 4.99104691e+00
-4.24087094e-03 4.99098873e+00
-4.25875233e-03 4.99095631e+00
-4.26232861e-03 4.99092674e+00
-4.25636815e-03 4.99102545e+00
-4.24206303e-03 4.99095869e+00
-4.25994443e-03 4.99100304e+00
-4.26948117e-03 4.99096727e+00
-4.25875233e-03 4.99096012e+00
-4.27782582e-03 4.99098015e+00
-4.26709699e-03 4.99097300e+00
-4.27544164e-03 4.99092770e+00
-4.26590489e-03 4.99099922e+00
-4.26590489e-03 4.99093866e+00
-4.25756024e-03 4.99086714e+00
-4.25398396e-03 4.99104595e+00
-4.26709699e-03 4.99092436e+00
-4.25398396e-03 4.99092436e+00
-4.26232861e-03 4.99098969e+00
-4.25159978e-03 4.99088717e+00
-4.24206303e-03 4.99092674e+00
-4.25756024e-03 4.99098492e+00
-4.25159978e-03 4.99093485e+00
-4.25159978e-03 4.99098253e+00
-4.25994443e-03 4.99102449e+00
-4.25875233e-03 4.99092054e+00
-4.26471280e-03 4.99102926e+00
-4.25279187e-03 4.99086952e+00
-4.26352071e-03 4.99098635e+00
-4.25040768e-03 4.99095869e+00
-4.26232861e-03 4.99088240e+00
-4.26948117e-03 4.99095297e+00
-4.24444722e-03 4.99102688e+00
-4.25159978e-03 4.99097538e+00
-4.25040768e-03 4.99090624e+00
-4.27782582e-03 4.99091482e+00
-4.25756024e-03 4.99094677e+00
-4.24683141e-03 4.99098253e+00
-4.25040768e-03 4.99091244e+00
-4.25636815e-03 4.99099922e+00
-4.26352071e-03 4.99095392e+00
-4.27067326e-03 4.99101114e+00
-4.26828908e-03 4.99095535e+00
-4.27544164e-03 4.99100399e+00
-4.25756024e-03 4.99092674e+00
-4.25994443e-03 4.99099684e+00
-4.25994443e-03 4.99093390e+00
-4.25040768e-03 4.99101830e+00
-4.26352071e-03 4.99099112e+00
-4.27544164e-03 4.99089432e+00
-4.25279187e-03 4.99094439e+00
-4.24683141e-03 4.99094915e+00
-4.25517606e-03 4.99097443e+00
-4.25040768e-03 4.99101591e+00
-4.25517606e-03 4.99092674e+00
-4.25279187e-03 4.99099684e+00
-4.27305745e-03 4.99094915e+00
-4.26948117e-03 4.99097776e+00
-4.24802350e-03 4.99096346e+00
-4.24087094e-03 4.99102306e+00
-4.27663373e-03 4.99099827e+00
-4.25279187e-03 4.99090767e+00
-4.25517606e-03 4.99096107e+00
-4.27186536e-03 4.99105787e+00
-4.23848676e-03 4.99104118e+00
-4.24802350e-03 4.99101019e+00
-4.24325513e-03 4.99112320e+00
-4.25756024e-03 4.99091005e+00
-4.25159978e-03 4.99095774e+00
-4.23967885e-03 4.99109221e+00
-4.25994443e-03 4.99101353e+00
-4.24563931e-03 4.99107075e+00
-4.25398396e-03 4.99101591e+00
-4.23967885e-03 4.99099684e+00
-4.25756024e-03 4.99092197e+00
-4.24325513e-03 4.99091244e+00
-4.26590489e-03 4.99100637e+00
-4.25756024e-03 4.99099112e+00
-4.24921559e-03 4.99082661e+00
-4.24802350e-03 4.99100399e+00
-4.24206303e-03 4.99098492e+00
-4.26113652e-03 4.99101353e+00
-4.25875233e-03 4.99092674e+00
-4.25875233e-03 4.99088144e+00
-4.25279187e-03 4.99093628e+00
-4.25040768e-03 4.99103403e+00
-4.25875233e-03 4.99096251e+00
-4.26352071e-03 4.99085855e+00
-4.26352071e-03 4.99098158e+00
-4.24921559e-03 4.99106979e+00
-4.24206303e-03 4.99100542e+00
-4.23252629e-03 4.99107075e+00
-4.26828908e-03 4.99104691e+00
-4.25279187e-03 4.99091101e+00
-4.24683141e-03 4.99108267e+00
-4.23133420e-03 4.99096584e+00
-4.25159978e-03 4.99095058e+00
-4.26352071e-03 4.99095631e+00
-4.26709699e-03 4.99098635e+00
-4.24683141e-03 4.99103498e+00
-4.25875233e-03 4.99100161e+00
-4.26232861e-03 4.99113274e+00
-4.26113652e-03 4.99102926e+00
-4.25756024e-03 4.99096107e+00
-4.25398396e-03 4.99088144e+00
-4.26232861e-03 4.99105883e+00
-4.23848676e-03 4.99102068e+00
-4.26828908e-03 4.99094582e+00
-4.25398396e-03 4.99100542e+00
-4.25636815e-03 4.99101114e+00
-4.26828908e-03 4.99096966e+00
-4.26352071e-03 4.99097919e+00
-4.24325513e-03 4.99110413e+00
-4.26352071e-03 4.99094820e+00
-4.26113652e-03 4.99093962e+00
-4.25994443e-03 4.99103498e+00
-4.24921559e-03 4.99095535e+00
-4.24921559e-03 4.99106836e+00
-4.24921559e-03 4.99103880e+00
-4.26113652e-03 4.99105549e+00
-4.24563931e-03 4.99093485e+00
-4.23014211e-03 4.99091578e+00
-4.24683141e-03 4.99107456e+00
-4.25040768e-03 4.99092436e+00
-4.24444722e-03 4.99101257e+00
-4.24563931e-03 4.99107933e+00
-4.25636815e-03 4.99099207e+00
-4.27305745e-03 4.99100542e+00
-4.24087094e-03 4.99087906e+00
-4.25636815e-03 4.99107456e+00
-4.25159978e-03 4.99101734e+00
-4.23967885e-03 4.99112082e+00
-4.26709699e-03 4.99095631e+00
-4.24683141e-03 4.99096584e+00
-4.23729466e-03 4.99086809e+00
-4.25517606e-03 4.99107075e+00
-4.25875233e-03 4.99094105e+00
-4.26352071e-03 4.99109459e+00
-4.24563931e-03 4.99104452e+00
-4.26948117e-03 4.99095154e+00
-4.24325513e-03 4.99089336e+00
-4.24206303e-03 4.99112320e+00
-4.25756024e-03 4.99104118e+00
-4.25875233e-03 4.99097776e+00
-4.24563931e-03 4.99093390e+00
-4.24921559e-03 4.99098873e+00
-4.23491048e-03 4.99085617e+00
-4.25040768e-03 4.99094200e+00
-4.26828908e-03 4.99106741e+00
-4.25279187e-03 4.99097443e+00
-4.25875233e-03 4.99098396e+00
-4.26590489e-03 4.99093723e+00
-4.26948117e-03 4.99096251e+00
-4.27186536e-03 4.99088144e+00
-4.23729466e-03 4.99087286e+00
-4.24087094e-03 4.99100780e+00
-4.26232861e-03 4.99099350e+00
-4.24683141e-03 4.99101973e+00
-4.25875233e-03 4.99107218e+00
-4.26828908e-03 4.99096727e+00
-4.25279187e-03 4.99098873e+00
-4.25994443e-03 4.99097538e+00
-4.25279187e-03 4.99105787e+00
-4.25636815e-03 4.99105310e+00
-4.24802350e-03 4.99113178e+00
-4.26352071e-03 4.99107695e+00
-4.26709699e-03 4.99103975e+00
-4.24683141e-03 4.99097776e+00
-4.26232861e-03 4.99103737e+00
-4.25398396e-03 4.99082994e+00
-4.23729466e-03 4.99111605e+00
-4.24563931e-03 4.99086332e+00
-4.26590489e-03 4.99107218e+00
-4.26113652e-03 4.99091244e+00
-4.24921559e-03 4.99099827e+00
-4.26113652e-03 4.99095869e+00
-4.25875233e-03 4.99095535e+00
-4.26471280e-03 4.99103403e+00
-4.26709699e-03 4.99100399e+00
-4.23848676e-03 4.99086714e+00
-4.25398396e-03 4.99080753e+00
-4.25279187e-03 4.99093962e+00
-4.26590489e-03 4.99101257e+00
-4.26352071e-03 4.99100780e+00
-4.26709699e-03 4.99087667e+00
-4.24683141e-03 4.99096823e+00
-4.23967885e-03 4.99102783e+00
-4.25398396e-03 4.99085379e+00
-4.26232861e-03 4.99106979e+00
-4.24921559e-03 4.99102068e+00
-4.24325513e-03 4.99093723e+00
-4.26232861e-03 4.99094820e+00
-4.24444722e-03 4.99101353e+00
-4.28140210e-03 4.99111032e+00
-4.25279187e-03 4.99109697e+00
-4.25398396e-03 4.99098873e+00
-4.24325513e-03 4.99103880e+00
-4.27067326e-03 4.99101019e+00
-4.25517606e-03 4.99105787e+00
-4.24563931e-03 4.99111748e+00
-4.27782582e-03 4.99110556e+00
-4.26232861e-03 4.99093485e+00
-4.24802350e-03 4.99096966e+00
-4.24802350e-03 4.99110556e+00
-4.26471280e-03 4.99121284e+00
-4.24802350e-03 4.99092674e+00
-4.24444722e-03 4.99094820e+00
-4.27424954e-03 4.99095058e+00
-4.26113652e-03 4.99103260e+00
-4.25994443e-03 4.99092436e+00
-4.24683141e-03 4.99110794e+00
-4.25756024e-03 4.99113035e+00
-4.24206303e-03 4.99109936e+00
-4.25040768e-03 4.99105310e+00
-4.25636815e-03 4.99093866e+00
-4.25159978e-03 4.99097300e+00
-4.27186536e-03 4.99101830e+00
-4.26232861e-03 4.99103165e+00
-4.26590489e-03 4.99104691e+00
-4.25994443e-03 4.99093485e+00
-4.25040768e-03 4.99108744e+00
-4.26232861e-03 4.99095631e+00
-4.26471280e-03 4.99103737e+00
-4.27663373e-03 4.99109364e+00
-4.24921559e-03 4.99109459e+00
-4.23729466e-03 4.99094820e+00
-4.25636815e-03 4.99106264e+00
-4.27067326e-03 4.99110556e+00
-4.25159978e-03 4.99096823e+00
-4.24683141e-03 4.99103165e+00
-4.24444722e-03 4.99098253e+00
-4.25159978e-03 4.99103260e+00
-4.25517606e-03 4.99104834e+00
-4.25279187e-03 4.99100304e+00
-4.27305745e-03 4.99095869e+00
-4.25279187e-03 4.99122334e+00
-4.25279187e-03 4.99093962e+00
-4.26113652e-03 4.99104452e+00
-4.26709699e-03 4.99097443e+00
-4.25279187e-03 4.99099922e+00
-4.24444722e-03 4.99101830e+00
-4.26232861e-03 4.99102783e+00
-4.25398396e-03 4.99113178e+00
-4.24802350e-03 4.99099827e+00
-4.25398396e-03 4.99118185e+00
-4.26352071e-03 4.99098396e+00
-4.23848676e-03 4.99104691e+00
-4.25517606e-03 4.99114227e+00
-4.25517606e-03 4.99110556e+00
-4.25756024e-03 4.99108171e+00
-4.25636815e-03 4.99103022e+00
-4.25040768e-03 4.99115419e+00
-4.26352071e-03 4.99111748e+00
-4.25994443e-03 4.99107790e+00
-4.25636815e-03 4.99100161e+00
-4.26709699e-03 4.99098873e+00
-4.24444722e-03 4.99103737e+00
-4.24206303e-03 4.99113274e+00
-4.25994443e-03 4.99109840e+00
-4.27782582e-03 4.99106359e+00
-4.26709699e-03 4.99110174e+00
-4.25398396e-03 4.99103880e+00
-4.25279187e-03 4.99096107e+00
-4.25756024e-03 4.99107790e+00
-4.25040768e-03 4.99107456e+00
-4.26471280e-03 4.99110413e+00
-4.25636815e-03 4.99101973e+00
-4.27067326e-03 4.99111032e+00
-4.26352071e-03 4.99111748e+00
-4.26352071e-03 4.99114370e+00
-4.24802350e-03 4.99113989e+00
-4.25994443e-03 4.99096584e+00
-4.25994443e-03 4.99103260e+00
-4.25398396e-03 4.99093390e+00
-4.27067326e-03 4.99101496e+00
-4.25279187e-03 4.99109459e+00
-4.25517606e-03 4.99111843e+00
-4.25398396e-03 4.99102688e+00
-4.24444722e-03 4.99114704e+00
-4.25159978e-03 4.99105644e+00
-4.25517606e-03 4.99099445e+00
-4.27424954e-03 4.99111128e+00
-4.26232861e-03 4.99104691e+00
-4.26232861e-03 4.99119139e+00
-4.26113652e-03 4.99103737e+00
-4.25756024e-03 4.99108744e+00
-4.26590489e-03 4.99119234e+00
-4.27782582e-03 4.99115419e+00
-4.25040768e-03 4.99102449e+00
-4.24087094e-03 4.99095392e+00
-4.24563931e-03 4.99092054e+00
-4.28140210e-03 4.99110794e+00
-4.27186536e-03 4.99098396e+00
-4.24921559e-03 4.99109221e+00
-4.25040768e-03 4.99105310e+00
-4.25517606e-03 4.99107790e+00
-4.26113652e-03 4.99120903e+00
-4.26232861e-03 4.99112558e+00
-4.25279187e-03 4.99104214e+00
-4.25994443e-03 4.99105787e+00
-4.25040768e-03 4.99098396e+00
-4.25398396e-03 4.99101114e+00
-4.25517606e-03 4.99111271e+00
-4.25636815e-03 4.99118042e+00
-4.25636815e-03 4.99108267e+00
-4.26709699e-03 4.99100780e+00
-4.23371838e-03 4.99104929e+00
-4.26232861e-03 4.99113178e+00
-4.23610257e-03 4.99119616e+00
-4.24563931e-03 4.99113989e+00
-4.23371838e-03 4.99111843e+00
-4.25994443e-03 4.99117708e+00
-4.26352071e-03 4.99122810e+00
-4.26352071e-03 4.99107456e+00
-4.26590489e-03 4.99097204e+00
-4.23729466e-03 4.99108982e+00
-4.26828908e-03 4.99110079e+00
-4.26113652e-03 4.99107075e+00
-4.27782582e-03 4.99107075e+00
-4.26471280e-03 4.99108028e+00
-4.24683141e-03 4.99117327e+00
-4.25636815e-03 4.99109840e+00
-4.27663373e-03 4.99118423e+00
-4.25398396e-03 4.99109221e+00
-4.24325513e-03 4.99096823e+00
-4.27186536e-03 4.99101496e+00
-4.24683141e-03 4.99113274e+00
-4.26471280e-03 4.99102449e+00
-4.26113652e-03 4.99104929e+00
-4.25517606e-03 4.99098158e+00
-4.26471280e-03 4.99119473e+00
-4.25756024e-03 4.99106264e+00
-4.26471280e-03 4.99104452e+00
-4.26232861e-03 4.99114943e+00
-4.25279187e-03 4.99109125e+00
-4.25159978e-03 4.99101973e+00
-4.23729466e-03 4.99113655e+00
-4.25517606e-03 4.99105310e+00
-4.26352071e-03 4.99112797e+00
-4.26590489e-03 4.99112940e+00
-4.26709699e-03 4.99121284e+00
-4.26709699e-03 4.99108028e+00
-4.24683141e-03 4.99100542e+00
-4.27067326e-03 4.99102211e+00
-4.25756024e-03 4.99112558e+00
-4.26232861e-03 4.99120331e+00
-4.27424954e-03 4.99115181e+00
-4.25756024e-03 4.99128437e+00
-4.24325513e-03 4.99102783e+00
-4.24325513e-03 4.99107075e+00
-4.25517606e-03 4.99105549e+00
-4.27544164e-03 4.99106264e+00
-4.25398396e-03 4.99104929e+00
-4.25398396e-03 4.99115658e+00
-4.25398396e-03 4.99126530e+00
-4.26113652e-03 4.99103022e+00
-4.25159978e-03 4.99107790e+00
-4.26828908e-03 4.99117327e+00
-4.24087094e-03 4.99106264e+00
-4.24325513e-03 4.99109936e+00
-4.26232861e-03 4.99103260e+00
-4.26590489e-03 4.99117708e+00
-4.26232861e-03 4.99108171e+00
-4.25040768e-03 4.99110317e+00
-4.25040768e-03 4.99124622e+00
-4.25517606e-03 4.99116755e+00
-4.24087094e-03 4.99106979e+00
-4.27901791e-03 4.99118900e+00
-4.27067326e-03 4.99112463e+00
-4.22179746e-03 4.99097538e+00
-4.26948117e-03 4.99115801e+00
-4.25994443e-03 4.99112320e+00
-4.24087094e-03 4.99112701e+00
-4.25994443e-03 4.99114609e+00
-4.26352071e-03 4.99103022e+00
-4.26471280e-03 4.99115562e+00
-4.25994443e-03 4.99107695e+00
-4.25040768e-03 4.99103975e+00
-4.26113652e-03 4.99110889e+00
-4.25159978e-03 4.99122000e+00
-4.26709699e-03 4.99101019e+00
-4.25875233e-03 4.99103403e+00
-4.23967885e-03 4.99102068e+00
-4.26232861e-03 4.99112225e+00
-4.25994443e-03 4.99104357e+00
-4.25875233e-03 4.99106836e+00
-4.24325513e-03 4.99108648e+00
-4.25756024e-03 4.99117231e+00
-4.24921559e-03 4.99102926e+00
-4.25159978e-03 4.99105787e+00
-4.25636815e-03 4.99111843e+00
-4.26352071e-03 4.99109125e+00
-4.26232861e-03 4.99114609e+00
-4.24802350e-03 4.99119377e+00
-4.25756024e-03 4.99103975e+00
-4.25756024e-03 4.99120092e+00
-4.26471280e-03 4.99111748e+00
-4.27067326e-03 4.99111605e+00
-4.25517606e-03 4.99113178e+00
-4.25159978e-03 4.99109602e+00
-4.24802350e-03 4.99115181e+00
-4.26590489e-03 4.99106026e+00
-4.24921559e-03 4.99117088e+00
-4.25636815e-03 4.99114609e+00
-4.24683141e-03 4.99108267e+00
-4.27901791e-03 4.99118757e+00
-4.25040768e-03 4.99093962e+00
-4.25875233e-03 4.99114132e+00
-4.27305745e-03 4.99109364e+00
-4.26352071e-03 4.99106598e+00
-4.26471280e-03 4.99096251e+00
-4.26113652e-03 4.99112797e+00
-4.24802350e-03 4.99096966e+00
-4.24563931e-03 4.99104452e+00
-4.26709699e-03 4.99117327e+00
-4.25517606e-03 4.99105406e+00
-4.24563931e-03 4.99104357e+00
-4.24444722e-03 4.99105883e+00
-4.25398396e-03 4.99109364e+00
-4.26232861e-03 4.99108648e+00
-4.27305745e-03 4.99106741e+00
-4.26352071e-03 4.99113894e+00
-4.25279187e-03 4.99117804e+00
-4.24921559e-03 4.99112797e+00
-4.23133420e-03 4.99098635e+00
-4.25279187e-03 4.99116135e+00
-4.26948117e-03 4.99117947e+00
-4.26113652e-03 4.99111271e+00
-4.24563931e-03 4.99116135e+00
-4.24206303e-03 4.99109936e+00
-4.26113652e-03 4.99107218e+00
-4.24325513e-03 4.99108505e+00
-4.25756024e-03 4.99103403e+00
-4.25756024e-03 4.99130201e+00
-4.25636815e-03 4.99101353e+00
-4.25756024e-03 4.99123526e+00
-4.27544164e-03 4.99116278e+00
-4.25756024e-03 4.99094200e+00
-4.26828908e-03 4.99119854e+00
-4.27186536e-03 4.99101353e+00
-4.26948117e-03 4.99119616e+00
-4.24802350e-03 4.99125338e+00
-4.25636815e-03 4.99112797e+00
-4.23371838e-03 4.99118185e+00
-4.27424954e-03 4.99113894e+00
-4.25279187e-03 4.99112701e+00
-4.25279187e-03 4.99106979e+00
-4.27186536e-03 4.99118042e+00
-4.26948117e-03 4.99105787e+00
-4.25159978e-03 4.99104452e+00
-4.24921559e-03 4.99111128e+00
-4.24802350e-03 4.99115086e+00
-4.24802350e-03 4.99109936e+00
-4.25875233e-03 4.99114847e+00
-4.23967885e-03 4.99123669e+00
-4.25875233e-03 4.99113512e+00
-4.27305745e-03 4.99117231e+00
-4.25398396e-03 4.99116755e+00
-4.25040768e-03 4.99100161e+00
-4.26590489e-03 4.99122953e+00
-4.25279187e-03 4.99110889e+00
-4.25279187e-03 4.99114227e+00
-4.27067326e-03 4.99112082e+00
-4.26948117e-03 4.99113512e+00
-4.25159978e-03 4.99111509e+00
-4.24802350e-03 4.99101830e+00
-4.25636815e-03 4.99110317e+00
-4.25875233e-03 4.99108887e+00
-4.24802350e-03 4.99113035e+00
-4.26471280e-03 4.99120092e+00
-4.27186536e-03 4.99103737e+00
-4.26948117e-03 4.99106121e+00
-4.27305745e-03 4.99107933e+00
-4.26232861e-03 4.99119473e+00
-4.25517606e-03 4.99107456e+00
-4.24921559e-03 4.99109936e+00
-4.27544164e-03 4.99115896e+00
-4.26948117e-03 4.99119949e+00
-4.26352071e-03 4.99120569e+00
-4.27544164e-03 4.99110174e+00
-4.26232861e-03 4.99115086e+00
-4.26352071e-03 4.99128771e+00
-4.24206303e-03 4.99119616e+00
-4.26471280e-03 4.99117708e+00
-4.25756024e-03 4.99111986e+00
-4.27424954e-03 4.99117708e+00
-4.25398396e-03 4.99107313e+00
-4.24921559e-03 4.99110079e+00
-4.26352071e-03 4.99118185e+00
-4.26352071e-03 4.99115658e+00
-4.27901791e-03 4.99112463e+00
-4.26828908e-03 4.99117470e+00
-4.24921559e-03 4.99098873e+00
-4.25398396e-03 4.99106741e+00
-4.23133420e-03 4.99117804e+00
-4.25159978e-03 4.99105644e+00
-4.27424954e-03 4.99108028e+00
-4.25040768e-03 4.99115801e+00
-4.25636815e-03 4.99101591e+00
-4.28021001e-03 4.99111748e+00
-4.25756024e-03 4.99108887e+00
-4.25994443e-03 4.99114943e+00
-4.25517606e-03 4.99111128e+00
-4.25994443e-03 4.99109221e+00
-4.25279187e-03 4.99096012e+00
-4.26590489e-03 4.99106741e+00
-4.24921559e-03 4.99118662e+00
-4.26352071e-03 4.99120331e+00
-4.25159978e-03 4.99123192e+00
-4.23848676e-03 4.99107313e+00
-4.24921559e-03 4.99107313e+00
-4.26113652e-03 4.99110651e+00
-4.27305745e-03 4.99119139e+00
-4.24325513e-03 4.99115419e+00
-4.25636815e-03 4.99106598e+00
-4.25875233e-03 4.99123049e+00
-4.25398396e-03 4.99116611e+00
-4.26352071e-03 4.99107456e+00
-4.24921559e-03 4.99116516e+00
-4.26232861e-03 4.99115658e+00
-4.26590489e-03 4.99116611e+00
-4.24087094e-03 4.99109840e+00
-4.26471280e-03 4.99113512e+00
-4.26709699e-03 4.99112320e+00
-4.25398396e-03 4.99117231e+00
-4.24921559e-03 4.99107790e+00
-4.28021001e-03 4.99102068e+00
-4.27544164e-03 4.99108505e+00
-4.26590489e-03 4.99111605e+00
-4.25279187e-03 4.99114466e+00
-4.25517606e-03 4.99117470e+00
-4.26709699e-03 4.99109840e+00
-4.26352071e-03 4.99118185e+00
-4.26590489e-03 4.99118900e+00
-4.25636815e-03 4.99117565e+00
-4.26471280e-03 4.99103642e+00
-4.26709699e-03 4.99115801e+00
-4.25517606e-03 4.99113894e+00
-4.26471280e-03 4.99115801e+00
-4.25159978e-03 4.99120426e+00
-4.25279187e-03 4.99109459e+00
-4.24325513e-03 4.99108171e+00
-4.25994443e-03 4.99124479e+00
-4.24683141e-03 4.99124861e+00
-4.27424954e-03 4.99112797e+00
-4.24802350e-03 4.99108982e+00
-4.26709699e-03 4.99123907e+00
-4.25756024e-03 4.99119473e+00
-4.25279187e-03 4.99116755e+00
-4.26352071e-03 4.99112940e+00
-4.24683141e-03 4.99115419e+00
-4.27663373e-03 4.99124622e+00
-4.25636815e-03 4.99111032e+00
-4.26232861e-03 4.99110413e+00
-4.26232861e-03 4.99123049e+00
-4.26828908e-03 4.99119473e+00
-4.24563931e-03 4.99111986e+00
-4.25636815e-03 4.99127102e+00
-4.23610257e-03 4.99129391e+00
-4.25517606e-03 4.99133301e+00
-4.25756024e-03 4.99111843e+00
-4.25279187e-03 4.99109602e+00
-4.25517606e-03 4.99120665e+00
-4.23371838e-03 4.99124002e+00
-4.25875233e-03 4.99123764e+00
-4.24802350e-03 4.99108648e+00
-4.25875233e-03 4.99119473e+00
-4.25398396e-03 4.99118042e+00
-4.27305745e-03 4.99112797e+00
-4.27424954e-03 4.99111748e+00
-4.26471280e-03 4.99122715e+00
-4.24563931e-03 4.99106359e+00
-4.25159978e-03 4.99113417e+00
-4.24683141e-03 4.99118519e+00
-4.26232861e-03 4.99114704e+00
-4.25040768e-03 4.99113417e+00
-4.26590489e-03 4.99115562e+00
-4.25159978e-03 4.99121380e+00
-4.26113652e-03 4.99117327e+00
-4.26828908e-03 4.99120092e+00
-4.24921559e-03 4.99113894e+00
-4.26352071e-03 4.99105310e+00
-4.26948117e-03 4.99101734e+00
-4.25159978e-03 4.99110556e+00
-4.26232861e-03 4.99117231e+00
-4.25756024e-03 4.99108267e+00
-4.26113652e-03 4.99110889e+00
-4.23848676e-03 4.99108982e+00
-4.25279187e-03 4.99112701e+00
-4.25159978e-03 4.99106121e+00
-4.26709699e-03 4.99116755e+00
-4.26232861e-03 4.99114227e+00
-4.25159978e-03 4.99108982e+00
-4.26113652e-03 4.99117327e+00
-4.25636815e-03 4.99107695e+00
-4.24921559e-03 4.99099350e+00
-4.26471280e-03 4.99106359e+00
-4.26352071e-03 4.99118280e+00
-4.24206303e-03 4.99115801e+00
-4.23729466e-03 4.99110651e+00
-4.23729466e-03 4.99109459e+00
-4.27663373e-03 4.99116039e+00
-4.24325513e-03 4.99111605e+00
-4.26352071e-03 4.99109840e+00
-4.26232861e-03 4.99114132e+00
-4.26232861e-03 4.99108410e+00
-4.27186536e-03 4.99122572e+00
-4.26948117e-03 4.99112797e+00
-4.27901791e-03 4.99120426e+00
-4.26828908e-03 4.99114704e+00
-4.27305745e-03 4.99123049e+00
-4.27305745e-03 4.99111986e+00
-4.24325513e-03 4.99119473e+00
-4.26471280e-03 4.99113035e+00
-4.25636815e-03 4.99125195e+00
-4.24921559e-03 4.99113035e+00
-4.23491048e-03 4.99104691e+00
-4.26232861e-03 4.99111986e+00
-4.26828908e-03 4.99118757e+00
-4.25636815e-03 4.99122477e+00
-4.26590489e-03 4.99114370e+00
-4.25279187e-03 4.99121523e+00
-4.26471280e-03 4.99114370e+00
-4.26709699e-03 4.99130583e+00
-4.27067326e-03 4.99113035e+00
-4.26471280e-03 4.99120331e+00
-4.26352071e-03 4.99111605e+00
-4.25040768e-03 4.99118280e+00
-4.25279187e-03 4.99116278e+00
-4.24921559e-03 4.99117565e+00
-4.28021001e-03 4.99118042e+00
-4.23848676e-03 4.99116993e+00
-4.24921559e-03 4.99115896e+00
-4.27782582e-03 4.99124384e+00
-4.25756024e-03 4.99117708e+00
-4.27663373e-03 4.99117088e+00
-4.27424954e-03 4.99113417e+00
-4.24921559e-03 4.99121857e+00
-4.25040768e-03 4.99111032e+00
-4.25636815e-03 4.99113989e+00
-4.26232861e-03 4.99112701e+00
-4.27901791e-03 4.99112701e+00
-4.25756024e-03 4.99132586e+00
-4.24802350e-03 4.99112463e+00
-4.25756024e-03 4.99119711e+00
-4.26471280e-03 4.99115324e+00
-4.26471280e-03 4.99115658e+00
-4.26232861e-03 4.99109459e+00
-4.26948117e-03 4.99120665e+00
-4.25040768e-03 4.99116755e+00
-4.26471280e-03 4.99104452e+00
-4.25279187e-03 4.99108171e+00
-4.25398396e-03 4.99112082e+00
-4.26352071e-03 4.99123764e+00
-4.27663373e-03 4.99121523e+00
-4.28140210e-03 4.99114847e+00
-4.26590489e-03 4.99108267e+00
-4.26113652e-03 4.99115419e+00
-4.25636815e-03 4.99116850e+00
-4.25875233e-03 4.99113417e+00
-4.26232861e-03 4.99128532e+00
-4.25159978e-03 4.99130344e+00
-4.26828908e-03 4.99117470e+00
-4.25636815e-03 4.99106359e+00
-4.25994443e-03 4.99114704e+00
-4.27782582e-03 4.99117327e+00
-4.27901791e-03 4.99117231e+00
-4.24802350e-03 4.99106359e+00
-4.25994443e-03 4.99111128e+00
-4.24802350e-03 4.99106836e+00
-4.25994443e-03 4.99123192e+00
-4.25040768e-03 4.99120188e+00
-4.27067326e-03 4.99118757e+00
-4.25994443e-03 4.99127483e+00
-4.26471280e-03 4.99120331e+00
-4.24683141e-03 4.99121380e+00
-4.26232861e-03 4.99110174e+00
-4.25398396e-03 4.99112558e+00
-4.26709699e-03 4.99113274e+00
-4.24802350e-03 4.99117708e+00
-4.24444722e-03 4.99116850e+00
-4.24683141e-03 4.99131060e+00
-4.25279187e-03 4.99106503e+00
-4.26709699e-03 4.99114704e+00
-4.26232861e-03 4.99119139e+00
-4.25517606e-03 4.99107313e+00
-4.26113652e-03 4.99107695e+00
-4.27782582e-03 4.99110079e+00
-4.26590489e-03 4.99122095e+00
-4.25756024e-03 4.99109697e+00
-4.27186536e-03 4.99119234e+00
-4.25398396e-03 4.99123526e+00
-4.25636815e-03 4.99112940e+00
-4.26352071e-03 4.99117088e+00
-4.25398396e-03 4.99110556e+00
-4.26590489e-03 4.99121523e+00
-4.24325513e-03 4.99119854e+00
-4.27782582e-03 4.99112558e+00
-4.26948117e-03 4.99115658e+00
-4.26471280e-03 4.99130917e+00
-4.25517606e-03 4.99106359e+00
-4.25279187e-03 4.99118900e+00
-4.27067326e-03 4.99114370e+00
-4.27424954e-03 4.99126530e+00
-4.25279187e-03 4.99125099e+00
-4.26113652e-03 4.99131060e+00
-4.26828908e-03 4.99121284e+00
-4.25636815e-03 4.99118185e+00
-4.27663373e-03 4.99127579e+00
-4.24444722e-03 4.99114609e+00
-4.25636815e-03 4.99109840e+00
-4.25517606e-03 4.99109125e+00
-4.26232861e-03 4.99108505e+00
-4.26232861e-03 4.99118996e+00
-4.25875233e-03 4.99118185e+00
-4.24802350e-03 4.99120331e+00
-4.24802350e-03 4.99119616e+00
-4.24921559e-03 4.99129152e+00
-4.26232861e-03 4.99110174e+00
-4.25994443e-03 4.99129152e+00
-4.24802350e-03 4.99121523e+00
-4.27544164e-03 4.99134016e+00
-4.25875233e-03 4.99116278e+00
-4.24683141e-03 4.99113178e+00
-4.25756024e-03 4.99121046e+00
-4.26590489e-03 4.99118423e+00
-4.27901791e-03 4.99121141e+00
-4.23729466e-03 4.99112225e+00
-4.26709699e-03 4.99113417e+00
-4.25279187e-03 4.99122572e+00
-4.26590489e-03 4.99134159e+00
-4.24563931e-03 4.99110556e+00
-4.25636815e-03 4.99114943e+00
-4.25517606e-03 4.99111509e+00
-4.25159978e-03 4.99133921e+00
-4.25159978e-03 4.99108171e+00
-4.26471280e-03 4.99112701e+00
-4.26113652e-03 4.99119854e+00
-4.26113652e-03 4.99121046e+00
-4.26352071e-03 4.99107075e+00
-4.24683141e-03 4.99122953e+00
-4.27305745e-03 4.99113178e+00
-4.27186536e-03 4.99132586e+00
-4.27663373e-03 4.99116516e+00
-4.25994443e-03 4.99119139e+00
-4.26828908e-03 4.99115419e+00
-4.24325513e-03 4.99131393e+00
-4.26113652e-03 4.99126863e+00
-4.24087094e-03 4.99118042e+00
-4.23729466e-03 4.99121141e+00
-4.26471280e-03 4.99105406e+00
-4.24325513e-03 4.99121761e+00
-4.24087094e-03 4.99122810e+00
-4.25875233e-03 4.99111366e+00
-4.27424954e-03 4.99124479e+00
-4.25875233e-03 4.99116611e+00
-4.25994443e-03 4.99120092e+00
-4.24683141e-03 4.99112225e+00
-4.25636815e-03 4.99119377e+00
-4.28497838e-03 4.99120188e+00
-4.25159978e-03 4.99117708e+00
-4.24206303e-03 4.99113989e+00
-4.24444722e-03 4.99108648e+00
-4.24802350e-03 4.99132252e+00
-4.25159978e-03 4.99131060e+00
-4.25517606e-03 4.99116373e+00
-4.25398396e-03 4.99128771e+00
-4.27544164e-03 4.99123526e+00
-4.24683141e-03 4.99118519e+00
-4.26828908e-03 4.99107790e+00
-4.25159978e-03 4.99111032e+00
-4.26113652e-03 4.99116755e+00
-4.23729466e-03 4.99118757e+00
-4.24325513e-03 4.99121523e+00
-4.27186536e-03 4.99123669e+00
-4.24563931e-03 4.99108744e+00
-4.25159978e-03 4.99139261e+00
-4.24802350e-03 4.99113894e+00
-4.24325513e-03 4.99115324e+00
-4.26828908e-03 4.99112463e+00
-4.25875233e-03 4.99115419e+00
-4.24087094e-03 4.99112701e+00
-4.25756024e-03 4.99119711e+00
-4.23371838e-03 4.99122715e+00
-4.26352071e-03 4.99115562e+00
-4.26113652e-03 4.99118662e+00
-4.25159978e-03 4.99120665e+00
-4.25398396e-03 4.99123907e+00
-4.25636815e-03 4.99106979e+00
-4.25517606e-03 4.99110794e+00
-4.26232861e-03 4.99119854e+00
-4.27544164e-03 4.99124241e+00
-4.23252629e-03 4.99129152e+00
-4.24683141e-03 4.99127960e+00
-4.24683141e-03 4.99114466e+00
-4.26352071e-03 4.99117947e+00
-4.25159978e-03 4.99113178e+00
-4.26352071e-03 4.99125195e+00
-4.24206303e-03 4.99128771e+00
-4.24683141e-03 4.99129391e+00
-4.25756024e-03 4.99123430e+00
-4.25756024e-03 4.99123192e+00
-4.25040768e-03 4.99129725e+00
-4.24921559e-03 4.99124241e+00
-4.26709699e-03 4.99121761e+00
-4.25040768e-03 4.99116278e+00
-4.25756024e-03 4.99117804e+00
-4.25636815e-03 4.99113750e+00
-4.25756024e-03 4.99133682e+00
-4.23967885e-03 4.99118757e+00
-4.27544164e-03 4.99138784e+00
-4.25636815e-03 4.99126387e+00
-4.24683141e-03 4.99111509e+00
-4.25636815e-03 4.99128771e+00
-4.26232861e-03 4.99121618e+00
-4.25159978e-03 4.99117804e+00
-4.25636815e-03 4.99129868e+00
-4.26709699e-03 4.99123669e+00
-4.28140210e-03 4.99120092e+00
-4.24206303e-03 4.99127722e+00
-4.26113652e-03 4.99121761e+00
-4.25159978e-03 4.99110889e+00
-4.25040768e-03 4.99123049e+00
-4.24802350e-03 4.99113178e+00
-4.26948117e-03 4.99109221e+00
-4.25756024e-03 4.99132967e+00
-4.26948117e-03 4.99114609e+00
-4.26828908e-03 4.99124718e+00
-4.24683141e-03 4.99128294e+00
-4.28378629e-03 4.99126625e+00
-4.25994443e-03 4.99125814e+00
-4.26232861e-03 4.99136782e+00
-4.26352071e-03 4.99111986e+00
-4.25756024e-03 4.99123907e+00
-4.25875233e-03 4.99118042e+00
-4.26948117e-03 4.99124861e+00
-4.25994443e-03 4.99126863e+00
-4.25994443e-03 4.99123287e+00
-4.23610257e-03 4.99125910e+00
-4.26828908e-03 4.99125671e+00
-4.27067326e-03 4.99128771e+00
-4.25994443e-03 4.99131536e+00
-4.25040768e-03 4.99114609e+00
-4.26828908e-03 4.99112320e+00
-4.24802350e-03 4.99119854e+00
-4.25636815e-03 4.99130917e+00
-4.26232861e-03 4.99121046e+00
-4.25756024e-03 4.99127007e+00
-4.26113652e-03 4.99127340e+00
-4.26471280e-03 4.99118900e+00
-4.25517606e-03 4.99117804e+00
-4.23014211e-03 4.99120903e+00
-4.26828908e-03 4.99128294e+00
-4.25875233e-03 4.99129963e+00
-4.25517606e-03 4.99117327e+00
-4.26232861e-03 4.99121523e+00
-4.25279187e-03 4.99130344e+00
-4.25159978e-03 4.99121761e+00
-4.26471280e-03 4.99111128e+00
-4.25159978e-03 4.99138451e+00
-4.27067326e-03 4.99117708e+00
-4.25636815e-03 4.99117565e+00
-4.24683141e-03 4.99121523e+00
-4.26948117e-03 4.99131060e+00
-4.26113652e-03 4.99118900e+00
-4.25636815e-03 4.99128437e+00
-4.23133420e-03 4.99115562e+00
-4.25517606e-03 4.99141073e+00
-4.23252629e-03 4.99111986e+00
-4.24802350e-03 4.99121618e+00
-4.25756024e-03 4.99124861e+00
-4.26113652e-03 4.99114370e+00
-4.25875233e-03 4.99124622e+00
-4.25756024e-03 4.99115658e+00
-4.26113652e-03 4.99112558e+00
-4.25875233e-03 4.99111509e+00
-4.26113652e-03 4.99108410e+00
-4.22179746e-03 4.99125576e+00
-4.27186536e-03 4.99117088e+00
-4.27067326e-03 4.99120426e+00
-4.25279187e-03 4.99130917e+00
-4.25040768e-03 4.99124622e+00
-4.23371838e-03 4.99124718e+00
-4.26113652e-03 4.99114847e+00
-4.25875233e-03 4.99117231e+00
-4.25517606e-03 4.99126148e+00
-4.25756024e-03 4.99121618e+00
-4.24921559e-03 4.99137354e+00
-4.25040768e-03 4.99112797e+00
-4.25517606e-03 4.99118757e+00
-4.24921559e-03 4.99130678e+00
-4.26232861e-03 4.99122715e+00
-4.24802350e-03 4.99120188e+00
-4.25279187e-03 4.99127102e+00
-4.25398396e-03 4.99123526e+00
-4.24206303e-03 4.99125671e+00
-4.26471280e-03 4.99125910e+00
-4.25756024e-03 4.99133444e+00
-4.24921559e-03 4.99115896e+00
-4.24444722e-03 4.99119949e+00
-4.26113652e-03 4.99134636e+00
-4.24444722e-03 4.99114943e+00
-4.25994443e-03 4.99110317e+00
-4.26948117e-03 4.99125338e+00
-4.26709699e-03 4.99134874e+00
-4.26232861e-03 4.99108887e+00
-4.25040768e-03 4.99120903e+00
-4.25994443e-03 4.99125433e+00
-4.24683141e-03 4.99119139e+00
-4.26828908e-03 4.99118042e+00
-4.24206303e-03 4.99125338e+00
-4.25159978e-03 4.99115562e+00
-4.25756024e-03 4.99120903e+00
-4.25159978e-03 4.99117231e+00
-4.25398396e-03 4.99129725e+00
-4.25040768e-03 4.99133921e+00
-4.24444722e-03 4.99128056e+00
-4.22537373e-03 4.99127102e+00
-4.26352071e-03 4.99129963e+00
-4.26828908e-03 4.99133062e+00
-4.24683141e-03 4.99121761e+00
-4.25279187e-03 4.99123907e+00
-4.25040768e-03 4.99125099e+00
-4.26709699e-03 4.99124861e+00
-4.26113652e-03 4.99127722e+00
-4.25517606e-03 4.99129486e+00
-4.26232861e-03 4.99126291e+00
-4.25994443e-03 4.99128914e+00
-4.25994443e-03 4.99120188e+00
-4.26828908e-03 4.99124622e+00
-4.26590489e-03 4.99124384e+00
-4.25636815e-03 4.99127960e+00
-4.25875233e-03 4.99133682e+00
-4.26232861e-03 4.99135685e+00
-4.25994443e-03 4.99126863e+00
-4.25636815e-03 4.99119854e+00
-4.26590489e-03 4.99121618e+00
-4.24206303e-03 4.99123430e+00
-4.25636815e-03 4.99130344e+00
-4.26113652e-03 4.99134970e+00
-4.26352071e-03 4.99131155e+00
-4.27901791e-03 4.99147272e+00
-4.25756024e-03 4.99128199e+00
-4.25159978e-03 4.99131298e+00
-4.26232861e-03 4.99127722e+00
-4.26352071e-03 4.99122810e+00
-4.25756024e-03 4.99123049e+00
-4.24921559e-03 4.99124956e+00
-4.26828908e-03 4.99127960e+00
-4.25040768e-03 4.99122000e+00
-4.26352071e-03 4.99120426e+00
-4.25517606e-03 4.99128675e+00
-4.23967885e-03 4.99118042e+00
-4.25875233e-03 4.99134874e+00
-4.24206303e-03 4.99111605e+00
-4.26113652e-03 4.99121046e+00
-4.25875233e-03 4.99124479e+00
-4.26352071e-03 4.99116373e+00
-4.25994443e-03 4.99135351e+00
-4.24325513e-03 4.99119377e+00
-4.24563931e-03 4.99128056e+00
-4.26709699e-03 4.99121761e+00
-4.24325513e-03 4.99126291e+00
-4.24921559e-03 4.99123430e+00
-4.25994443e-03 4.99121046e+00
-4.26113652e-03 4.99113512e+00
-4.25994443e-03 4.99113035e+00
-4.26471280e-03 4.99114370e+00
-4.24683141e-03 4.99122953e+00
-4.25159978e-03 4.99118757e+00
-4.26709699e-03 4.99115562e+00
-4.27305745e-03 4.99111128e+00
-4.27544164e-03 4.99119949e+00
-4.25994443e-03 4.99132967e+00
-4.25756024e-03 4.99122810e+00
-4.24087094e-03 4.99123907e+00
-4.23967885e-03 4.99135828e+00
-4.26709699e-03 4.99124622e+00
-4.26948117e-03 4.99126148e+00
-4.23610257e-03 4.99120188e+00
-4.25636815e-03 4.99130678e+00
-4.24325513e-03 4.99135113e+00
-4.25279187e-03 4.99127483e+00
-4.24206303e-03 4.99131870e+00
-4.24802350e-03 4.99126768e+00
-4.26352071e-03 4.99124718e+00
-4.26828908e-03 4.99131632e+00
-4.25756024e-03 4.99127483e+00
-4.26352071e-03 4.99129629e+00
-4.27305745e-03 4.99121523e+00
-4.26471280e-03 4.99129725e+00
-4.27186536e-03 4.99141645e+00
-4.25756024e-03 4.99126530e+00
-4.24683141e-03 4.99130917e+00
-4.25636815e-03 4.99131393e+00
-4.24563931e-03 4.99134398e+00
-4.24921559e-03 4.99145842e+00
-4.26471280e-03 4.99127960e+00
-4.28855466e-03 4.99122477e+00
-4.24444722e-03 4.99126863e+00
-4.26352071e-03 4.99136305e+00
-4.24802350e-03 4.99123192e+00
-4.25279187e-03 4.99119711e+00
-4.25994443e-03 4.99132586e+00
-4.27305745e-03 4.99129868e+00
-4.25636815e-03 4.99115562e+00
-4.24802350e-03 4.99142599e+00
-4.26828908e-03 4.99131775e+00
-4.24921559e-03 4.99121523e+00
-4.25756024e-03 4.99132347e+00
-4.25517606e-03 4.99127340e+00
-4.25994443e-03 4.99120188e+00
-4.25636815e-03 4.99130821e+00
-4.24921559e-03 4.99141884e+00
-4.25279187e-03 4.99135447e+00
-4.26709699e-03 4.99128675e+00
-4.25994443e-03 4.99126387e+00
-4.24563931e-03 4.99133205e+00
-4.24087094e-03 4.99129725e+00
-4.25636815e-03 4.99123049e+00
-4.25159978e-03 4.99126530e+00
-4.25756024e-03 4.99129248e+00
-4.26352071e-03 4.99123287e+00
-4.25636815e-03 4.99112082e+00
-4.25875233e-03 4.99131870e+00
-4.25159978e-03 4.99147367e+00
-4.25994443e-03 4.99129152e+00
-4.25994443e-03 4.99132252e+00
-4.27424954e-03 4.99131632e+00
-4.23610257e-03 4.99113894e+00
-4.27782582e-03 4.99134970e+00
-4.26471280e-03 4.99123669e+00
-4.26471280e-03 4.99132013e+00
-4.25398396e-03 4.99121380e+00
-4.25159978e-03 4.99122810e+00
-4.25756024e-03 4.99135113e+00
-4.26948117e-03 4.99128675e+00
-4.26828908e-03 4.99134636e+00
-4.25875233e-03 4.99137259e+00
-4.25756024e-03 4.99125910e+00
-4.26948117e-03 4.99143219e+00
-4.24325513e-03 4.99130917e+00
-4.26828908e-03 4.99129486e+00
-4.25279187e-03 4.99117470e+00
-4.26948117e-03 4.99126387e+00
-4.26232861e-03 4.99118757e+00
-4.25994443e-03 4.99115181e+00
-4.25636815e-03 4.99134493e+00
-4.24206303e-03 4.99136400e+00
-4.25994443e-03 4.99122000e+00
-4.25875233e-03 4.99130678e+00
-4.27067326e-03 4.99127722e+00
-4.25994443e-03 4.99135828e+00
-4.27186536e-03 4.99122238e+00
-4.26232861e-03 4.99131393e+00
-4.26113652e-03 4.99125671e+00
-4.26352071e-03 4.99129152e+00
-4.26590489e-03 4.99130678e+00
-4.26232861e-03 4.99127817e+00
-4.25040768e-03 4.99125433e+00
-4.26590489e-03 4.99130106e+00
-4.26352071e-03 4.99123526e+00
-4.25517606e-03 4.99127960e+00
-4.25994443e-03 4.99124956e+00
-4.24802350e-03 4.99127960e+00
-4.25159978e-03 4.99129629e+00
-4.24087094e-03 4.99126530e+00
-4.26113652e-03 4.99130344e+00
-4.26709699e-03 4.99127245e+00
-4.25994443e-03 4.99122477e+00
-4.24563931e-03 4.99122238e+00
-4.25517606e-03 4.99134970e+00
-4.24325513e-03 4.99116135e+00
-4.25279187e-03 4.99134731e+00
-4.26352071e-03 4.99119377e+00
-4.23371838e-03 4.99124718e+00
-4.26232861e-03 4.99138069e+00
-4.25994443e-03 4.99136066e+00
-4.26232861e-03 4.99125338e+00
-4.26113652e-03 4.99117470e+00
-4.24444722e-03 4.99126387e+00
-4.24921559e-03 4.99119616e+00
-4.24563931e-03 4.99127007e+00
-4.25040768e-03 4.99134970e+00
-4.25875233e-03 4.99123764e+00
-4.25040768e-03 4.99128532e+00
-4.25279187e-03 4.99126625e+00
-4.23967885e-03 4.99125910e+00
-4.27305745e-03 4.99154902e+00
-4.24444722e-03 4.99137735e+00
-4.27544164e-03 4.99139881e+00
-4.25398396e-03 4.99138212e+00
-4.24683141e-03 4.99132109e+00
-4.26828908e-03 4.99131632e+00
-4.26352071e-03 4.99140835e+00
-4.25756024e-03 4.99127483e+00
-4.24325513e-03 4.99122715e+00
-4.25636815e-03 4.99133062e+00
-4.26113652e-03 4.99123764e+00
-4.25756024e-03 4.99128437e+00
-4.26828908e-03 4.99133205e+00
-4.25756024e-03 4.99134636e+00
-4.26113652e-03 4.99137735e+00
-4.26352071e-03 4.99121857e+00
-4.25279187e-03 4.99127007e+00
-4.24444722e-03 4.99132490e+00
-4.25517606e-03 4.99130821e+00
-4.25875233e-03 4.99125671e+00
-4.25636815e-03 4.99135351e+00
-4.25875233e-03 4.99121857e+00
-4.24921559e-03 4.99141073e+00
-4.26352071e-03 4.99133205e+00
-4.25279187e-03 4.99142361e+00
-4.26590489e-03 4.99128199e+00
-4.26828908e-03 4.99119234e+00
-4.23729466e-03 4.99127817e+00
-4.25636815e-03 4.99134016e+00
-4.27424954e-03 4.99132729e+00
-4.24921559e-03 4.99128532e+00
-4.24563931e-03 4.99131536e+00
-4.25756024e-03 4.99130201e+00
-4.25875233e-03 4.99135923e+00
-4.24444722e-03 4.99141312e+00
-4.27305745e-03 4.99137831e+00
-4.24563931e-03 4.99153233e+00
-4.23848676e-03 4.99132490e+00
-4.24921559e-03 4.99130583e+00
-4.27663373e-03 4.99128771e+00
-4.24087094e-03 4.99131060e+00
-4.24444722e-03 4.99117708e+00
-4.26113652e-03 4.99127722e+00
-4.25875233e-03 4.99132013e+00
-4.27305745e-03 4.99122572e+00
-4.25040768e-03 4.99129868e+00
-4.25517606e-03 4.99135447e+00
-4.26471280e-03 4.99132490e+00
-4.25517606e-03 4.99125671e+00
-4.27186536e-03 4.99128675e+00
-4.24444722e-03 4.99130201e+00
-4.24921559e-03 4.99135447e+00
-4.24683141e-03 4.99125814e+00
-4.25279187e-03 4.99124384e+00
-4.25279187e-03 4.99139404e+00
-4.25875233e-03 4.99122953e+00
-4.24325513e-03 4.99120426e+00
-4.26113652e-03 4.99123764e+00
-4.25159978e-03 4.99119711e+00
-4.24206303e-03 4.99123526e+00
-4.25517606e-03 4.99135208e+00
-4.24921559e-03 4.99127722e+00
-4.26471280e-03 4.99123764e+00
-4.26828908e-03 4.99117470e+00
-4.26232861e-03 4.99130821e+00
-4.25636815e-03 4.99139881e+00
-4.27305745e-03 4.99130583e+00
-4.25994443e-03 4.99131060e+00
-4.24325513e-03 4.99129152e+00
-4.24206303e-03 4.99119139e+00
-4.23729466e-03 4.99128675e+00
-4.27186536e-03 4.99115896e+00
-4.27782582e-03 4.99126291e+00
-4.25398396e-03 4.99131775e+00
-4.25279187e-03 4.99146891e+00
-4.24563931e-03 4.99134159e+00
-4.26113652e-03 4.99125099e+00
-4.25756024e-03 4.99130583e+00
-4.24325513e-03 4.99130821e+00
-4.23967885e-03 4.99131393e+00
-4.25159978e-03 4.99129248e+00
-4.23967885e-03 4.99132967e+00
-4.26352071e-03 4.99125814e+00
-4.26352071e-03 4.99128771e+00
-4.25398396e-03 4.99127579e+00
-4.24444722e-03 4.99132729e+00
-4.24087094e-03 4.99128771e+00
-4.26471280e-03 4.99138069e+00
-4.25279187e-03 4.99130678e+00
-4.24683141e-03 4.99132109e+00
-4.25398396e-03 4.99129963e+00
-4.27663373e-03 4.99135590e+00
-4.27663373e-03 4.99127722e+00
-4.25159978e-03 4.99121857e+00
-4.25636815e-03 4.99124146e+00
-4.24325513e-03 4.99134970e+00
-4.25756024e-03 4.99144888e+00
-4.27186536e-03 4.99141550e+00
-4.25875233e-03 4.99131632e+00
-4.26471280e-03 4.99129391e+00
-4.23848676e-03 4.99146652e+00
-4.26352071e-03 4.99135828e+00
-4.26948117e-03 4.99120426e+00
-4.25756024e-03 4.99133301e+00
-4.25279187e-03 4.99134731e+00
-4.25517606e-03 4.99121141e+00
-4.25517606e-03 4.99129152e+00
-4.25398396e-03 4.99133539e+00
-4.26113652e-03 4.99134254e+00
-4.25040768e-03 4.99136543e+00
-4.25994443e-03 4.99137974e+00
-4.24563931e-03 4.99133444e+00
-4.26352071e-03 4.99120665e+00
-4.25279187e-03 4.99144506e+00
-4.25398396e-03 4.99127960e+00
-4.24563931e-03 4.99119616e+00
-4.24802350e-03 4.99132013e+00
-4.25636815e-03 4.99123192e+00
-4.25040768e-03 4.99126387e+00
-4.25756024e-03 4.99128771e+00
-4.26352071e-03 4.99130344e+00
-4.27544164e-03 4.99129868e+00
-4.25159978e-03 4.99138069e+00
-4.26471280e-03 4.99126863e+00
-4.23967885e-03 4.99138784e+00
-4.24325513e-03 4.99135447e+00
-4.27067326e-03 4.99129009e+00
-4.25040768e-03 4.99130917e+00
-4.24683141e-03 4.99131775e+00
-4.26352071e-03 4.99127007e+00
-4.25279187e-03 4.99124002e+00
-4.25756024e-03 4.99137115e+00
-4.24087094e-03 4.99134159e+00
-4.25875233e-03 4.99125099e+00
-4.25875233e-03 4.99127483e+00
-4.27305745e-03 4.99138212e+00
-4.25636815e-03 4.99125576e+00
-4.24444722e-03 4.99142027e+00
-4.26352071e-03 4.99124146e+00
-4.25040768e-03 4.99134874e+00
-4.27544164e-03 4.99123669e+00
-4.26590489e-03 4.99123526e+00
-4.24921559e-03 4.99123669e+00
-4.23491048e-03 4.99128437e+00
-4.24325513e-03 4.99128914e+00
-4.25040768e-03 4.99130583e+00
-4.25159978e-03 4.99130440e+00
-4.25517606e-03 4.99131060e+00
-4.24921559e-03 4.99135828e+00
-4.24921559e-03 4.99123907e+00
-4.25517606e-03 4.99133444e+00
-4.24563931e-03 4.99127817e+00
-4.25279187e-03 4.99145937e+00
-4.25279187e-03 4.99131536e+00
-4.25398396e-03 4.99132586e+00
-4.22775792e-03 4.99120903e+00
-4.24802350e-03 4.99129486e+00
-4.28497838e-03 4.99121618e+00
-4.26113652e-03 4.99120331e+00
-4.25040768e-03 4.99131632e+00
-4.26590489e-03 4.99124384e+00
-4.25517606e-03 4.99146652e+00
-4.24325513e-03 4.99126530e+00
-4.25398396e-03 4.99135447e+00
-4.27305745e-03 4.99128199e+00
-4.23967885e-03 4.99119377e+00
-4.27305745e-03 4.99133301e+00
-4.24444722e-03 4.99125814e+00
-4.25875233e-03 4.99132490e+00
-4.27067326e-03 4.99116993e+00
-4.23371838e-03 4.99137497e+00
-4.26590489e-03 4.99136877e+00
-4.27067326e-03 4.99129868e+00
-4.26352071e-03 4.99131775e+00
-4.24444722e-03 4.99131060e+00
-4.26232861e-03 4.99126387e+00
-4.25994443e-03 4.99132586e+00
-4.24325513e-03 4.99124384e+00
-4.25159978e-03 4.99111032e+00
-4.25279187e-03 4.99134254e+00
-4.25159978e-03 4.99136543e+00
-4.27186536e-03 4.99124384e+00
-4.26828908e-03 4.99128294e+00
-4.23491048e-03 4.99125671e+00
-4.25279187e-03 4.99138308e+00
-4.25756024e-03 4.99122000e+00
-4.25636815e-03 4.99128199e+00
-4.24087094e-03 4.99134398e+00
-4.26590489e-03 4.99147034e+00
-4.26471280e-03 4.99132729e+00
-4.25756024e-03 4.99130344e+00
-4.24444722e-03 4.99131632e+00
-4.27186536e-03 4.99143314e+00
-4.26948117e-03 4.99133301e+00
-4.26232861e-03 4.99139738e+00
-4.24683141e-03 4.99131775e+00
-4.26352071e-03 4.99127245e+00
-4.25875233e-03 4.99130678e+00
-4.25756024e-03 4.99139977e+00
-4.27424954e-03 4.99125671e+00
-4.27663373e-03 4.99136066e+00
-4.25517606e-03 4.99129486e+00
-4.25636815e-03 4.99138308e+00
-4.26352071e-03 4.99133205e+00
-4.24325513e-03 4.99138069e+00
-4.24802350e-03 4.99125910e+00
-4.24802350e-03 4.99119854e+00
-4.25756024e-03 4.99138308e+00
-4.27424954e-03 4.99137974e+00
-4.26352071e-03 4.99137354e+00
-4.26709699e-03 4.99145222e+00
-4.25040768e-03 4.99135685e+00
-4.25040768e-03 4.99125910e+00
-4.27663373e-03 4.99130106e+00
-4.25994443e-03 4.99140215e+00
-4.26948117e-03 4.99128675e+00
-4.25994443e-03 4.99137497e+00
-4.22418164e-03 4.99141645e+00
-4.25159978e-03 4.99134731e+00
-4.25875233e-03 4.99131060e+00
-4.26471280e-03 4.99144650e+00
-4.26590489e-03 4.99130106e+00
-4.25756024e-03 4.99131155e+00
-4.26948117e-03 4.99147844e+00
-4.25517606e-03 4.99135590e+00
-4.26590489e-03 4.99145365e+00
-4.26948117e-03 4.99141073e+00
-4.25398396e-03 4.99131632e+00
-4.25994443e-03 4.99123764e+00
-4.25040768e-03 4.99122000e+00
-4.23967885e-03 4.99131870e+00
-4.26113652e-03 4.99130201e+00
-4.26471280e-03 4.99141407e+00
-4.24683141e-03 4.99139643e+00
-4.23491048e-03 4.99133301e+00
-4.23848676e-03 4.99121618e+00
-4.24802350e-03 4.99133301e+00
-4.27424954e-03 4.99125576e+00
-4.25517606e-03 4.99135113e+00
-4.25875233e-03 4.99135828e+00
-4.26948117e-03 4.99136543e+00
-4.26232861e-03 4.99140358e+00
-4.24444722e-03 4.99135208e+00
-4.24921559e-03 4.99131393e+00
-4.25517606e-03 4.99124861e+00
-4.25159978e-03 4.99144888e+00
-4.23729466e-03 4.99131775e+00
-4.25279187e-03 4.99140835e+00
-4.26113652e-03 4.99139738e+00
-4.25040768e-03 4.99125910e+00
-4.24087094e-03 4.99132967e+00
-4.25159978e-03 4.99125910e+00
-4.25398396e-03 4.99141550e+00
-4.27782582e-03 4.99134493e+00
-4.26590489e-03 4.99140596e+00
-4.24206303e-03 4.99139166e+00
-4.25517606e-03 4.99139166e+00
-4.23848676e-03 4.99135208e+00
-4.25875233e-03 4.99135590e+00
-4.27186536e-03 4.99123430e+00
-4.25398396e-03 4.99132109e+00
-4.23729466e-03 4.99137020e+00
-4.24683141e-03 4.99132013e+00
-4.24802350e-03 4.99139404e+00
-4.26709699e-03 4.99131632e+00
-4.25517606e-03 4.99132586e+00
-4.23848676e-03 4.99128532e+00
-4.26232861e-03 4.99126863e+00
-4.26590489e-03 4.99142027e+00
-4.25636815e-03 4.99127245e+00
-4.25875233e-03 4.99125910e+00
-4.25398396e-03 4.99131870e+00
-4.26590489e-03 4.99135208e+00
-4.26352071e-03 4.99133444e+00
-4.25159978e-03 4.99129486e+00
-4.27305745e-03 4.99130678e+00
-4.26471280e-03 4.99145842e+00
-4.23371838e-03 4.99133539e+00
-4.25040768e-03 4.99140596e+00
-4.25040768e-03 4.99136400e+00
-4.25636815e-03 4.99135828e+00
-4.23610257e-03 4.99131393e+00
-4.23252629e-03 4.99148321e+00
-4.27901791e-03 4.99131060e+00
-4.25517606e-03 4.99133301e+00
-4.26828908e-03 4.99137354e+00
-4.26113652e-03 4.99143076e+00
-4.23967885e-03 4.99133539e+00
-4.27186536e-03 4.99128056e+00
-4.25040768e-03 4.99137115e+00
-4.26709699e-03 4.99137259e+00
-4.25875233e-03 4.99148941e+00
-4.26232861e-03 4.99148321e+00
-4.25159978e-03 4.99152279e+00
-4.23371838e-03 4.99130917e+00
-4.23967885e-03 4.99151182e+00
-4.25875233e-03 4.99145699e+00
-4.25279187e-03 4.99122000e+00
-4.24802350e-03 4.99143457e+00
-4.25875233e-03 4.99126863e+00
-4.23491048e-03 4.99140692e+00
-4.26232861e-03 4.99120092e+00
-4.26709699e-03 4.99125195e+00
-4.25040768e-03 4.99132490e+00
-4.24206303e-03 4.99132347e+00
-4.26590489e-03 4.99136877e+00
-4.26709699e-03 4.99140835e+00
-4.24683141e-03 4.99135685e+00
-4.24325513e-03 4.99138784e+00
-4.24802350e-03 4.99135685e+00
-4.24921559e-03 4.99141645e+00
-4.25756024e-03 4.99135208e+00
-4.24087094e-03 4.99136782e+00
-4.27186536e-03 4.99132490e+00
-4.26590489e-03 4.99137592e+00
-4.26352071e-03 4.99131632e+00
-4.24444722e-03 4.99132490e+00
-4.27305745e-03 4.99130440e+00
-4.24444722e-03 4.99132347e+00
-4.25875233e-03 4.99135447e+00
-4.23967885e-03 4.99133205e+00
-4.26232861e-03 4.99136782e+00
-4.27663373e-03 4.99129963e+00
-4.23848676e-03 4.99128437e+00
-4.24683141e-03 4.99139881e+00
-4.26113652e-03 4.99139977e+00
-4.25040768e-03 4.99136066e+00
-4.26471280e-03 4.99134159e+00
-4.27305745e-03 4.99129009e+00
-4.26113652e-03 4.99127817e+00
-4.25994443e-03 4.99149895e+00
-4.27067326e-03 4.99145699e+00
-4.25040768e-03 4.99134874e+00
-4.25875233e-03 4.99131060e+00
-4.25398396e-03 4.99136400e+00
-4.25636815e-03 4.99128294e+00
-4.24563931e-03 4.99136066e+00
-4.25517606e-03 4.99133921e+00
-4.25159978e-03 4.99130678e+00
-4.25517606e-03 4.99154902e+00
-4.24683141e-03 4.99128914e+00
-4.25994443e-03 4.99139404e+00
-4.26113652e-03 4.99136877e+00
-4.25875233e-03 4.99127960e+00
-4.25875233e-03 4.99138308e+00
-4.25875233e-03 4.99137831e+00
-4.25398396e-03 4.99153090e+00
-4.26352071e-03 4.99129963e+00
-4.25756024e-03 4.99139977e+00
-4.24802350e-03 4.99141407e+00
-4.24563931e-03 4.99140596e+00
-4.25636815e-03 4.99147367e+00
-4.23848676e-03 4.99153948e+00
-4.25279187e-03 4.99153328e+00
-4.27305745e-03 4.99143314e+00
-4.26232861e-03 4.99151421e+00
-4.25159978e-03 4.99128056e+00
-4.24444722e-03 4.99143457e+00
-4.25279187e-03 4.99146795e+00
-4.24206303e-03 4.99154282e+00
-4.24683141e-03 4.99135923e+00
-4.25398396e-03 4.99145699e+00
-4.25875233e-03 4.99137831e+00
-4.23848676e-03 4.99146795e+00
-4.26948117e-03 4.99153471e+00
-4.24444722e-03 4.99134636e+00
-4.27186536e-03 4.99143076e+00
-4.24444722e-03 4.99140596e+00
-4.25994443e-03 4.99144650e+00
-4.23014211e-03 4.99150705e+00
-4.25636815e-03 4.99156189e+00
-4.26590489e-03 4.99134398e+00
-4.25636815e-03 4.99145365e+00
-4.25159978e-03 4.99136162e+00
-4.27186536e-03 4.99138451e+00
-4.24921559e-03 4.99150133e+00
-4.25756024e-03 4.99142981e+00
-4.24802350e-03 4.99166203e+00
-4.22775792e-03 4.99153328e+00
-4.25398396e-03 4.99139977e+00
-4.25994443e-03 4.99140120e+00
-4.25994443e-03 4.99133062e+00
-4.23848676e-03 4.99149895e+00
-4.26471280e-03 4.99138784e+00
-4.25159978e-03 4.99145365e+00
-4.25636815e-03 4.99152374e+00
-4.25279187e-03 4.99147606e+00
-4.25636815e-03 4.99149179e+00
-4.26113652e-03 4.99149990e+00
-4.25994443e-03 4.99139738e+00
-4.26113652e-03 4.99150133e+00
-4.26590489e-03 4.99157858e+00
-4.25875233e-03 4.99147987e+00
-4.27186536e-03 4.99142361e+00
-4.23610257e-03 4.99155140e+00
-4.25636815e-03 4.99144888e+00
-4.26232861e-03 4.99158001e+00
-4.25636815e-03 4.99153471e+00
-4.25159978e-03 4.99143314e+00
-4.25756024e-03 4.99145603e+00
-4.25994443e-03 4.99150372e+00
-4.23491048e-03 4.99140453e+00
-4.25994443e-03 4.99163246e+00
-4.27901791e-03 4.99145365e+00
-4.25159978e-03 4.99142742e+00
-4.26590489e-03 4.99142838e+00
-4.25994443e-03 4.99159670e+00
-4.26709699e-03 4.99148703e+00
-4.26232861e-03 4.99143219e+00
-4.25875233e-03 4.99138689e+00
-4.25279187e-03 4.99143934e+00
-4.23967885e-03 4.99144745e+00
-4.26113652e-03 4.99147367e+00
-4.26590489e-03 4.99147034e+00
-4.25040768e-03 4.99140358e+00
-4.26828908e-03 4.99142027e+00
-4.23729466e-03 4.99136543e+00
-4.24206303e-03 4.99138546e+00
-4.25756024e-03 4.99154663e+00
-4.27186536e-03 4.99127483e+00
-4.26471280e-03 4.99139977e+00
-4.25159978e-03 4.99151659e+00
-4.25517606e-03 4.99136400e+00
-4.25756024e-03 4.99151564e+00
-4.26352071e-03 4.99139404e+00
-4.26471280e-03 4.99134254e+00
-4.25756024e-03 4.99143791e+00
-4.24683141e-03 4.99136066e+00
-4.25398396e-03 4.99135351e+00
-4.24563931e-03 4.99132586e+00
-4.25040768e-03 4.99142599e+00
-4.26352071e-03 4.99141884e+00
-4.25517606e-03 4.99152279e+00
-4.23729466e-03 4.99150372e+00
-4.25636815e-03 4.99150372e+00
-4.27067326e-03 4.99149275e+00
-4.25279187e-03 4.99152994e+00
-4.24802350e-03 4.99138451e+00
-4.25398396e-03 4.99142981e+00
-4.27544164e-03 4.99145699e+00
-4.26232861e-03 4.99144030e+00
-4.26232861e-03 4.99133301e+00
-4.24802350e-03 4.99126148e+00
-4.27663373e-03 4.99152279e+00
-4.26471280e-03 4.99140120e+00
-4.23967885e-03 4.99137259e+00
-4.24683141e-03 4.99147844e+00
-4.26590489e-03 4.99143934e+00
-4.26232861e-03 4.99129868e+00
-4.26471280e-03 4.99139881e+00
-4.25756024e-03 4.99145126e+00
-4.25875233e-03 4.99137974e+00
-4.25517606e-03 4.99139404e+00
-4.23967885e-03 4.99148703e+00
-4.24206303e-03 4.99151182e+00
-4.24206303e-03 4.99152851e+00
-4.25040768e-03 4.99145699e+00
-4.26232861e-03 4.99140930e+00
-4.25040768e-03 4.99140692e+00
-4.27544164e-03 4.99131298e+00
-4.25994443e-03 4.99143457e+00
-4.26471280e-03 4.99150467e+00
-4.24683141e-03 4.99137592e+00
-4.25279187e-03 4.99145699e+00
-4.25517606e-03 4.99144888e+00
-4.25636815e-03 4.99135113e+00
-4.24802350e-03 4.99140215e+00
-4.25398396e-03 4.99137497e+00
-4.26232861e-03 4.99134874e+00
-4.25875233e-03 4.99136162e+00
-4.25398396e-03 4.99147606e+00
-4.24802350e-03 4.99151659e+00
-4.25279187e-03 4.99139500e+00
-4.25279187e-03 4.99142838e+00
-4.24802350e-03 4.99136066e+00
-4.25756024e-03 4.99133205e+00
-4.23848676e-03 4.99138927e+00
-4.25279187e-03 4.99148083e+00
-4.26113652e-03 4.99151325e+00
-4.24683141e-03 4.99163818e+00
-4.26113652e-03 4.99152040e+00
-4.26948117e-03 4.99158096e+00
-4.27186536e-03 4.99144650e+00
-4.25279187e-03 4.99135828e+00
-4.26113652e-03 4.99142742e+00
-4.25279187e-03 4.99159765e+00
-4.25398396e-03 4.99142742e+00
-4.26471280e-03 4.99154663e+00
-4.26590489e-03 4.99151182e+00
-4.26828908e-03 4.99146318e+00
-4.26113652e-03 4.99153709e+00
-4.23014211e-03 4.99138927e+00
-4.25875233e-03 4.99150610e+00
-4.24683141e-03 4.99142742e+00
-4.24206303e-03 4.99142742e+00
-4.24206303e-03 4.99139023e+00
-4.25756024e-03 4.99151897e+00
-4.23967885e-03 4.99135590e+00
-4.25994443e-03 4.99140358e+00
-4.25636815e-03 4.99143553e+00
-4.25398396e-03 4.99148798e+00
-4.24563931e-03 4.99141407e+00
-4.25040768e-03 4.99137115e+00
-4.24325513e-03 4.99148941e+00
-4.25040768e-03 4.99135113e+00
-4.24683141e-03 4.99131155e+00
-4.24921559e-03 4.99147749e+00
-4.25279187e-03 4.99145699e+00
-4.25875233e-03 4.99145699e+00
-4.24206303e-03 4.99142122e+00
-4.25398396e-03 4.99153471e+00
-4.25517606e-03 4.99145126e+00
-4.25040768e-03 4.99146795e+00
-4.26471280e-03 4.99134254e+00
-4.26471280e-03 4.99145699e+00
-4.25159978e-03 4.99152851e+00
-4.24921559e-03 4.99136877e+00
-4.24087094e-03 4.99145842e+00
-4.25517606e-03 4.99135351e+00
-4.26232861e-03 4.99143553e+00
-4.26113652e-03 4.99144411e+00
-4.26709699e-03 4.99150467e+00
-4.24206303e-03 4.99147367e+00
-4.25279187e-03 4.99146795e+00
-4.24802350e-03 4.99142504e+00
-4.28617047e-03 4.99144650e+00
-4.26352071e-03 4.99140692e+00
-4.25636815e-03 4.99151087e+00
-4.25875233e-03 4.99140215e+00
-4.25517606e-03 4.99158239e+00
-4.27067326e-03 4.99145842e+00
-4.24087094e-03 4.99146414e+00
-4.27186536e-03 4.99155617e+00
-4.25159978e-03 4.99144888e+00
-4.24683141e-03 4.99145603e+00
-4.25517606e-03 4.99130678e+00
-4.25040768e-03 4.99154186e+00
-4.26709699e-03 4.99143219e+00
-4.24921559e-03 4.99138784e+00
-4.23371838e-03 4.99152374e+00
-4.24802350e-03 4.99130344e+00
-4.25159978e-03 4.99144745e+00
-4.28497838e-03 4.99144411e+00
-4.26471280e-03 4.99143934e+00
-4.25398396e-03 4.99139261e+00
-4.25040768e-03 4.99135828e+00
-4.26471280e-03 4.99147129e+00
-4.26232861e-03 4.99149990e+00
-4.25636815e-03 4.99143219e+00
-4.22656583e-03 4.99142838e+00
-4.25994443e-03 4.99139023e+00
-4.24325513e-03 4.99147367e+00
-4.24802350e-03 4.99139166e+00
-4.25875233e-03 4.99145460e+00
-4.24206303e-03 4.99149752e+00
-4.23371838e-03 4.99136639e+00
-4.25994443e-03 4.99132729e+00
-4.25517606e-03 4.99147034e+00
-4.23967885e-03 4.99133778e+00
-4.26828908e-03 4.99156904e+00
-4.24325513e-03 4.99149513e+00
-4.25994443e-03 4.99139166e+00
-4.25875233e-03 4.99142122e+00
-4.25994443e-03 4.99135208e+00
-4.27424954e-03 4.99143314e+00
-4.25398396e-03 4.99128056e+00
-4.25159978e-03 4.99135923e+00
-4.25994443e-03 4.99145460e+00
-4.26709699e-03 4.99134159e+00
-4.24563931e-03 4.99147034e+00
-4.25040768e-03 4.99136782e+00
-4.24921559e-03 4.99148226e+00
-4.25636815e-03 4.99135208e+00
-4.24802350e-03 4.99129963e+00
-4.25279187e-03 4.99144506e+00
-4.26471280e-03 4.99137974e+00
-4.26113652e-03 4.99132252e+00
-4.26232861e-03 4.99147511e+00
-4.26590489e-03 4.99146795e+00
-4.25279187e-03 4.99132252e+00
-4.24802350e-03 4.99142265e+00
-4.26948117e-03 4.99135923e+00
-4.23848676e-03 4.99136162e+00
-4.24802350e-03 4.99150372e+00
-4.26232861e-03 4.99148226e+00
-4.26471280e-03 4.99155474e+00
-4.27186536e-03 4.99146175e+00
-4.24444722e-03 4.99134398e+00
-4.25040768e-03 4.99134970e+00
-4.26471280e-03 4.99138069e+00
-4.24563931e-03 4.99138546e+00
-4.26352071e-03 4.99150372e+00
-4.26113652e-03 4.99149656e+00
-4.26948117e-03 4.99137831e+00
-4.27782582e-03 4.99154663e+00
-4.25875233e-03 4.99144888e+00
-4.24683141e-03 4.99144650e+00
-4.26709699e-03 4.99142504e+00
-4.24683141e-03 4.99139977e+00
-4.25279187e-03 4.99137592e+00
-4.25756024e-03 4.99132490e+00
-4.24444722e-03 4.99135447e+00
-4.26590489e-03 4.99126625e+00
-4.25994443e-03 4.99158001e+00
-4.27901791e-03 4.99134016e+00
-4.24206303e-03 4.99139977e+00
-4.24921559e-03 4.99138069e+00
-4.25517606e-03 4.99135685e+00
-4.25398396e-03 4.99140835e+00
-4.23729466e-03 4.99139881e+00
-4.25159978e-03 4.99135447e+00
-4.26232861e-03 4.99136877e+00
-4.26471280e-03 4.99137259e+00
-4.23610257e-03 4.99131870e+00
-4.26828908e-03 4.99153566e+00
-4.25517606e-03 4.99133301e+00
-4.25994443e-03 4.99137974e+00
-4.25517606e-03 4.99138308e+00
-4.26828908e-03 4.99134970e+00
-4.25040768e-03 4.99133062e+00
-4.26828908e-03 4.99145460e+00
-4.25040768e-03 4.99134254e+00
-4.24802350e-03 4.99142027e+00
-4.23252629e-03 4.99140453e+00
-4.22656583e-03 4.99132013e+00
-4.24325513e-03 4.99152374e+00
-4.24087094e-03 4.99125910e+00
-4.25636815e-03 4.99147606e+00
-4.25279187e-03 4.99147511e+00
-4.24683141e-03 4.99147034e+00
-4.25398396e-03 4.99141788e+00
-4.24087094e-03 4.99147034e+00
-4.25040768e-03 4.99139023e+00
-4.26471280e-03 4.99138451e+00
-4.26948117e-03 4.99141407e+00
-4.25994443e-03 4.99139261e+00
-4.26232861e-03 4.99125099e+00
-4.25517606e-03 4.99139881e+00
-4.24563931e-03 4.99138308e+00
-4.24206303e-03 4.99148226e+00
-4.24921559e-03 4.99144030e+00
-4.24206303e-03 4.99122572e+00
-4.25875233e-03 4.99139166e+00
-4.25398396e-03 4.99139023e+00
-4.25875233e-03 4.99125099e+00
-4.25636815e-03 4.99134016e+00
-4.25875233e-03 4.99134731e+00
-4.27305745e-03 4.99140835e+00
-4.26113652e-03 4.99145603e+00
-4.26828908e-03 4.99131298e+00
-4.26948117e-03 4.99138546e+00
-4.25636815e-03 4.99138069e+00
-4.24683141e-03 4.99137592e+00
-4.26232861e-03 4.99135113e+00
-4.24444722e-03 4.99143696e+00
-4.24563931e-03 4.99136782e+00
-4.24563931e-03 4.99141073e+00
-4.26471280e-03 4.99149275e+00
-4.25159978e-03 4.99145603e+00
-4.28140210e-03 4.99139261e+00
-4.25398396e-03 4.99133682e+00
-4.27663373e-03 4.99154425e+00
-4.24802350e-03 4.99154997e+00
-4.25040768e-03 4.99151421e+00
-4.23967885e-03 4.99137974e+00
-4.24444722e-03 4.99140453e+00
-4.27782582e-03 4.99160624e+00
-4.24563931e-03 4.99140358e+00
-4.25994443e-03 4.99136066e+00
-4.23610257e-03 4.99129725e+00
-4.25159978e-03 4.99144888e+00
-4.26828908e-03 4.99130344e+00
-4.24206303e-03 4.99147367e+00
-4.23371838e-03 4.99141788e+00
-4.25636815e-03 4.99137831e+00
-4.26948117e-03 4.99143314e+00
-4.25994443e-03 4.99135447e+00
-4.25279187e-03 4.99133682e+00
-4.25756024e-03 4.99143553e+00
-4.26828908e-03 4.99151182e+00
-4.26232861e-03 4.99142599e+00
-4.27186536e-03 4.99154425e+00
-4.24802350e-03 4.99148560e+00
-4.24683141e-03 4.99132586e+00
-4.27305745e-03 4.99139404e+00
-4.25636815e-03 4.99142599e+00
-4.26709699e-03 4.99158716e+00
-4.25994443e-03 4.99146414e+00
-4.25994443e-03 4.99120569e+00
-4.25994443e-03 4.99136305e+00
-4.25159978e-03 4.99138451e+00
-4.25159978e-03 4.99145937e+00
-4.26352071e-03 4.99131393e+00
-4.25159978e-03 4.99145937e+00
-4.25875233e-03 4.99144030e+00
-4.25040768e-03 4.99132347e+00
-4.25040768e-03 4.99139738e+00
-4.25875233e-03 4.99131775e+00
-4.25875233e-03 4.99140215e+00
-4.26590489e-03 4.99141788e+00
-4.23729466e-03 4.99147511e+00
-4.25994443e-03 4.99131870e+00
-4.24087094e-03 4.99146795e+00
-4.28497838e-03 4.99143314e+00
-4.23729466e-03 4.99132347e+00
-4.26352071e-03 4.99142122e+00
-4.26232861e-03 4.99133301e+00
-4.25994443e-03 4.99132586e+00
-4.26709699e-03 4.99143553e+00
-4.25040768e-03 4.99130201e+00
-4.25517606e-03 4.99126291e+00
-4.24325513e-03 4.99121141e+00
-4.25636815e-03 4.99140596e+00
-4.26709699e-03 4.99135828e+00
-4.26232861e-03 4.99132490e+00
-4.25159978e-03 4.99144030e+00
-4.23729466e-03 4.99143934e+00
-4.25398396e-03 4.99127722e+00
-4.27067326e-03 4.99136782e+00
-4.23967885e-03 4.99147034e+00
-4.24325513e-03 4.99136543e+00
-4.25279187e-03 4.99139404e+00
-4.24802350e-03 4.99143457e+00
-4.25279187e-03 4.99134398e+00
-4.25636815e-03 4.99123287e+00
-4.26232861e-03 4.99146652e+00
-4.25398396e-03 4.99145365e+00
-4.25756024e-03 4.99139404e+00
-4.24563931e-03 4.99128532e+00
-4.24921559e-03 4.99144268e+00
-4.28259419e-03 4.99142027e+00
-4.25756024e-03 4.99128675e+00
-4.26471280e-03 4.99139500e+00
-4.24921559e-03 4.99144411e+00
-4.26471280e-03 4.99145699e+00
-4.25040768e-03 4.99148798e+00
-4.25517606e-03 4.99132252e+00
-4.25994443e-03 4.99134970e+00
-4.25279187e-03 4.99126768e+00
-4.26471280e-03 4.99135351e+00
-4.26948117e-03 4.99155140e+00
-4.27305745e-03 4.99134254e+00
-4.25040768e-03 4.99134254e+00
-4.26709699e-03 4.99127579e+00
-4.24206303e-03 4.99117088e+00
-4.26113652e-03 4.99140930e+00
-4.24921559e-03 4.99134636e+00
-4.25875233e-03 4.99140692e+00
-4.25994443e-03 4.99148560e+00
-4.26352071e-03 4.99144888e+00
-4.24802350e-03 4.99138451e+00
-4.25875233e-03 4.99142361e+00
-4.24921559e-03 4.99138546e+00
-4.24563931e-03 4.99134159e+00
-4.26828908e-03 4.99138546e+00
-4.25040768e-03 4.99143696e+00
-4.26352071e-03 4.99138927e+00
-4.25279187e-03 4.99127579e+00
-4.24802350e-03 4.99140453e+00
-4.24683141e-03 4.99132586e+00
-4.25994443e-03 4.99138784e+00
-4.25398396e-03 4.99132013e+00
-4.25875233e-03 4.99136543e+00
-4.24683141e-03 4.99138546e+00
-4.24683141e-03 4.99132586e+00
-4.24444722e-03 4.99148083e+00
-4.25636815e-03 4.99133921e+00
-4.25279187e-03 4.99138927e+00
-4.24325513e-03 4.99135828e+00
-4.25756024e-03 4.99134970e+00
-4.24444722e-03 4.99142361e+00
-4.25279187e-03 4.99121857e+00
-4.26590489e-03 4.99145699e+00
-4.25279187e-03 4.99155474e+00
-4.24921559e-03 4.99146080e+00
-4.26113652e-03 4.99138451e+00
-4.23491048e-03 4.99141645e+00
-4.25159978e-03 4.99138308e+00
-4.24921559e-03 4.99131060e+00
-4.26828908e-03 4.99124622e+00
-4.25279187e-03 4.99133444e+00
-4.24444722e-03 4.99130201e+00
-4.27067326e-03 4.99134398e+00
-4.27663373e-03 4.99145603e+00
-4.25040768e-03 4.99139738e+00
-4.24444722e-03 4.99138927e+00
-4.24325513e-03 4.99135113e+00
-4.25040768e-03 4.99129486e+00
-4.25159978e-03 4.99145842e+00
-4.27186536e-03 4.99154186e+00
-4.26232861e-03 4.99129629e+00
-4.25875233e-03 4.99134874e+00
-4.25756024e-03 4.99141550e+00
-4.26828908e-03 4.99152851e+00
-4.25517606e-03 4.99132967e+00
-4.26828908e-03 4.99133682e+00
-4.25398396e-03 4.99143314e+00
-4.25517606e-03 4.99144888e+00
-4.24921559e-03 4.99130201e+00
-4.26590489e-03 4.99150848e+00
-4.26471280e-03 4.99135113e+00
-4.24683141e-03 4.99129486e+00
-4.24921559e-03 4.99126530e+00
-4.26232861e-03 4.99127483e+00
-4.24325513e-03 4.99141884e+00
-4.24087094e-03 4.99136782e+00
-4.25159978e-03 4.99142122e+00
-4.25517606e-03 4.99138546e+00
-4.22895001e-03 4.99145126e+00
-4.26709699e-03 4.99137354e+00
-4.24683141e-03 4.99138784e+00
-4.25756024e-03 4.99130440e+00
-4.23729466e-03 4.99152279e+00
-4.25398396e-03 4.99131775e+00
-4.27544164e-03 4.99138927e+00
-4.25279187e-03 4.99145365e+00
-4.24802350e-03 4.99150848e+00
-4.25756024e-03 4.99139166e+00
-4.25636815e-03 4.99142027e+00
-4.25398396e-03 4.99129486e+00
-4.25040768e-03 4.99119616e+00
-4.25279187e-03 4.99144888e+00
-4.26352071e-03 4.99133921e+00
-4.24802350e-03 4.99133301e+00
-4.25279187e-03 4.99139166e+00
-4.24683141e-03 4.99139643e+00
-4.26709699e-03 4.99141073e+00
-4.24206303e-03 4.99143934e+00
-4.25040768e-03 4.99135208e+00
-4.25636815e-03 4.99144268e+00
-4.25040768e-03 4.99136162e+00
-4.26232861e-03 4.99118996e+00
-4.24325513e-03 4.99134731e+00
-4.23491048e-03 4.99142027e+00
-4.26352071e-03 4.99134731e+00
-4.24444722e-03 4.99134731e+00
-4.26471280e-03 4.99132586e+00
-4.25159978e-03 4.99136782e+00
-4.24087094e-03 4.99136782e+00
-4.26352071e-03 4.99143314e+00
-4.25279187e-03 4.99144983e+00
-4.24802350e-03 4.99133682e+00
-4.24087094e-03 4.99138546e+00
-4.25994443e-03 4.99134159e+00
-4.26709699e-03 4.99128675e+00
-4.25875233e-03 4.99136305e+00
-4.25040768e-03 4.99136639e+00
-4.24325513e-03 4.99136162e+00
-4.24802350e-03 4.99140215e+00
-4.24802350e-03 4.99149275e+00
-4.26590489e-03 4.99138927e+00
-4.26590489e-03 4.99148464e+00
-4.23729466e-03 4.99142504e+00
-4.26352071e-03 4.99124384e+00
-4.23491048e-03 4.99135208e+00
-4.24444722e-03 4.99141169e+00
-4.25875233e-03 4.99124146e+00
-4.26471280e-03 4.99135113e+00
-4.26232861e-03 4.99145126e+00
-4.25517606e-03 4.99134731e+00
-4.24444722e-03 4.99132586e+00
-4.25875233e-03 4.99144506e+00
-4.25636815e-03 4.99136162e+00
-4.26352071e-03 4.99144506e+00
-4.24921559e-03 4.99124384e+00
-4.26590489e-03 4.99128675e+00
-4.23848676e-03 4.99130201e+00
-4.25517606e-03 4.99119711e+00
-4.23252629e-03 4.99133539e+00
-4.25994443e-03 4.99136639e+00
-4.26471280e-03 4.99130201e+00
-4.25040768e-03 4.99141407e+00
-4.25040768e-03 4.99135208e+00
-4.25994443e-03 4.99135923e+00
-4.25517606e-03 4.99136877e+00
-4.26113652e-03 4.99132824e+00
-4.25279187e-03 4.99129248e+00
-4.24683141e-03 4.99133921e+00
-4.26113652e-03 4.99140453e+00
-4.25636815e-03 4.99129486e+00
-4.23848676e-03 4.99156809e+00
-4.24921559e-03 4.99131536e+00
-4.24802350e-03 4.99120903e+00
-4.25279187e-03 4.99155140e+00
-4.26232861e-03 4.99137354e+00
-4.25040768e-03 4.99134731e+00
-4.26948117e-03 4.99122810e+00
-4.25398396e-03 4.99135208e+00
-4.25398396e-03 4.99135590e+00
-4.26113652e-03 4.99135828e+00
-4.26352071e-03 4.99118996e+00
-4.26948117e-03 4.99142742e+00
-4.24444722e-03 4.99135590e+00
-4.24087094e-03 4.99134159e+00
-4.24206303e-03 4.99120569e+00
-4.27544164e-03 4.99130344e+00
-4.26113652e-03 4.99145365e+00
-4.27305745e-03 4.99141169e+00
-4.24206303e-03 4.99132586e+00
-4.24921559e-03 4.99137974e+00
-4.25517606e-03 4.99137115e+00
-4.24802350e-03 4.99143791e+00
-4.25517606e-03 4.99147987e+00
-4.24683141e-03 4.99135113e+00
-4.26471280e-03 4.99138069e+00
-4.26232861e-03 4.99126625e+00
-4.25875233e-03 4.99140596e+00
-4.24921559e-03 4.99132252e+00
-4.25040768e-03 4.99137735e+00
-4.25636815e-03 4.99117470e+00
-4.26471280e-03 4.99132729e+00
-4.26590489e-03 4.99124861e+00
-4.25398396e-03 4.99137974e+00
-4.25040768e-03 4.99143457e+00
-4.24921559e-03 4.99123526e+00
-4.26352071e-03 4.99146175e+00
-4.26352071e-03 4.99129248e+00
-4.26471280e-03 4.99134254e+00
-4.25756024e-03 4.99133062e+00
-4.25279187e-03 4.99127722e+00
-4.25040768e-03 4.99146795e+00
-4.23848676e-03 4.99146557e+00
-4.25875233e-03 4.99132586e+00
-4.24921559e-03 4.99140596e+00
-4.25517606e-03 4.99151087e+00
-4.25040768e-03 4.99135208e+00
-4.25875233e-03 4.99150944e+00
-4.25517606e-03 4.99122000e+00
-4.25756024e-03 4.99134398e+00
-4.26709699e-03 4.99131536e+00
-4.25279187e-03 4.99132586e+00
-4.26352071e-03 4.99136782e+00
-4.26471280e-03 4.99136066e+00
-4.25756024e-03 4.99145603e+00
-4.25875233e-03 4.99143553e+00
-4.26471280e-03 4.99142742e+00
-4.25756024e-03 4.99127483e+00
-4.24444722e-03 4.99132252e+00
-4.26113652e-03 4.99139643e+00
-4.24087094e-03 4.99124384e+00
-4.26590489e-03 4.99129391e+00
-4.25517606e-03 4.99137831e+00
-4.24563931e-03 4.99139881e+00
-4.23133420e-03 4.99126863e+00
-4.26828908e-03 4.99128675e+00
-4.24206303e-03 4.99121046e+00
-4.25756024e-03 4.99131060e+00
-4.25875233e-03 4.99139738e+00
-4.23967885e-03 4.99139500e+00
-4.25994443e-03 4.99140215e+00
-4.23729466e-03 4.99131632e+00
-4.27186536e-03 4.99130440e+00
-4.23967885e-03 4.99134874e+00
-4.26232861e-03 4.99130917e+00
-4.26232861e-03 4.99142265e+00
-4.27901791e-03 4.99132967e+00
-4.25159978e-03 4.99133778e+00
-4.26471280e-03 4.99142981e+00
-4.25994443e-03 4.99141169e+00
-4.24802350e-03 4.99139977e+00
-4.25756024e-03 4.99127579e+00
-4.25517606e-03 4.99140215e+00
-4.27782582e-03 4.99127340e+00
-4.24563931e-03 4.99129725e+00
-4.26352071e-03 4.99137497e+00
-4.26948117e-03 4.99144745e+00
-4.27067326e-03 4.99144173e+00
-4.26471280e-03 4.99135590e+00
-4.26113652e-03 4.99144888e+00
-4.25994443e-03 4.99149036e+00
-4.25159978e-03 4.99118996e+00
-4.26352071e-03 4.99130201e+00
-4.26352071e-03 4.99133301e+00
-4.25756024e-03 4.99142265e+00
-4.24206303e-03 4.99145365e+00
-4.24802350e-03 4.99137735e+00
-4.26471280e-03 4.99129725e+00
-4.25875233e-03 4.99128437e+00
-4.24921559e-03 4.99146318e+00
-4.24206303e-03 4.99129009e+00
-4.23610257e-03 4.99127340e+00
-4.25994443e-03 4.99135923e+00
-4.26471280e-03 4.99131298e+00
-4.24563931e-03 4.99135590e+00
-4.24802350e-03 4.99129868e+00
-4.25636815e-03 4.99131632e+00
-4.25636815e-03 4.99131870e+00
-4.25875233e-03 4.99132347e+00
-4.24206303e-03 4.99128437e+00
-4.25756024e-03 4.99128532e+00
-4.25517606e-03 4.99139166e+00
-4.25398396e-03 4.99139977e+00
-4.26709699e-03 4.99130344e+00
-4.24444722e-03 4.99123669e+00
-4.25398396e-03 4.99135590e+00
-4.24683141e-03 4.99126768e+00
-4.26590489e-03 4.99134159e+00
-4.27067326e-03 4.99146175e+00
-4.26113652e-03 4.99124718e+00
-4.25994443e-03 4.99140453e+00
-4.24325513e-03 4.99146175e+00
-4.25517606e-03 4.99145126e+00
-4.25159978e-03 4.99146891e+00
-4.24087094e-03 4.99140596e+00
-4.26232861e-03 4.99132347e+00
-4.25040768e-03 4.99132013e+00
-4.23967885e-03 4.99138784e+00
-4.25994443e-03 4.99132252e+00
-4.25994443e-03 4.99146414e+00
-4.27663373e-03 4.99119473e+00
-4.25756024e-03 4.99133778e+00
-4.25398396e-03 4.99136639e+00
-4.24802350e-03 4.99134970e+00
-4.26471280e-03 4.99132490e+00
-4.25159978e-03 4.99125576e+00
-4.26709699e-03 4.99128294e+00
-4.26471280e-03 4.99132109e+00
-4.26232861e-03 4.99129486e+00
-4.25875233e-03 4.99130106e+00
-4.25875233e-03 4.99122810e+00
-4.25994443e-03 4.99129629e+00
-4.25756024e-03 4.99122715e+00
-4.24921559e-03 4.99131393e+00
-4.24206303e-03 4.99134254e+00
-4.26232861e-03 4.99128914e+00
-4.24444722e-03 4.99131155e+00
-4.24683141e-03 4.99141645e+00
-4.25517606e-03 4.99136400e+00
-4.24683141e-03 4.99148464e+00
-4.26113652e-03 4.99122715e+00
-4.26113652e-03 4.99124479e+00
-4.25875233e-03 4.99142981e+00
-4.25636815e-03 4.99148321e+00
-4.25636815e-03 4.99127722e+00
-4.25040768e-03 4.99134874e+00
-4.27186536e-03 4.99125910e+00
-4.23610257e-03 4.99135351e+00
-4.23848676e-03 4.99139738e+00
-4.26590489e-03 4.99137831e+00
-4.24921559e-03 4.99129391e+00
-4.26828908e-03 4.99138927e+00
-4.24444722e-03 4.99129629e+00
-4.26828908e-03 4.99146652e+00
-4.25398396e-03 4.99134970e+00
-4.25636815e-03 4.99129629e+00
-4.25159978e-03 4.99133062e+00
-4.25517606e-03 4.99130344e+00
-4.25875233e-03 4.99122572e+00
-4.25279187e-03 4.99128771e+00
-4.27067326e-03 4.99120092e+00
-4.24325513e-03 4.99137831e+00
-4.25994443e-03 4.99133921e+00
-4.26828908e-03 4.99129629e+00
-4.25517606e-03 4.99129391e+00
-4.23967885e-03 4.99133205e+00
-4.26352071e-03 4.99143553e+00
-4.25040768e-03 4.99129248e+00
-4.24325513e-03 4.99145699e+00
-4.27305745e-03 4.99153233e+00
-4.24325513e-03 4.99135923e+00
-4.23967885e-03 4.99128675e+00
-4.27305745e-03 4.99123192e+00
-4.25040768e-03 4.99137735e+00
-4.25756024e-03 4.99132586e+00
-4.25279187e-03 4.99126530e+00
-4.25756024e-03 4.99132109e+00
-4.27186536e-03 4.99112558e+00
-4.26828908e-03 4.99129963e+00
-4.22298955e-03 4.99116755e+00
-4.26232861e-03 4.99125814e+00
-4.25994443e-03 4.99125338e+00
-4.26471280e-03 4.99134398e+00
-4.28140210e-03 4.99133444e+00
-4.23729466e-03 4.99120188e+00
-4.24683141e-03 4.99137497e+00
-4.26948117e-03 4.99139500e+00
-4.26113652e-03 4.99131393e+00
-4.25040768e-03 4.99128056e+00
-4.27067326e-03 4.99128771e+00
-4.26113652e-03 4.99131536e+00
-4.24921559e-03 4.99142361e+00
-4.25875233e-03 4.99140358e+00
-4.24802350e-03 4.99141073e+00
-4.25517606e-03 4.99137354e+00
-4.24563931e-03 4.99134874e+00
-4.25875233e-03 4.99134254e+00
-4.24206303e-03 4.99138927e+00
-4.25279187e-03 4.99137020e+00
-4.26232861e-03 4.99140215e+00
-4.25994443e-03 4.99125576e+00
-4.23491048e-03 4.99137259e+00
-4.24563931e-03 4.99128771e+00
-4.24325513e-03 4.99142122e+00
-4.25159978e-03 4.99145365e+00
-4.27782582e-03 4.99135828e+00
-4.25159978e-03 4.99129486e+00
-4.24563931e-03 4.99135113e+00
-4.25159978e-03 4.99132824e+00
-4.26232861e-03 4.99132824e+00
-4.25398396e-03 4.99139738e+00
-4.25040768e-03 4.99128199e+00
-4.24802350e-03 4.99118519e+00
-4.27067326e-03 4.99147987e+00
-4.25756024e-03 4.99136782e+00
-4.25875233e-03 4.99124384e+00
-4.27305745e-03 4.99130583e+00
-4.24921559e-03 4.99144173e+00
-4.27067326e-03 4.99132967e+00
-4.26590489e-03 4.99120665e+00
-4.23967885e-03 4.99118423e+00
-4.25159978e-03 4.99132967e+00
-4.24683141e-03 4.99142742e+00
-4.24563931e-03 4.99143314e+00
-4.24921559e-03 4.99133921e+00
-4.25159978e-03 4.99131536e+00
-4.25636815e-03 4.99142265e+00
-4.26828908e-03 4.99130678e+00
-4.27424954e-03 4.99123430e+00
-4.26590489e-03 4.99136400e+00
-4.25040768e-03 4.99129629e+00
-4.25994443e-03 4.99141407e+00
-4.23729466e-03 4.99135590e+00
-4.24563931e-03 4.99137115e+00
-4.23133420e-03 4.99131060e+00
-4.28021001e-03 4.99136305e+00
-4.24683141e-03 4.99136066e+00
-4.25875233e-03 4.99122477e+00
-4.24206303e-03 4.99139881e+00
-4.25398396e-03 4.99142742e+00
-4.26113652e-03 4.99129486e+00
-4.25994443e-03 4.99144411e+00
-4.27067326e-03 4.99133539e+00
-4.24921559e-03 4.99139404e+00
-4.26232861e-03 4.99138212e+00
-4.27067326e-03 4.99138927e+00
-4.26113652e-03 4.99138546e+00
-4.26352071e-03 4.99140453e+00
-4.25159978e-03 4.99140596e+00
-4.24563931e-03 4.99139166e+00
-4.24921559e-03 4.99138069e+00
-4.24683141e-03 4.99140453e+00
-4.26828908e-03 4.99138546e+00
-4.24921559e-03 4.99141312e+00
-4.26232861e-03 4.99144411e+00
-4.24921559e-03 4.99125433e+00
-4.24802350e-03 4.99135113e+00
-4.25040768e-03 4.99139166e+00
-4.26709699e-03 4.99132490e+00
-4.25756024e-03 4.99133778e+00
-4.23610257e-03 4.99151802e+00
-4.25875233e-03 4.99127483e+00
-4.25040768e-03 4.99144268e+00
-4.24563931e-03 4.99134731e+00
-4.26113652e-03 4.99144030e+00
-4.24563931e-03 4.99139166e+00
-4.24444722e-03 4.99140120e+00
-4.26113652e-03 4.99135208e+00
-4.23371838e-03 4.99139881e+00
-4.25875233e-03 4.99129486e+00
-4.24921559e-03 4.99139023e+00
-4.25517606e-03 4.99137735e+00
-4.25279187e-03 4.99142265e+00
-4.24444722e-03 4.99155378e+00
-4.26232861e-03 4.99139738e+00
-4.26471280e-03 4.99137831e+00
-4.24563931e-03 4.99145126e+00
-4.24206303e-03 4.99139404e+00
-4.25279187e-03 4.99123669e+00
-4.25040768e-03 4.99156666e+00
-4.26948117e-03 4.99139881e+00
-4.25398396e-03 4.99139023e+00
-4.25994443e-03 4.99128532e+00
-4.25040768e-03 4.99152040e+00
-4.26590489e-03 4.99139023e+00
-4.25040768e-03 4.99143696e+00
-4.25994443e-03 4.99138927e+00
-4.24683141e-03 4.99135113e+00
-4.26471280e-03 4.99139643e+00
-4.24206303e-03 4.99139500e+00
-4.26828908e-03 4.99151897e+00
-4.25040768e-03 4.99152136e+00
-4.24444722e-03 4.99137259e+00
-4.25636815e-03 4.99148083e+00
-4.24325513e-03 4.99131870e+00
-4.24206303e-03 4.99146414e+00
-4.24921559e-03 4.99142504e+00
-4.25279187e-03 4.99135113e+00
-4.25517606e-03 4.99140358e+00
-4.23848676e-03 4.99135685e+00
-4.24683141e-03 4.99141884e+00
-4.25040768e-03 4.99132586e+00
-4.24683141e-03 4.99143553e+00
-4.24206303e-03 4.99134159e+00
-4.25517606e-03 4.99131298e+00
-4.24921559e-03 4.99141073e+00
-4.25398396e-03 4.99129009e+00
-4.23967885e-03 4.99134254e+00
-4.26709699e-03 4.99137259e+00
-4.24087094e-03 4.99143791e+00
-4.24444722e-03 4.99142265e+00
-4.24921559e-03 4.99126387e+00
-4.26352071e-03 4.99148703e+00
-4.26352071e-03 4.99131060e+00
-4.26113652e-03 4.99142504e+00
-4.25756024e-03 4.99151087e+00
-4.25279187e-03 4.99145460e+00
-4.25159978e-03 4.99133062e+00
-4.25994443e-03 4.99132252e+00
-4.24444722e-03 4.99142027e+00
-4.23371838e-03 4.99154186e+00
-4.25398396e-03 4.99154425e+00
-4.25756024e-03 4.99135113e+00
-4.26232861e-03 4.99155140e+00
-4.24087094e-03 4.99149656e+00
-4.27663373e-03 4.99143696e+00
-4.24683141e-03 4.99140930e+00
-4.26948117e-03 4.99148703e+00
-4.23729466e-03 4.99146652e+00
-4.26709699e-03 4.99141073e+00
-4.26709699e-03 4.99147034e+00
-4.25159978e-03 4.99152756e+00
-4.25756024e-03 4.99147987e+00
-4.27544164e-03 4.99135447e+00
-4.24444722e-03 4.99142742e+00
-4.23371838e-03 4.99148226e+00
-4.25875233e-03 4.99138546e+00
-4.26590489e-03 4.99136066e+00
-4.25756024e-03 4.99153090e+00
-4.26113652e-03 4.99133301e+00
-4.24921559e-03 4.99147034e+00
-4.25159978e-03 4.99134970e+00
-4.25040768e-03 4.99143791e+00
-4.22775792e-03 4.99141550e+00
-4.26232861e-03 4.99136639e+00
-4.22537373e-03 4.99142599e+00
-4.26828908e-03 4.99138308e+00
-4.25994443e-03 4.99152994e+00
-4.25040768e-03 4.99147367e+00
-4.25994443e-03 4.99154282e+00
-4.25398396e-03 4.99148941e+00
-4.25159978e-03 4.99130678e+00
-4.23252629e-03 4.99129248e+00
-4.25159978e-03 4.99148083e+00
-4.24325513e-03 4.99141788e+00
-4.25159978e-03 4.99148941e+00
-4.24683141e-03 4.99147272e+00
-4.23729466e-03 4.99150944e+00
-4.25159978e-03 4.99144888e+00
-4.24087094e-03 4.99150944e+00
-4.25994443e-03 4.99150467e+00
-4.26352071e-03 4.99139881e+00
-4.27305745e-03 4.99150372e+00
-4.25875233e-03 4.99152756e+00
-4.24325513e-03 4.99154520e+00
-4.25756024e-03 4.99136066e+00
-4.23848676e-03 4.99148464e+00
-4.25398396e-03 4.99155712e+00
-4.24802350e-03 4.99141788e+00
-4.25875233e-03 4.99138927e+00
-4.26828908e-03 4.99131632e+00
-4.26948117e-03 4.99144888e+00
-4.24802350e-03 4.99154043e+00
-4.25994443e-03 4.99145365e+00
-4.25875233e-03 4.99136400e+00
-4.24444722e-03 4.99142265e+00
-4.24444722e-03 4.99133778e+00
-4.23729466e-03 4.99137354e+00
-4.25159978e-03 4.99142027e+00
-4.24325513e-03 4.99143314e+00
-4.24683141e-03 4.99144173e+00
-4.26948117e-03 4.99134970e+00
-4.25398396e-03 4.99151802e+00
-4.24087094e-03 4.99139166e+00
-4.27663373e-03 4.99143219e+00
-4.23967885e-03 4.99140120e+00
-4.24802350e-03 4.99146795e+00
-4.26352071e-03 4.99148083e+00
-4.25398396e-03 4.99146891e+00
-4.24802350e-03 4.99144411e+00
-4.24802350e-03 4.99143457e+00
-4.24087094e-03 4.99146795e+00
-4.25398396e-03 4.99142742e+00
-4.24921559e-03 4.99150944e+00
-4.26828908e-03 4.99143457e+00
-4.26471280e-03 4.99149418e+00
-4.24563931e-03 4.99140692e+00
-4.26232861e-03 4.99148083e+00
-4.25636815e-03 4.99133301e+00
-4.23014211e-03 4.99147272e+00
-4.26232861e-03 4.99141407e+00
-4.24802350e-03 4.99146175e+00
-4.25517606e-03 4.99140358e+00
-4.26590489e-03 4.99144173e+00
-4.24563931e-03 4.99137592e+00
-4.26352071e-03 4.99133444e+00
-4.25875233e-03 4.99142599e+00
-4.26709699e-03 4.99162292e+00
-4.25279187e-03 4.99156332e+00
-4.25398396e-03 4.99158573e+00
-4.25159978e-03 4.99150372e+00
-4.26232861e-03 4.99148083e+00
-4.26709699e-03 4.99143696e+00
-4.25994443e-03 4.99151659e+00
-4.26709699e-03 4.99140930e+00
-4.22537373e-03 4.99145699e+00
-4.25398396e-03 4.99167633e+00
-4.27186536e-03 4.99137831e+00
-4.27067326e-03 4.99145842e+00
-4.25517606e-03 4.99143219e+00
-4.26948117e-03 4.99132347e+00
-4.24921559e-03 4.99150372e+00
-4.25517606e-03 4.99153090e+00
-4.23014211e-03 4.99130440e+00
-4.27186536e-03 4.99150133e+00
-4.25636815e-03 4.99139500e+00
-4.25040768e-03 4.99150848e+00
-4.23371838e-03 4.99143219e+00
-4.25398396e-03 4.99141645e+00
-4.25875233e-03 4.99135113e+00
-4.26232861e-03 4.99140215e+00
-4.23133420e-03 4.99139261e+00
-4.23252629e-03 4.99140930e+00
-4.24325513e-03 4.99132347e+00
-4.25756024e-03 4.99141788e+00
-4.29451512e-03 4.99147034e+00
-4.24802350e-03 4.99146318e+00
-4.27067326e-03 4.99138451e+00
-4.25994443e-03 4.99156904e+00
-4.26828908e-03 4.99147367e+00
-4.26113652e-03 4.99136782e+00
-4.23967885e-03 4.99133539e+00
-4.25279187e-03 4.99143791e+00
-4.24921559e-03 4.99149656e+00
-4.24325513e-03 4.99137497e+00
-4.24087094e-03 4.99147129e+00
-4.23491048e-03 4.99145699e+00
-4.24683141e-03 4.99152517e+00
-4.24921559e-03 4.99134016e+00
-4.25756024e-03 4.99130201e+00
-4.25040768e-03 4.99147844e+00
-4.26471280e-03 4.99139023e+00
-4.25875233e-03 4.99141884e+00
-4.26709699e-03 4.99152517e+00
-4.26113652e-03 4.99144745e+00
-4.23014211e-03 4.99149036e+00
-4.26352071e-03 4.99137259e+00
-4.25517606e-03 4.99156332e+00
-4.25517606e-03 4.99151802e+00
-4.24206303e-03 4.99154758e+00
-4.25875233e-03 4.99151421e+00
-4.24921559e-03 4.99140120e+00
-4.24683141e-03 4.99131298e+00
-4.26948117e-03 4.99152994e+00
-4.25517606e-03 4.99146080e+00
-4.24563931e-03 4.99151564e+00
-4.26471280e-03 4.99139261e+00
-4.26352071e-03 4.99143076e+00
-4.27544164e-03 4.99147606e+00
-4.26471280e-03 4.99152613e+00
-4.24683141e-03 4.99155378e+00
-4.26590489e-03 4.99134398e+00
-4.25279187e-03 4.99144888e+00
-4.23967885e-03 4.99137831e+00
-4.24802350e-03 4.99143696e+00
-4.23729466e-03 4.99148083e+00
-4.24802350e-03 4.99146652e+00
-4.25994443e-03 4.99146557e+00
-4.25636815e-03 4.99139738e+00
-4.25398396e-03 4.99152517e+00
-4.25875233e-03 4.99142981e+00
-4.24802350e-03 4.99137115e+00
-4.25040768e-03 4.99136639e+00
-4.24802350e-03 4.99144030e+00
-4.27663373e-03 4.99137497e+00
-4.24921559e-03 4.99136162e+00
-4.25279187e-03 4.99142504e+00
-4.26352071e-03 4.99135351e+00
-4.27067326e-03 4.99139261e+00
-4.24921559e-03 4.99131155e+00
-4.27424954e-03 4.99137592e+00
-4.25398396e-03 4.99154186e+00
-4.26352071e-03 4.99151421e+00
-4.24683141e-03 4.99137115e+00
-4.26232861e-03 4.99129725e+00
-4.25398396e-03 4.99139643e+00
-4.25398396e-03 4.99143696e+00
-4.24563931e-03 4.99143791e+00
-4.23252629e-03 4.99144411e+00
-4.27901791e-03 4.99149513e+00
-4.25636815e-03 4.99140358e+00
-4.25159978e-03 4.99140215e+00
-4.24921559e-03 4.99141312e+00
-4.24563931e-03 4.99150372e+00
-4.25159978e-03 4.99156332e+00
-4.26709699e-03 4.99133682e+00
-4.24563931e-03 4.99141407e+00
-4.25994443e-03 4.99132109e+00
-4.25159978e-03 4.99131393e+00
-4.25994443e-03 4.99136400e+00
-4.26232861e-03 4.99154425e+00
-4.25159978e-03 4.99141550e+00
-4.26113652e-03 4.99140215e+00
-4.25279187e-03 4.99138212e+00
-4.27544164e-03 4.99136305e+00
-4.27186536e-03 4.99144268e+00
-4.24921559e-03 4.99147511e+00
-4.23610257e-03 4.99147129e+00
-4.26948117e-03 4.99135208e+00
-4.25636815e-03 4.99149275e+00
-4.24921559e-03 4.99164677e+00
-4.25756024e-03 4.99142504e+00
-4.27424954e-03 4.99138308e+00
-4.25994443e-03 4.99144030e+00
-4.25279187e-03 4.99153709e+00
-4.26352071e-03 4.99142265e+00
-4.26471280e-03 4.99132252e+00
-4.24683141e-03 4.99152613e+00
-4.24563931e-03 4.99143696e+00
-4.24683141e-03 4.99151897e+00
-4.25875233e-03 4.99148798e+00
-4.27067326e-03 4.99150133e+00
-4.23133420e-03 4.99144983e+00
-4.24921559e-03 4.99145842e+00
-4.25040768e-03 4.99141788e+00
-4.25517606e-03 4.99146080e+00
-4.25875233e-03 4.99141550e+00
-4.27544164e-03 4.99135828e+00
-4.25398396e-03 4.99151564e+00
-4.24683141e-03 4.99144745e+00
-4.24444722e-03 4.99141312e+00
-4.26113652e-03 4.99148560e+00
-4.26113652e-03 4.99141884e+00
-4.23014211e-03 4.99146080e+00
-4.26590489e-03 4.99145126e+00
-4.27067326e-03 4.99132109e+00
-4.23848676e-03 4.99155235e+00
-4.25159978e-03 4.99139500e+00
-4.25756024e-03 4.99147987e+00
-4.25040768e-03 4.99147511e+00
-4.24206303e-03 4.99142742e+00
-4.27782582e-03 4.99131870e+00
-4.25398396e-03 4.99148798e+00
-4.23967885e-03 4.99146175e+00
-4.23848676e-03 4.99141073e+00
-4.25517606e-03 4.99134731e+00
-4.24921559e-03 4.99147606e+00
-4.24444722e-03 4.99148464e+00
-4.25279187e-03 4.99145222e+00
-4.24325513e-03 4.99146080e+00
-4.27305745e-03 4.99124479e+00
-4.26352071e-03 4.99133682e+00
-4.26232861e-03 4.99147987e+00
-4.26590489e-03 4.99148321e+00
-4.24683141e-03 4.99144268e+00
-4.26828908e-03 4.99149513e+00
-4.26828908e-03 4.99146318e+00
-4.27424954e-03 4.99152994e+00
-4.26232861e-03 4.99145365e+00
-4.25279187e-03 4.99145126e+00
-4.24802350e-03 4.99140596e+00
-4.25636815e-03 4.99138212e+00
-4.25517606e-03 4.99156809e+00
-4.24087094e-03 4.99140596e+00
-4.25517606e-03 4.99157381e+00
-4.25875233e-03 4.99142361e+00
-4.26113652e-03 4.99144983e+00
-4.25517606e-03 4.99148083e+00
-4.25875233e-03 4.99151802e+00
-4.26113652e-03 4.99151325e+00
-4.26232861e-03 4.99149513e+00
-4.22895001e-03 4.99130678e+00
-4.22895001e-03 4.99149752e+00
-4.25756024e-03 4.99144411e+00
-4.24563931e-03 4.99145603e+00
-4.26590489e-03 4.99129963e+00
-4.24325513e-03 4.99139977e+00
-4.25636815e-03 4.99135447e+00
-4.26232861e-03 4.99138784e+00
-4.27067326e-03 4.99144983e+00
-4.26590489e-03 4.99141550e+00
-4.24921559e-03 4.99144745e+00
-4.26352071e-03 4.99151802e+00
-4.25279187e-03 4.99134493e+00
-4.25756024e-03 4.99145365e+00
-4.25159978e-03 4.99145937e+00
-4.27424954e-03 4.99136305e+00
-4.24802350e-03 4.99140692e+00
-4.26113652e-03 4.99141550e+00
-4.26471280e-03 4.99141645e+00
-4.25994443e-03 4.99136400e+00
-4.24921559e-03 4.99142265e+00
-4.26471280e-03 4.99147129e+00
-4.26113652e-03 4.99148798e+00
-4.24444722e-03 4.99141312e+00
-4.23133420e-03 4.99144268e+00
-4.26590489e-03 4.99156666e+00
-4.26471280e-03 4.99145460e+00
-4.27067326e-03 4.99143696e+00
-4.27067326e-03 4.99141788e+00
-4.26352071e-03 4.99129868e+00
-4.25279187e-03 4.99132967e+00
-4.25875233e-03 4.99149895e+00
-4.26948117e-03 4.99149275e+00
-4.26590489e-03 4.99138784e+00
-4.26471280e-03 4.99132967e+00
-4.24683141e-03 4.99142122e+00
-4.26590489e-03 4.99149513e+00
-4.25040768e-03 4.99148703e+00
-4.26948117e-03 4.99135828e+00
-4.25875233e-03 4.99145365e+00
-4.26948117e-03 4.99142361e+00
-4.25636815e-03 4.99143553e+00
-4.25040768e-03 4.99141645e+00
-4.24802350e-03 4.99151087e+00
-4.25279187e-03 4.99134970e+00
-4.26232861e-03 4.99133539e+00
-4.27186536e-03 4.99137831e+00
-4.25994443e-03 4.99149513e+00
-4.23967885e-03 4.99131632e+00
-4.26471280e-03 4.99131536e+00
-4.25875233e-03 4.99150944e+00
-4.25875233e-03 4.99131870e+00
-4.25875233e-03 4.99157143e+00
-4.25279187e-03 4.99147129e+00
-4.27186536e-03 4.99140930e+00
-4.26113652e-03 4.99140596e+00
-4.24683141e-03 4.99155378e+00
-4.27067326e-03 4.99139738e+00
-4.25398396e-03 4.99145126e+00
-4.24802350e-03 4.99148941e+00
-4.26471280e-03 4.99150610e+00
-4.24563931e-03 4.99135208e+00
-4.25159978e-03 4.99150467e+00
-4.25398396e-03 4.99146175e+00
-4.26232861e-03 4.99150467e+00
-4.23967885e-03 4.99139738e+00
-4.25279187e-03 4.99155617e+00
-4.26471280e-03 4.99140453e+00
-4.25636815e-03 4.99148703e+00
-4.23133420e-03 4.99144411e+00
-4.24206303e-03 4.99142981e+00
-4.25756024e-03 4.99145222e+00
-4.25875233e-03 4.99158812e+00
-4.24563931e-03 4.99144506e+00
-4.25517606e-03 4.99146891e+00
-4.25875233e-03 4.99127483e+00
-4.25159978e-03 4.99141645e+00
-4.26352071e-03 4.99144650e+00
-4.25279187e-03 4.99139023e+00
-4.25875233e-03 4.99147034e+00
-4.25517606e-03 4.99150229e+00
-4.27186536e-03 4.99139500e+00
-4.25875233e-03 4.99148798e+00
-4.26828908e-03 4.99145365e+00
-4.23848676e-03 4.99143219e+00
-4.25279187e-03 4.99149275e+00
-4.26113652e-03 4.99139404e+00
-4.25159978e-03 4.99145603e+00
-4.24921559e-03 4.99149418e+00
-4.27067326e-03 4.99141884e+00
-4.27663373e-03 4.99136400e+00
-4.25159978e-03 4.99151182e+00
-4.25875233e-03 4.99148464e+00
-4.25279187e-03 4.99141550e+00
-4.25636815e-03 4.99159193e+00
-4.28855466e-03 4.99141788e+00
-4.25994443e-03 4.99137735e+00
-4.26828908e-03 4.99150848e+00
-4.24921559e-03 4.99147272e+00
-4.27424954e-03 4.99151897e+00
-4.27424954e-03 4.99136639e+00
-4.25636815e-03 4.99148703e+00
-4.25159978e-03 4.99148703e+00
-4.24802350e-03 4.99158335e+00
-4.24563931e-03 4.99153566e+00
-4.25994443e-03 4.99150944e+00
-4.25279187e-03 4.99138451e+00
-4.24802350e-03 4.99143457e+00
-4.25994443e-03 4.99141169e+00
-4.26709699e-03 4.99144745e+00
-4.27186536e-03 4.99141550e+00
-4.24325513e-03 4.99132729e+00
-4.24802350e-03 4.99148083e+00
-4.27186536e-03 4.99150467e+00
-4.25279187e-03 4.99151802e+00
-4.25756024e-03 4.99149179e+00
-4.25994443e-03 4.99146557e+00
-4.24087094e-03 4.99134874e+00
-4.25517606e-03 4.99149656e+00
-4.25159978e-03 4.99145460e+00
-4.26590489e-03 4.99149418e+00
-4.25756024e-03 4.99150944e+00
-4.26352071e-03 4.99147987e+00
-4.25279187e-03 4.99147606e+00
-4.24563931e-03 4.99137831e+00
-4.28855466e-03 4.99153566e+00
-4.25756024e-03 4.99140692e+00
-4.25994443e-03 4.99149990e+00
-4.26113652e-03 4.99150229e+00
-4.24563931e-03 4.99140596e+00
-4.24921559e-03 4.99140120e+00
-4.24087094e-03 4.99151659e+00
-4.24683141e-03 4.99150372e+00
-4.25279187e-03 4.99150610e+00
-4.27305745e-03 4.99135923e+00
-4.24921559e-03 4.99141550e+00
-4.26590489e-03 4.99146414e+00
-4.24444722e-03 4.99147367e+00
-4.25875233e-03 4.99142265e+00
-4.25398396e-03 4.99160480e+00
-4.26828908e-03 4.99142122e+00
-4.24802350e-03 4.99151087e+00
-4.26232861e-03 4.99148321e+00
-4.26471280e-03 4.99157143e+00
-4.24444722e-03 4.99155378e+00
-4.25398396e-03 4.99144745e+00
-4.27067326e-03 4.99143553e+00
-4.26709699e-03 4.99156189e+00
-4.27544164e-03 4.99151564e+00
-4.25756024e-03 4.99162388e+00
-4.26113652e-03 4.99144173e+00
-4.26113652e-03 4.99154663e+00
-4.27305745e-03 4.99143076e+00
-4.23967885e-03 4.99160480e+00
-4.25398396e-03 4.99141645e+00
-4.25994443e-03 4.99151421e+00
-4.26709699e-03 4.99144268e+00
-4.25040768e-03 4.99149990e+00
-4.24444722e-03 4.99158001e+00
-4.26709699e-03 4.99138927e+00
-4.25517606e-03 4.99144745e+00
-4.24683141e-03 4.99144506e+00
-4.25159978e-03 4.99153328e+00
-4.25636815e-03 4.99157047e+00
-4.25636815e-03 4.99150467e+00
-4.26471280e-03 4.99157619e+00
-4.25398396e-03 4.99147129e+00
-4.26113652e-03 4.99160147e+00
-4.27186536e-03 4.99157381e+00
-4.27901791e-03 4.99150372e+00
-4.26471280e-03 4.99145937e+00
-4.26113652e-03 4.99152756e+00
-4.25040768e-03 4.99149990e+00
-4.24087094e-03 4.99154043e+00
-4.26828908e-03 4.99151659e+00
-4.25159978e-03 4.99156427e+00
-4.24802350e-03 4.99151659e+00
-4.24206303e-03 4.99152040e+00
-4.26471280e-03 4.99141884e+00
-4.26948117e-03 4.99153471e+00
-4.26709699e-03 4.99147844e+00
-4.24683141e-03 4.99144506e+00
-4.24444722e-03 4.99139023e+00
-4.26113652e-03 4.99161816e+00
-4.27544164e-03 4.99143076e+00
-4.23729466e-03 4.99153328e+00
-4.25159978e-03 4.99160242e+00
-4.24206303e-03 4.99154997e+00
-4.25398396e-03 4.99155951e+00
-4.27067326e-03 4.99139643e+00
-4.25159978e-03 4.99142265e+00
-4.25756024e-03 4.99144030e+00
-4.26948117e-03 4.99148464e+00
-4.26113652e-03 4.99148560e+00
-4.26232861e-03 4.99152279e+00
-4.26948117e-03 4.99156666e+00
-4.26232861e-03 4.99156189e+00
-4.25517606e-03 4.99148703e+00
-4.27663373e-03 4.99146318e+00
-4.25636815e-03 4.99162054e+00
-4.26948117e-03 4.99147749e+00
-4.27067326e-03 4.99151659e+00
-4.27067326e-03 4.99149990e+00
-4.27305745e-03 4.99148464e+00
-4.25994443e-03 4.99144983e+00
-4.25279187e-03 4.99160624e+00
-4.26709699e-03 4.99149513e+00
-4.26113652e-03 4.99149990e+00
-4.28021001e-03 4.99151564e+00
-4.25040768e-03 4.99135828e+00
-4.26471280e-03 4.99148941e+00
-4.26948117e-03 4.99146175e+00
-4.27186536e-03 4.99143791e+00
-4.24563931e-03 4.99151659e+00
-4.26352071e-03 4.99157763e+00
-4.26471280e-03 4.99166107e+00
-4.28140210e-03 4.99160147e+00
-4.27424954e-03 4.99157381e+00
-4.25279187e-03 4.99145222e+00
-4.25875233e-03 4.99153948e+00
-4.27901791e-03 4.99166918e+00
-4.26709699e-03 4.99145365e+00
-4.25636815e-03 4.99152040e+00
-4.25756024e-03 4.99153709e+00
-4.24325513e-03 4.99143696e+00
-4.27067326e-03 4.99149752e+00
-4.27186536e-03 4.99149036e+00
-4.27067326e-03 4.99162626e+00
-4.25875233e-03 4.99144983e+00
-4.24921559e-03 4.99144268e+00
-4.25517606e-03 4.99153805e+00
-4.25636815e-03 4.99159765e+00
-4.26471280e-03 4.99158716e+00
-4.28617047e-03 4.99146557e+00
-4.25517606e-03 4.99147844e+00
-4.24921559e-03 4.99147511e+00
-4.24325513e-03 4.99139977e+00
-4.24087094e-03 4.99153805e+00
-4.25756024e-03 4.99157381e+00
-4.25279187e-03 4.99137592e+00
-4.25040768e-03 4.99155378e+00
-4.25994443e-03 4.99146891e+00
-4.26113652e-03 4.99159908e+00
-4.27067326e-03 4.99157381e+00
-4.25159978e-03 4.99150467e+00
-4.25159978e-03 4.99153805e+00
-4.26113652e-03 4.99150133e+00
-4.25636815e-03 4.99147844e+00
-4.26948117e-03 4.99166679e+00
-4.25517606e-03 4.99148703e+00
-4.28736256e-03 4.99139977e+00
-4.25517606e-03 4.99157143e+00
-4.24921559e-03 4.99149990e+00
-4.27305745e-03 4.99164057e+00
-4.25636815e-03 4.99157143e+00
-4.26948117e-03 4.99158716e+00
-4.28021001e-03 4.99154997e+00
-4.26232861e-03 4.99148703e+00
-4.26590489e-03 4.99155378e+00
-4.26828908e-03 4.99149418e+00
-4.26113652e-03 4.99149036e+00
-4.26113652e-03 4.99154663e+00
-4.25040768e-03 4.99160147e+00
-4.25636815e-03 4.99155855e+00
-4.25756024e-03 4.99158812e+00
-4.27186536e-03 4.99147511e+00
-4.26828908e-03 4.99152517e+00
-4.25636815e-03 4.99147511e+00
-4.26471280e-03 4.99140835e+00
-4.27067326e-03 4.99147034e+00
-4.26352071e-03 4.99135923e+00
-4.26590489e-03 4.99151325e+00
-4.28021001e-03 4.99153709e+00
-4.26709699e-03 4.99154997e+00
-4.25040768e-03 4.99139261e+00
-4.26709699e-03 4.99148703e+00
-4.25756024e-03 4.99157763e+00
-4.26471280e-03 4.99147987e+00
-4.26113652e-03 4.99160242e+00
-4.23610257e-03 4.99155951e+00
-4.27186536e-03 4.99150705e+00
-4.23371838e-03 4.99148083e+00
-4.24921559e-03 4.99151897e+00
-4.24802350e-03 4.99147606e+00
-4.24683141e-03 4.99154043e+00
-4.26113652e-03 4.99157858e+00
-4.25517606e-03 4.99153328e+00
-4.25517606e-03 4.99146557e+00
-4.25517606e-03 4.99161196e+00
-4.26471280e-03 4.99145126e+00
-4.23848676e-03 4.99174213e+00
-4.26948117e-03 4.99148703e+00
-4.25994443e-03 4.99142838e+00
-4.25159978e-03 4.99158812e+00
-4.26828908e-03 4.99151325e+00
-4.25398396e-03 4.99136162e+00
-4.26113652e-03 4.99147987e+00
-4.26590489e-03 4.99156809e+00
-4.25159978e-03 4.99149275e+00
-4.25517606e-03 4.99153948e+00
-4.27067326e-03 4.99144030e+00
-4.25636815e-03 4.99149275e+00
-4.26113652e-03 4.99155712e+00
-4.25279187e-03 4.99158096e+00
-4.26113652e-03 4.99159670e+00
-4.23729466e-03 4.99164677e+00
-4.25994443e-03 4.99152517e+00
-4.25756024e-03 4.99155140e+00
-4.25756024e-03 4.99164200e+00
-4.25636815e-03 4.99149036e+00
-4.25040768e-03 4.99160242e+00
-4.22775792e-03 4.99149990e+00
-4.27305745e-03 4.99150467e+00
-4.26828908e-03 4.99159193e+00
-4.26828908e-03 4.99141788e+00
-4.26471280e-03 4.99160004e+00
-4.26709699e-03 4.99142742e+00
-4.24921559e-03 4.99154186e+00
-4.25756024e-03 4.99155140e+00
-4.26232861e-03 4.99157286e+00
-4.24683141e-03 4.99154902e+00
-4.25636815e-03 4.99160480e+00
-4.26232861e-03 4.99162388e+00
-4.26590489e-03 4.99153471e+00
-4.25994443e-03 4.99149418e+00
-4.26948117e-03 4.99154186e+00
-4.26709699e-03 4.99170256e+00
-4.25517606e-03 4.99146557e+00
-4.26471280e-03 4.99170160e+00
-4.25517606e-03 4.99166679e+00
-4.25875233e-03 4.99167538e+00
-4.26352071e-03 4.99154902e+00
-4.26232861e-03 4.99169540e+00
-4.26113652e-03 4.99145222e+00
-4.25994443e-03 4.99145126e+00
-4.26471280e-03 4.99169683e+00
-4.26113652e-03 4.99159908e+00
-4.25875233e-03 4.99149895e+00
-4.26709699e-03 4.99153328e+00
-4.23610257e-03 4.99164438e+00
-4.27424954e-03 4.99161911e+00
-4.26709699e-03 4.99162865e+00
-4.25756024e-03 4.99165249e+00
-4.26709699e-03 4.99162388e+00
-4.25040768e-03 4.99154663e+00
-4.26828908e-03 4.99146175e+00
-4.25875233e-03 4.99157047e+00
-4.25994443e-03 4.99149275e+00
-4.25279187e-03 4.99169302e+00
-4.26471280e-03 4.99149179e+00
-4.27186536e-03 4.99163103e+00
-4.26828908e-03 4.99144745e+00
-4.26232861e-03 4.99151087e+00
-4.23848676e-03 4.99150372e+00
-4.24802350e-03 4.99168730e+00
-4.24802350e-03 4.99161911e+00
-4.24444722e-03 4.99163008e+00
-4.25636815e-03 4.99160480e+00
-4.25756024e-03 4.99156570e+00
-4.25875233e-03 4.99155712e+00
-4.23014211e-03 4.99149513e+00
-4.23848676e-03 4.99164915e+00
-4.26471280e-03 4.99167395e+00
-4.25159978e-03 4.99152851e+00
-4.25398396e-03 4.99161100e+00
-4.25875233e-03 4.99169683e+00
-4.24206303e-03 4.99162865e+00
-4.25756024e-03 4.99154520e+00
-4.25517606e-03 4.99168253e+00
-4.25994443e-03 4.99147511e+00
-4.25279187e-03 4.99168587e+00
-4.25398396e-03 4.99162865e+00
-4.26828908e-03 4.99164915e+00
-4.26471280e-03 4.99145603e+00
-4.24921559e-03 4.99152040e+00
-4.24802350e-03 4.99167776e+00
-4.25040768e-03 4.99157286e+00
-4.25040768e-03 4.99146557e+00
-4.26232861e-03 4.99159288e+00
-4.26232861e-03 4.99156427e+00
-4.24921559e-03 4.99153709e+00
-4.26352071e-03 4.99157047e+00
-4.26113652e-03 4.99155855e+00
-4.26590489e-03 4.99158478e+00
-4.27305745e-03 4.99157619e+00
-4.23610257e-03 4.99168491e+00
-4.26471280e-03 4.99163246e+00
-4.26471280e-03 4.99163818e+00
-4.26113652e-03 4.99163485e+00
-4.26232861e-03 4.99160385e+00
-4.25279187e-03 4.99152756e+00
-4.24087094e-03 4.99163961e+00
-4.25994443e-03 4.99166584e+00
-4.27067326e-03 4.99156332e+00
-4.26948117e-03 4.99161339e+00
-4.26828908e-03 4.99146318e+00
-4.24444722e-03 4.99153805e+00
-4.24444722e-03 4.99159050e+00
-4.25636815e-03 4.99142265e+00
-4.24683141e-03 4.99156189e+00
-4.25040768e-03 4.99156904e+00
-4.24444722e-03 4.99151659e+00
-4.26828908e-03 4.99161911e+00
-4.26113652e-03 4.99154997e+00
-4.25875233e-03 4.99166918e+00
-4.27305745e-03 4.99159193e+00
-4.25875233e-03 4.99172306e+00
-4.24921559e-03 4.99170971e+00
-4.26590489e-03 4.99168253e+00
-4.26352071e-03 4.99163961e+00
-4.26828908e-03 4.99172068e+00
-4.27186536e-03 4.99144650e+00
-4.25875233e-03 4.99160242e+00
-4.25875233e-03 4.99150610e+00
-4.25517606e-03 4.99157619e+00
-4.26590489e-03 4.99151802e+00
-4.25398396e-03 4.99171686e+00
-4.24683141e-03 4.99177170e+00
-4.26113652e-03 4.99169064e+00
-4.26828908e-03 4.99177885e+00
-4.25994443e-03 4.99163103e+00
-4.25994443e-03 4.99161577e+00
-4.25875233e-03 4.99158573e+00
-4.26352071e-03 4.99166203e+00
-4.26471280e-03 4.99149275e+00
-4.26828908e-03 4.99176598e+00
-4.24683141e-03 4.99162769e+00
-4.25517606e-03 4.99163580e+00
-4.26709699e-03 4.99166822e+00
-4.26590489e-03 4.99165487e+00
-4.26709699e-03 4.99164915e+00
-4.28021001e-03 4.99150944e+00
-4.27424954e-03 4.99164295e+00
-4.26113652e-03 4.99150133e+00
-4.24444722e-03 4.99170732e+00
-4.25159978e-03 4.99158573e+00
-4.24921559e-03 4.99173975e+00
-4.26828908e-03 4.99164677e+00
-4.25398396e-03 4.99174213e+00
-4.26590489e-03 4.99173737e+00
-4.26232861e-03 4.99155617e+00
-4.26828908e-03 4.99167871e+00
-4.25517606e-03 4.99156666e+00
-4.28617047e-03 4.99170971e+00
-4.25159978e-03 4.99158335e+00
-4.26113652e-03 4.99157763e+00
-4.24921559e-03 4.99156809e+00
-4.25994443e-03 4.99163008e+00
-4.24563931e-03 4.99159288e+00
-4.24683141e-03 4.99177647e+00
-4.26113652e-03 4.99167871e+00
-4.25636815e-03 4.99162769e+00
-4.27186536e-03 4.99158001e+00
-4.27782582e-03 4.99163485e+00
-4.27544164e-03 4.99163103e+00
-4.24802350e-03 4.99163342e+00
-4.26590489e-03 4.99163818e+00
-4.26232861e-03 4.99151659e+00
-4.26590489e-03 4.99161196e+00
-4.25994443e-03 4.99173260e+00
-4.25517606e-03 4.99157763e+00
-4.26113652e-03 4.99163485e+00
-4.25040768e-03 4.99163818e+00
-4.25040768e-03 4.99171114e+00
-4.27663373e-03 4.99157858e+00
-4.25994443e-03 4.99171829e+00
-4.25994443e-03 4.99152613e+00
-4.25636815e-03 4.99162054e+00
-4.24683141e-03 4.99159908e+00
-4.25636815e-03 4.99159908e+00
-4.27663373e-03 4.99173498e+00
-4.24325513e-03 4.99170971e+00
-4.27186536e-03 4.99164438e+00
-4.26113652e-03 4.99162626e+00
-4.26352071e-03 4.99173498e+00
-4.25875233e-03 4.99168110e+00
-4.25159978e-03 4.99168110e+00
-4.25398396e-03 4.99174690e+00
-4.25517606e-03 4.99153948e+00
-4.26590489e-03 4.99159670e+00
-4.26948117e-03 4.99167299e+00
-4.25756024e-03 4.99167538e+00
-4.25994443e-03 4.99174452e+00
-4.24683141e-03 4.99153805e+00
-4.26471280e-03 4.99170971e+00
-4.25517606e-03 4.99167061e+00
-4.26709699e-03 4.99166679e+00
-4.26113652e-03 4.99152994e+00
-4.26232861e-03 4.99161911e+00
-4.25875233e-03 4.99167156e+00
-4.27186536e-03 4.99162292e+00
-4.25875233e-03 4.99155378e+00
-4.24087094e-03 4.99167156e+00
-4.26709699e-03 4.99155617e+00
-4.24563931e-03 4.99167776e+00
-4.25159978e-03 4.99163723e+00
-4.26352071e-03 4.99162769e+00
-4.25636815e-03 4.99165249e+00
-4.25040768e-03 4.99163723e+00
-4.25636815e-03 4.99168348e+00
-4.24683141e-03 4.99159527e+00
-4.27067326e-03 4.99155712e+00
-4.25756024e-03 4.99174547e+00
-4.27067326e-03 4.99169064e+00
-4.25756024e-03 4.99173260e+00
-4.26948117e-03 4.99161673e+00
-4.25756024e-03 4.99159193e+00
-4.25636815e-03 4.99173832e+00
-4.25994443e-03 4.99158955e+00
-4.25398396e-03 4.99161434e+00
-4.27186536e-03 4.99158573e+00
-4.26471280e-03 4.99163580e+00
-4.24325513e-03 4.99160004e+00
-4.23729466e-03 4.99156809e+00
-4.25994443e-03 4.99170637e+00
-4.25398396e-03 4.99163342e+00
-4.26352071e-03 4.99162769e+00
-4.26948117e-03 4.99170971e+00
-4.27782582e-03 4.99172401e+00
-4.23610257e-03 4.99168348e+00
-4.25279187e-03 4.99162292e+00
-4.26113652e-03 4.99160719e+00
-4.26590489e-03 4.99152136e+00
-4.24921559e-03 4.99156904e+00
-4.25517606e-03 4.99167538e+00
-4.26232861e-03 4.99142504e+00
-4.23014211e-03 4.99153328e+00
-4.26471280e-03 4.99166441e+00
-4.25994443e-03 4.99161100e+00
-4.25756024e-03 4.99160242e+00
-4.25636815e-03 4.99160242e+00
-4.25398396e-03 4.99158573e+00
-4.26948117e-03 4.99166107e+00
-4.25159978e-03 4.99143219e+00
-4.27424954e-03 4.99161577e+00
-4.24802350e-03 4.99157286e+00
-4.25279187e-03 4.99168348e+00
-4.25875233e-03 4.99167776e+00
-4.25994443e-03 4.99163580e+00
-4.27186536e-03 4.99166584e+00
-4.27663373e-03 4.99160147e+00
-4.25994443e-03 4.99159908e+00
-4.25040768e-03 4.99170876e+00
-4.26471280e-03 4.99170256e+00
-4.24802350e-03 4.99168253e+00
-4.26232861e-03 4.99166441e+00
-4.25875233e-03 4.99172306e+00
-4.24563931e-03 4.99158716e+00
-4.26471280e-03 4.99163580e+00
-4.25279187e-03 4.99159050e+00
-4.26590489e-03 4.99148798e+00
-4.24206303e-03 4.99166584e+00
-4.26709699e-03 4.99160385e+00
-4.25994443e-03 4.99179935e+00
-4.25875233e-03 4.99153709e+00
-4.26232861e-03 4.99168253e+00
-4.24683141e-03 4.99163246e+00
-4.26352071e-03 4.99163008e+00
-4.24444722e-03 4.99176836e+00
-4.24087094e-03 4.99159288e+00
-4.26948117e-03 4.99165154e+00
-4.25756024e-03 4.99167538e+00
-4.24325513e-03 4.99162531e+00
-4.25040768e-03 4.99168968e+00
-4.25636815e-03 4.99161434e+00
-4.25040768e-03 4.99159050e+00
-4.25994443e-03 4.99158478e+00
-4.26948117e-03 4.99163008e+00
-4.25994443e-03 4.99160957e+00
-4.25398396e-03 4.99168825e+00
-4.27901791e-03 4.99161816e+00
-4.26948117e-03 4.99167299e+00
-4.25398396e-03 4.99162769e+00
-4.26590489e-03 4.99175644e+00
-4.24325513e-03 4.99152279e+00
-4.25875233e-03 4.99166918e+00
-4.26471280e-03 4.99170637e+00
-4.26828908e-03 4.99160957e+00
-4.24921559e-03 4.99155951e+00
-4.25756024e-03 4.99166107e+00
-4.25279187e-03 4.99164057e+00
-4.26828908e-03 4.99170160e+00
-4.23967885e-03 4.99153471e+00
-4.27663373e-03 4.99146318e+00
-4.24683141e-03 4.99169445e+00
-4.26828908e-03 4.99168348e+00
-4.25517606e-03 4.99165010e+00
-4.25636815e-03 4.99156427e+00
-4.25517606e-03 4.99172068e+00
-4.27424954e-03 4.99167633e+00
-4.24921559e-03 4.99170399e+00
-4.25636815e-03 4.99160719e+00
-4.26352071e-03 4.99168825e+00
-4.24087094e-03 4.99156570e+00
-4.26709699e-03 4.99169683e+00
-4.25517606e-03 4.99169540e+00
-4.25040768e-03 4.99168110e+00
-4.25875233e-03 4.99160862e+00
-4.26948117e-03 4.99175262e+00
-4.25517606e-03 4.99169779e+00
-4.25875233e-03 4.99166584e+00
-4.26113652e-03 4.99173355e+00
-4.25398396e-03 4.99165487e+00
-4.26352071e-03 4.99176931e+00
-4.24802350e-03 4.99181938e+00
-4.24921559e-03 4.99159193e+00
-4.26590489e-03 4.99165154e+00
-4.24921559e-03 4.99168587e+00
-4.24563931e-03 4.99164200e+00
-4.24206303e-03 4.99161911e+00
-4.25040768e-03 4.99167538e+00
-4.25398396e-03 4.99163580e+00
-4.26352071e-03 4.99174929e+00
-4.25636815e-03 4.99169683e+00
-4.26232861e-03 4.99165869e+00
-4.25875233e-03 4.99153709e+00
-4.27663373e-03 4.99165154e+00
-4.27424954e-03 4.99165630e+00
-4.26352071e-03 4.99162149e+00
-4.26352071e-03 4.99170971e+00
-4.27186536e-03 4.99162531e+00
-4.24802350e-03 4.99173975e+00
-4.25279187e-03 4.99161673e+00
-4.25517606e-03 4.99175882e+00
-4.25875233e-03 4.99176693e+00
-4.25517606e-03 4.99169540e+00
-4.25875233e-03 4.99168015e+00
-4.26232861e-03 4.99175024e+00
-4.25279187e-03 4.99172306e+00
-4.26352071e-03 4.99167633e+00
-4.26590489e-03 4.99169207e+00
-4.25875233e-03 4.99176836e+00
-4.27305745e-03 4.99167776e+00
-4.26113652e-03 4.99168968e+00
-4.26113652e-03 4.99175406e+00
-4.25398396e-03 4.99174547e+00
-4.25517606e-03 4.99157619e+00
-4.25159978e-03 4.99176693e+00
-4.24683141e-03 4.99165726e+00
-4.26828908e-03 4.99158573e+00
-4.24444722e-03 4.99159908e+00
-4.25875233e-03 4.99154425e+00
-4.24444722e-03 4.99155855e+00
-4.27067326e-03 4.99169445e+00
-4.25279187e-03 4.99173355e+00
-4.27544164e-03 4.99168587e+00
-4.27424954e-03 4.99171829e+00
-4.24444722e-03 4.99158239e+00
-4.25756024e-03 4.99176931e+00
-4.26113652e-03 4.99160242e+00
-4.25875233e-03 4.99160004e+00
-4.26352071e-03 4.99168730e+00
-4.23729466e-03 4.99160004e+00
-4.25517606e-03 4.99173498e+00
-4.27305745e-03 4.99162149e+00
-4.27424954e-03 4.99165487e+00
-4.25636815e-03 4.99164534e+00
-4.27305745e-03 4.99169064e+00
-4.27067326e-03 4.99176455e+00
-4.25517606e-03 4.99173594e+00
-4.25279187e-03 4.99174786e+00
-4.26590489e-03 4.99171114e+00
-4.25517606e-03 4.99171686e+00
-4.27663373e-03 4.99175024e+00
-4.26352071e-03 4.99173975e+00
-4.27663373e-03 4.99177647e+00
-4.25636815e-03 4.99164200e+00
-4.25636815e-03 4.99168110e+00
-4.26471280e-03 4.99172163e+00
-4.27186536e-03 4.99179220e+00
-4.25875233e-03 4.99172163e+00
-4.25994443e-03 4.99178600e+00
-4.26948117e-03 4.99169302e+00
-4.24802350e-03 4.99153566e+00
-4.25636815e-03 4.99171352e+00
-4.23848676e-03 4.99167299e+00
-4.26352071e-03 4.99182320e+00
-4.26948117e-03 4.99169540e+00
-4.27782582e-03 4.99171114e+00
-4.25875233e-03 4.99177074e+00
-4.24683141e-03 4.99168730e+00
-4.26471280e-03 4.99166679e+00
-4.25517606e-03 4.99177170e+00
-4.27305745e-03 4.99176836e+00
-4.27544164e-03 4.99161577e+00
-4.25756024e-03 4.99187088e+00
-4.26590489e-03 4.99162626e+00
-4.25517606e-03 4.99172068e+00
-4.26471280e-03 4.99171352e+00
-4.24802350e-03 4.99173832e+00
-4.25398396e-03 4.99169922e+00
-4.25994443e-03 4.99176216e+00
-4.28140210e-03 4.99168968e+00
-4.27067326e-03 4.99180984e+00
-4.29093884e-03 4.99175167e+00
-4.25875233e-03 4.99171925e+00
-4.26590489e-03 4.99168015e+00
-4.25994443e-03 4.99181366e+00
-4.26948117e-03 4.99163580e+00
-4.26828908e-03 4.99163580e+00
-4.25398396e-03 4.99166584e+00
-4.25517606e-03 4.99164200e+00
-4.25517606e-03 4.99171209e+00
-4.25517606e-03 4.99164772e+00
-4.26471280e-03 4.99176693e+00
-4.27067326e-03 4.99159193e+00
-4.25636815e-03 4.99161196e+00
-4.24802350e-03 4.99174690e+00
-4.25875233e-03 4.99171925e+00
-4.25636815e-03 4.99156332e+00
-4.26471280e-03 4.99168253e+00
-4.23610257e-03 4.99180889e+00
-4.25517606e-03 4.99175501e+00
-4.24563931e-03 4.99159670e+00
-4.25159978e-03 4.99164534e+00
-4.26352071e-03 4.99174070e+00
-4.24921559e-03 4.99155712e+00
-4.24563931e-03 4.99166584e+00
-4.25636815e-03 4.99171829e+00
-4.26352071e-03 4.99177408e+00
-4.25875233e-03 4.99173832e+00
-4.24683141e-03 4.99177647e+00
-4.26232861e-03 4.99152994e+00
-4.27424954e-03 4.99155617e+00
-4.25756024e-03 4.99160862e+00
-4.23967885e-03 4.99173260e+00
-4.26113652e-03 4.99166346e+00
-4.25636815e-03 4.99162531e+00
-4.26113652e-03 4.99161911e+00
-4.27067326e-03 4.99171209e+00
-4.25756024e-03 4.99178982e+00
-4.26113652e-03 4.99169540e+00
-4.27067326e-03 4.99174929e+00
-4.26113652e-03 4.99163485e+00
-4.25398396e-03 4.99158335e+00
-4.25517606e-03 4.99165392e+00
-4.25517606e-03 4.99172544e+00
-4.26113652e-03 4.99167156e+00
-4.24683141e-03 4.99172068e+00
-4.25994443e-03 4.99164915e+00
-4.25040768e-03 4.99162388e+00
-4.26828908e-03 4.99172878e+00
-4.25756024e-03 4.99154282e+00
-4.27544164e-03 4.99175501e+00
-4.25636815e-03 4.99173832e+00
-4.24921559e-03 4.99166346e+00
-4.25875233e-03 4.99160385e+00
-4.27424954e-03 4.99167538e+00
-4.25517606e-03 4.99179316e+00
-4.26828908e-03 4.99161577e+00
-4.25517606e-03 4.99164295e+00
-4.25517606e-03 4.99172640e+00
-4.26471280e-03 4.99173117e+00
-4.27186536e-03 4.99184084e+00
-4.25875233e-03 4.99166679e+00
-4.25994443e-03 4.99163103e+00
-4.24802350e-03 4.99154663e+00
-4.26471280e-03 4.99170017e+00
-4.26828908e-03 4.99166679e+00
-4.26828908e-03 4.99163342e+00
-4.26590489e-03 4.99180651e+00
-4.26709699e-03 4.99168587e+00
-4.25398396e-03 4.99172878e+00
-4.24921559e-03 4.99164915e+00
-4.26471280e-03 4.99175739e+00
-4.25636815e-03 4.99173355e+00
-4.26232861e-03 4.99162292e+00
-4.26709699e-03 4.99167061e+00
-4.23967885e-03 4.99179220e+00
-4.28140210e-03 4.99172163e+00
-4.24325513e-03 4.99170494e+00
-4.25994443e-03 4.99164438e+00
-4.26828908e-03 4.99172783e+00
-4.26113652e-03 4.99159765e+00
-4.25994443e-03 4.99160719e+00
-4.26113652e-03 4.99173737e+00
-4.25994443e-03 4.99168825e+00
-4.26828908e-03 4.99173260e+00
-4.24683141e-03 4.99165392e+00
-4.25994443e-03 4.99157286e+00
-4.25398396e-03 4.99172401e+00
-4.24921559e-03 4.99170399e+00
-4.27544164e-03 4.99170017e+00
-4.24921559e-03 4.99168587e+00
-4.26709699e-03 4.99177790e+00
-4.26113652e-03 4.99166679e+00
-4.24802350e-03 4.99172783e+00
-4.27305745e-03 4.99171686e+00
-4.25398396e-03 4.99165964e+00
-4.25517606e-03 4.99169445e+00
-4.27067326e-03 4.99158239e+00
-4.26113652e-03 4.99167538e+00
-4.25636815e-03 4.99156570e+00
-4.26352071e-03 4.99154425e+00
-4.26590489e-03 4.99142265e+00
-4.24921559e-03 4.99158955e+00
-4.25994443e-03 4.99165964e+00
-4.25517606e-03 4.99166346e+00
-4.24802350e-03 4.99164677e+00
-4.26232861e-03 4.99161816e+00
-4.24563931e-03 4.99159193e+00
-4.26948117e-03 4.99166203e+00
-4.25875233e-03 4.99168253e+00
-4.27186536e-03 4.99160480e+00
-4.24325513e-03 4.99158955e+00
-4.25994443e-03 4.99165249e+00
-4.27186536e-03 4.99171829e+00
-4.25756024e-03 4.99176121e+00
-4.25040768e-03 4.99164772e+00
-4.25040768e-03 4.99166822e+00
-4.26352071e-03 4.99158955e+00
-4.26709699e-03 4.99165964e+00
-4.27186536e-03 4.99178362e+00
-4.27305745e-03 4.99162531e+00
-4.26113652e-03 4.99160004e+00
-4.26471280e-03 4.99161434e+00
-4.25040768e-03 4.99144888e+00
-4.26828908e-03 4.99169207e+00
-4.25636815e-03 4.99165487e+00
-4.25159978e-03 4.99180412e+00
-4.27186536e-03 4.99174452e+00
-4.25756024e-03 4.99182558e+00
-4.25875233e-03 4.99173021e+00
-4.25994443e-03 4.99183130e+00
-4.26709699e-03 4.99180889e+00
-4.25994443e-03 4.99169540e+00
-4.28259419e-03 4.99182558e+00
-4.25756024e-03 4.99172783e+00
-4.25279187e-03 4.99167156e+00
-4.28378629e-03 4.99173021e+00
-4.24325513e-03 4.99180412e+00
-4.26232861e-03 4.99176836e+00
-4.24563931e-03 4.99173117e+00
-4.26232861e-03 4.99164438e+00
-4.25875233e-03 4.99162531e+00
-4.25279187e-03 4.99176216e+00
-4.26113652e-03 4.99166107e+00
-4.25040768e-03 4.99167395e+00
-4.24444722e-03 4.99165869e+00
-4.24921559e-03 4.99162769e+00
-4.24921559e-03 4.99175739e+00
-4.24563931e-03 4.99169207e+00
-4.26113652e-03 4.99185276e+00
-4.27782582e-03 4.99162626e+00
-4.27186536e-03 4.99164057e+00
-4.24683141e-03 4.99161673e+00
-4.24683141e-03 4.99170637e+00
-4.24087094e-03 4.99180508e+00
-4.25517606e-03 4.99166918e+00
-4.24802350e-03 4.99165154e+00
-4.25756024e-03 4.99165726e+00
-4.25875233e-03 4.99160242e+00
-4.26828908e-03 4.99168253e+00
-4.28021001e-03 4.99164677e+00
-4.27067326e-03 4.99172306e+00
-4.25517606e-03 4.99168015e+00
-4.25398396e-03 4.99160242e+00
-4.25636815e-03 4.99166346e+00
-4.25517606e-03 4.99168015e+00
-4.26590489e-03 4.99165487e+00
-4.26113652e-03 4.99173498e+00
-4.23014211e-03 4.99159527e+00
-4.25875233e-03 4.99174786e+00
-4.25040768e-03 4.99175882e+00
-4.23848676e-03 4.99163961e+00
-4.26232861e-03 4.99172640e+00
-4.25875233e-03 4.99162626e+00
-4.27067326e-03 4.99153948e+00
-4.23729466e-03 4.99159288e+00
-4.28617047e-03 4.99174452e+00
-4.26709699e-03 4.99164915e+00
-4.25279187e-03 4.99175406e+00
-4.26232861e-03 4.99159527e+00
-4.25517606e-03 4.99164057e+00
-4.26113652e-03 4.99170399e+00
-4.24802350e-03 4.99169540e+00
-4.24802350e-03 4.99160004e+00
-4.23371838e-03 4.99172640e+00
-4.25517606e-03 4.99176216e+00
-4.26828908e-03 4.99159527e+00
-4.25875233e-03 4.99173117e+00
-4.25636815e-03 4.99164200e+00
-4.26352071e-03 4.99161816e+00
-4.25994443e-03 4.99163008e+00
-4.25279187e-03 4.99166584e+00
-4.25875233e-03 4.99170160e+00
-4.25636815e-03 4.99159050e+00
-4.26352071e-03 4.99166918e+00
-4.23967885e-03 4.99175262e+00
-4.26709699e-03 4.99173117e+00
-4.25159978e-03 4.99167871e+00
-4.25517606e-03 4.99172163e+00
-4.24563931e-03 4.99171925e+00
-4.25159978e-03 4.99163103e+00
-4.24921559e-03 4.99162769e+00
-4.25994443e-03 4.99168968e+00
-4.25875233e-03 4.99173737e+00
-4.26948117e-03 4.99165630e+00
-4.25517606e-03 4.99152613e+00
-4.26471280e-03 4.99173975e+00
-4.24206303e-03 4.99162054e+00
-4.25159978e-03 4.99184084e+00
-4.26709699e-03 4.99168587e+00
-4.25398396e-03 4.99174929e+00
-4.26828908e-03 4.99170494e+00
-4.24802350e-03 4.99171925e+00
-4.26948117e-03 4.99169207e+00
-4.25875233e-03 4.99169779e+00
-4.26590489e-03 4.99157858e+00
-4.24444722e-03 4.99166203e+00
-4.25994443e-03 4.99162531e+00
-4.23610257e-03 4.99162865e+00
-4.24206303e-03 4.99161339e+00
-4.26828908e-03 4.99167061e+00
-4.25994443e-03 4.99176359e+00
-4.25875233e-03 4.99174070e+00
-4.24206303e-03 4.99165249e+00
-4.25875233e-03 4.99172401e+00
-4.25875233e-03 4.99176931e+00
-4.24444722e-03 4.99161196e+00
-4.24325513e-03 4.99176836e+00
-4.25517606e-03 4.99160480e+00
-4.24563931e-03 4.99175501e+00
-4.25398396e-03 4.99163103e+00
-4.27544164e-03 4.99166346e+00
-4.25517606e-03 4.99153090e+00
-4.25636815e-03 4.99168110e+00
-4.24802350e-03 4.99162292e+00
-4.27186536e-03 4.99154758e+00
-4.25279187e-03 4.99164057e+00
-4.27067326e-03 4.99161196e+00
-4.25994443e-03 4.99170732e+00
-4.25636815e-03 4.99168968e+00
-4.25517606e-03 4.99178028e+00
-4.27782582e-03 4.99173832e+00
-4.26471280e-03 4.99174452e+00
-4.25279187e-03 4.99163580e+00
-4.26828908e-03 4.99168491e+00
-4.25159978e-03 4.99168110e+00
-4.26471280e-03 4.99160862e+00
-4.25040768e-03 4.99157858e+00
-4.24444722e-03 4.99170256e+00
-4.26232861e-03 4.99162388e+00
-4.25875233e-03 4.99170017e+00
-4.24325513e-03 4.99157524e+00
-4.24921559e-03 4.99165392e+00
-4.27305745e-03 4.99160480e+00
-4.24683141e-03 4.99169064e+00
-4.24921559e-03 4.99173021e+00
-4.26471280e-03 4.99157524e+00
-4.25398396e-03 4.99177313e+00
-4.26590489e-03 4.99159288e+00
-4.24683141e-03 4.99173832e+00
-4.24683141e-03 4.99188852e+00
-4.26828908e-03 4.99163342e+00
-4.26709699e-03 4.99170971e+00
-4.26828908e-03 4.99168825e+00
-4.26709699e-03 4.99166346e+00
-4.24802350e-03 4.99180984e+00
-4.25279187e-03 4.99175262e+00
-4.25875233e-03 4.99165392e+00
-4.24683141e-03 4.99165869e+00
-4.26352071e-03 4.99169445e+00
-4.25159978e-03 4.99171925e+00
-4.25398396e-03 4.99170732e+00
-4.25159978e-03 4.99164200e+00
-4.26590489e-03 4.99166346e+00
-4.25636815e-03 4.99172544e+00
-4.25517606e-03 4.99165726e+00
-4.25517606e-03 4.99163485e+00
-4.25875233e-03 4.99175024e+00
-4.27186536e-03 4.99168015e+00
-4.25994443e-03 4.99180651e+00
-4.26471280e-03 4.99189711e+00
-4.26232861e-03 4.99176121e+00
-4.24683141e-03 4.99163485e+00
-4.25159978e-03 4.99175978e+00
-4.25040768e-03 4.99174070e+00
-4.24683141e-03 4.99162531e+00
-4.24325513e-03 4.99171448e+00
-4.25159978e-03 4.99171686e+00
-4.26352071e-03 4.99174452e+00
-4.25517606e-03 4.99158239e+00
-4.25279187e-03 4.99159527e+00
-4.26471280e-03 4.99174070e+00
-4.25398396e-03 4.99172163e+00
-4.26590489e-03 4.99158955e+00
-4.25398396e-03 4.99159193e+00
-4.24325513e-03 4.99148560e+00
-4.26113652e-03 4.99168825e+00
-4.24921559e-03 4.99169302e+00
-4.26590489e-03 4.99170256e+00
-4.25994443e-03 4.99169445e+00
-4.26828908e-03 4.99174929e+00
-4.24444722e-03 4.99164534e+00
-4.25517606e-03 4.99153805e+00
-4.27901791e-03 4.99172306e+00
-4.27186536e-03 4.99174070e+00
-4.25636815e-03 4.99158955e+00
-4.27305745e-03 4.99157381e+00
-4.25398396e-03 4.99163723e+00
-4.26709699e-03 4.99173260e+00
-4.25517606e-03 4.99165487e+00
-4.25279187e-03 4.99162769e+00
-4.25756024e-03 4.99164057e+00
-4.25875233e-03 4.99158955e+00
-4.25994443e-03 4.99165249e+00
-4.25756024e-03 4.99162626e+00
-4.25398396e-03 4.99173260e+00
-4.25875233e-03 4.99170494e+00
-4.23967885e-03 4.99164534e+00
-4.25756024e-03 4.99181700e+00
-4.24325513e-03 4.99173355e+00
-4.27305745e-03 4.99143934e+00
-4.27424954e-03 4.99177408e+00
-4.26471280e-03 4.99180984e+00
-4.27782582e-03 4.99174309e+00
-4.23610257e-03 4.99163246e+00
-4.24802350e-03 4.99180651e+00
-4.26590489e-03 4.99168110e+00
-4.24563931e-03 4.99160004e+00
-4.25398396e-03 4.99169922e+00
-4.26471280e-03 4.99156666e+00
-4.26590489e-03 4.99167633e+00
-4.25159978e-03 4.99159765e+00
-4.26232861e-03 4.99165487e+00
-4.25756024e-03 4.99166441e+00
-4.27305745e-03 4.99152136e+00
-4.23967885e-03 4.99173355e+00
-4.25279187e-03 4.99169445e+00
-4.28021001e-03 4.99180031e+00
-4.25875233e-03 4.99162865e+00
-4.24921559e-03 4.99155140e+00
-4.25040768e-03 4.99152040e+00
-4.26113652e-03 4.99166346e+00
-4.26113652e-03 4.99162388e+00
-4.26709699e-03 4.99174929e+00
-4.26948117e-03 4.99170876e+00
-4.25994443e-03 4.99177408e+00
-4.24683141e-03 4.99168110e+00
-4.25875233e-03 4.99177313e+00
-4.25040768e-03 4.99167395e+00
-4.25517606e-03 4.99167299e+00
-4.23848676e-03 4.99167776e+00
-4.26113652e-03 4.99156332e+00
-4.25040768e-03 4.99165249e+00
-4.24683141e-03 4.99169302e+00
-4.25398396e-03 4.99173594e+00
-4.25279187e-03 4.99163246e+00
-4.25636815e-03 4.99159193e+00
-4.25994443e-03 4.99158812e+00
-4.26352071e-03 4.99168015e+00
-4.25517606e-03 4.99167776e+00
-4.25159978e-03 4.99170017e+00
-4.24921559e-03 4.99174547e+00
-4.25994443e-03 4.99162388e+00
-4.26948117e-03 4.99169683e+00
-4.26113652e-03 4.99173260e+00
-4.27067326e-03 4.99180412e+00
-4.25517606e-03 4.99164915e+00
-4.25279187e-03 4.99170256e+00
-4.24802350e-03 4.99165869e+00
-4.25279187e-03 4.99172878e+00
-4.27067326e-03 4.99164057e+00
-4.26113652e-03 4.99177551e+00
-4.25756024e-03 4.99173737e+00
-4.25279187e-03 4.99163723e+00
-4.25517606e-03 4.99163008e+00
-4.26232861e-03 4.99170494e+00
-4.25994443e-03 4.99170399e+00
-4.26948117e-03 4.99165630e+00
-4.23252629e-03 4.99157047e+00
-4.25636815e-03 4.99177313e+00
-4.26113652e-03 4.99168968e+00
-4.25398396e-03 4.99165726e+00
-4.25517606e-03 4.99178123e+00
-4.25994443e-03 4.99166822e+00
-4.27424954e-03 4.99161577e+00
-4.26232861e-03 4.99173355e+00
-4.26232861e-03 4.99171114e+00
-4.23729466e-03 4.99167776e+00
-4.26352071e-03 4.99163961e+00
-4.27544164e-03 4.99168730e+00
-4.24921559e-03 4.99151897e+00
-4.26590489e-03 4.99159050e+00
-4.27067326e-03 4.99164772e+00
-4.25159978e-03 4.99165249e+00
-4.24444722e-03 4.99171114e+00
-4.26948117e-03 4.99159908e+00
-4.24802350e-03 4.99167871e+00
-4.26232861e-03 4.99158716e+00
-4.26709699e-03 4.99171352e+00
-4.25159978e-03 4.99165630e+00
-4.25159978e-03 4.99168253e+00
-4.25756024e-03 4.99166918e+00
-4.28855466e-03 4.99174547e+00
-4.25875233e-03 4.99170732e+00
-4.24802350e-03 4.99163485e+00
-4.26590489e-03 4.99172401e+00
-4.26113652e-03 4.99152279e+00
-4.25159978e-03 4.99176836e+00
-4.26232861e-03 4.99160957e+00
-4.26590489e-03 4.99171209e+00
-4.24802350e-03 4.99165630e+00
-4.25279187e-03 4.99161196e+00
-4.25040768e-03 4.99163485e+00
-4.27305745e-03 4.99177790e+00
-4.25517606e-03 4.99155855e+00
-4.24802350e-03 4.99173832e+00
-4.27544164e-03 4.99168348e+00
-4.27424954e-03 4.99161673e+00
-4.25756024e-03 4.99164772e+00
-4.27663373e-03 4.99169445e+00
-4.25636815e-03 4.99163246e+00
-4.26232861e-03 4.99161673e+00
-4.24802350e-03 4.99165630e+00
-4.26113652e-03 4.99159670e+00
-4.25517606e-03 4.99171352e+00
-4.27544164e-03 4.99166679e+00
-4.24683141e-03 4.99179220e+00
-4.27305745e-03 4.99159050e+00
-4.25636815e-03 4.99164915e+00
-4.25040768e-03 4.99173832e+00
-4.25398396e-03 4.99168015e+00
-4.25279187e-03 4.99173498e+00
-4.26113652e-03 4.99170399e+00
-4.25398396e-03 4.99170637e+00
-4.26232861e-03 4.99174690e+00
-4.26471280e-03 4.99161577e+00
-4.25279187e-03 4.99161100e+00
-4.26948117e-03 4.99183130e+00
-4.27544164e-03 4.99164772e+00
-4.25517606e-03 4.99168825e+00
-4.25040768e-03 4.99161911e+00
-4.23610257e-03 4.99168491e+00
-4.24563931e-03 4.99170876e+00
-4.24921559e-03 4.99164677e+00
-4.26471280e-03 4.99158716e+00
-4.27067326e-03 4.99163008e+00
-4.26352071e-03 4.99167061e+00
-4.24802350e-03 4.99164200e+00
-4.25159978e-03 4.99155140e+00
-4.26113652e-03 4.99157858e+00
-4.26471280e-03 4.99160147e+00
-4.26471280e-03 4.99174547e+00
-4.26948117e-03 4.99159765e+00
-4.25398396e-03 4.99172783e+00
-4.24206303e-03 4.99163961e+00
-4.25279187e-03 4.99173975e+00
-4.23014211e-03 4.99160242e+00
-4.25398396e-03 4.99184084e+00
-4.25040768e-03 4.99160957e+00
-4.23729466e-03 4.99174547e+00
-4.25756024e-03 4.99170876e+00
-4.26828908e-03 4.99171829e+00
-4.25756024e-03 4.99164534e+00
-4.26709699e-03 4.99159288e+00
-4.25159978e-03 4.99182081e+00
-4.26590489e-03 4.99165392e+00
-4.25756024e-03 4.99177170e+00
-4.25756024e-03 4.99168968e+00
-4.25994443e-03 4.99167395e+00
-4.25875233e-03 4.99178982e+00
-4.24921559e-03 4.99179935e+00
-4.25994443e-03 4.99179220e+00
-4.25398396e-03 4.99174929e+00
-4.27424954e-03 4.99163485e+00
-4.26709699e-03 4.99168968e+00
-4.27544164e-03 4.99162054e+00
-4.24802350e-03 4.99154425e+00
-4.26471280e-03 4.99175406e+00
-4.26113652e-03 4.99172068e+00
-4.23967885e-03 4.99165869e+00
-4.26948117e-03 4.99169922e+00
-4.24683141e-03 4.99168253e+00
-4.24921559e-03 4.99166679e+00
-4.26471280e-03 4.99169064e+00
-4.23967885e-03 4.99163961e+00
-4.26113652e-03 4.99185276e+00
-4.24802350e-03 4.99157858e+00
-4.26590489e-03 4.99182796e+00
-4.24802350e-03 4.99183130e+00
-4.26590489e-03 4.99173832e+00
-4.25398396e-03 4.99166441e+00
-4.25398396e-03 4.99175644e+00
-4.25994443e-03 4.99174309e+00
-4.24683141e-03 4.99175739e+00
-4.25994443e-03 4.99174213e+00
-4.26471280e-03 4.99163818e+00
-4.24921559e-03 4.99161673e+00
-4.26232861e-03 4.99166822e+00
-4.25994443e-03 4.99170494e+00
-4.26232861e-03 4.99170637e+00
-4.26471280e-03 4.99159193e+00
-4.26113652e-03 4.99173355e+00
-4.24563931e-03 4.99181223e+00
-4.25279187e-03 4.99165154e+00
-4.26232861e-03 4.99180031e+00
-4.25279187e-03 4.99184465e+00
-4.25279187e-03 4.99178028e+00
-4.25279187e-03 4.99167299e+00
-4.26709699e-03 4.99176598e+00
-4.24206303e-03 4.99160624e+00
-4.24444722e-03 4.99174929e+00
-4.24921559e-03 4.99167633e+00
-4.25994443e-03 4.99170256e+00
-4.26352071e-03 4.99157763e+00
-4.25756024e-03 4.99160624e+00
-4.25040768e-03 4.99170256e+00
-4.23252629e-03 4.99175024e+00
-4.26232861e-03 4.99159527e+00
-4.25636815e-03 4.99176121e+00
-4.25517606e-03 4.99155617e+00
-4.25875233e-03 4.99167395e+00
-4.27186536e-03 4.99174786e+00
-4.23848676e-03 4.99170971e+00
-4.25756024e-03 4.99169540e+00
-4.26352071e-03 4.99169064e+00
-4.23848676e-03 4.99172306e+00
-4.25398396e-03 4.99172640e+00
-4.27544164e-03 4.99165726e+00
-4.26113652e-03 4.99164200e+00
-4.28378629e-03 4.99166107e+00
-4.25636815e-03 4.99170637e+00
-4.25636815e-03 4.99170637e+00
-4.25159978e-03 4.99175167e+00
-4.25875233e-03 4.99170971e+00
-4.26828908e-03 4.99172401e+00
-4.26471280e-03 4.99162149e+00
-4.25875233e-03 4.99169064e+00
-4.23729466e-03 4.99181604e+00
-4.26352071e-03 4.99185753e+00
-4.26948117e-03 4.99170732e+00
-4.25398396e-03 4.99167871e+00
-4.26352071e-03 4.99184704e+00
-4.25636815e-03 4.99174452e+00
-4.24087094e-03 4.99179554e+00
-4.26113652e-03 4.99176216e+00
-4.25636815e-03 4.99172640e+00
-4.24444722e-03 4.99172401e+00
-4.24444722e-03 4.99181366e+00
-4.24563931e-03 4.99168348e+00
-4.25040768e-03 4.99173498e+00
-4.25159978e-03 4.99176836e+00
-4.23729466e-03 4.99171114e+00
-4.24921559e-03 4.99171829e+00
-4.27186536e-03 4.99171925e+00
-4.26352071e-03 4.99179316e+00
-4.28140210e-03 4.99169683e+00
-4.25756024e-03 4.99173737e+00
-4.24802350e-03 4.99177074e+00
-4.27186536e-03 4.99182653e+00
-4.25279187e-03 4.99170494e+00
-4.25875233e-03 4.99169779e+00
-4.24325513e-03 4.99173021e+00
-4.27305745e-03 4.99176836e+00
-4.24206303e-03 4.99173832e+00
-4.24444722e-03 4.99175501e+00
-4.25517606e-03 4.99181128e+00
-4.26828908e-03 4.99170256e+00
-4.28021001e-03 4.99192667e+00
-4.24683141e-03 4.99178123e+00
-4.24802350e-03 4.99178362e+00
-4.22775792e-03 4.99179316e+00
-4.25040768e-03 4.99166584e+00
-4.25756024e-03 4.99172401e+00
-4.26828908e-03 4.99172306e+00
-4.24802350e-03 4.99176931e+00
-4.25517606e-03 4.99175406e+00
-4.23610257e-03 4.99174690e+00
-4.24683141e-03 4.99177170e+00
-4.26352071e-03 4.99177551e+00
-4.27424954e-03 4.99176216e+00
-4.26590489e-03 4.99168825e+00
-4.25159978e-03 4.99190903e+00
-4.25040768e-03 4.99183607e+00
-4.25040768e-03 4.99178028e+00
-4.25756024e-03 4.99175882e+00
-4.25040768e-03 4.99174929e+00
-4.26590489e-03 4.99159431e+00
-4.24206303e-03 4.99165726e+00
-4.25040768e-03 4.99185514e+00
-4.26471280e-03 4.99170494e+00
-4.26590489e-03 4.99187422e+00
-4.26590489e-03 4.99175024e+00
-4.27186536e-03 4.99180746e+00
-4.26352071e-03 4.99166346e+00
-4.25279187e-03 4.99166679e+00
-4.27186536e-03 4.99159527e+00
-4.25517606e-03 4.99165869e+00
-4.25756024e-03 4.99162388e+00
-4.25994443e-03 4.99165726e+00
-4.26948117e-03 4.99176359e+00
-4.25875233e-03 4.99162865e+00
-4.24683141e-03 4.99158478e+00
-4.25994443e-03 4.99165249e+00
-4.26113652e-03 4.99177408e+00
-4.27782582e-03 4.99170017e+00
-4.25279187e-03 4.99169540e+00
-4.26471280e-03 4.99168825e+00
-4.24087094e-03 4.99166584e+00
-4.25517606e-03 4.99171448e+00
-4.24325513e-03 4.99171686e+00
-4.24683141e-03 4.99176359e+00
-4.25875233e-03 4.99181128e+00
-4.23729466e-03 4.99160385e+00
-4.27067326e-03 4.99168825e+00
-4.25279187e-03 4.99173117e+00
-4.25517606e-03 4.99167156e+00
-4.25875233e-03 4.99166918e+00
-4.27305745e-03 4.99178982e+00
-4.25159978e-03 4.99180031e+00
-4.24802350e-03 4.99170160e+00
-4.25875233e-03 4.99162626e+00
-4.25994443e-03 4.99165487e+00
-4.26709699e-03 4.99165487e+00
-4.24563931e-03 4.99175406e+00
-4.25159978e-03 4.99166441e+00
-4.25398396e-03 4.99162054e+00
-4.23848676e-03 4.99173975e+00
-4.26590489e-03 4.99162531e+00
-4.26113652e-03 4.99181843e+00
-4.23848676e-03 4.99172640e+00
-4.24802350e-03 4.99172163e+00
-4.26352071e-03 4.99172068e+00
-4.26232861e-03 4.99179220e+00
-4.26590489e-03 4.99177313e+00
-4.27305745e-03 4.99170876e+00
-4.24921559e-03 4.99177074e+00
-4.27424954e-03 4.99176693e+00
-4.24802350e-03 4.99173832e+00
-4.27663373e-03 4.99169064e+00
-4.27305745e-03 4.99175739e+00
-4.26709699e-03 4.99181843e+00
-4.26113652e-03 4.99185991e+00
-4.24563931e-03 4.99157143e+00
-4.26471280e-03 4.99163580e+00
-4.25279187e-03 4.99163580e+00
-4.24325513e-03 4.99177551e+00
-4.25875233e-03 4.99175644e+00
-4.27663373e-03 4.99165010e+00
-4.25994443e-03 4.99169683e+00
-4.26948117e-03 4.99170017e+00
-4.25756024e-03 4.99166584e+00
-4.26828908e-03 4.99173832e+00
-4.25636815e-03 4.99171448e+00
-4.25398396e-03 4.99167395e+00
-4.25159978e-03 4.99184322e+00
-4.25636815e-03 4.99192667e+00
-4.25279187e-03 4.99188757e+00
-4.25875233e-03 4.99175262e+00
-4.26352071e-03 4.99174786e+00
-4.24325513e-03 4.99185514e+00
-4.26232861e-03 4.99164057e+00
-4.24802350e-03 4.99175167e+00
-4.26113652e-03 4.99171829e+00
-4.26471280e-03 4.99170017e+00
-4.27067326e-03 4.99169302e+00
-4.25517606e-03 4.99166203e+00
-4.26709699e-03 4.99168587e+00
-4.24683141e-03 4.99174213e+00
-4.25756024e-03 4.99178839e+00
-4.25517606e-03 4.99174929e+00
-4.24921559e-03 4.99167395e+00
-4.27067326e-03 4.99181461e+00
-4.25398396e-03 4.99184561e+00
-4.25398396e-03 4.99171591e+00
-4.26590489e-03 4.99170971e+00
-4.25159978e-03 4.99165964e+00
-4.27544164e-03 4.99154997e+00
-4.25994443e-03 4.99171591e+00
-4.26113652e-03 4.99173355e+00
-4.25756024e-03 4.99169922e+00
-4.25994443e-03 4.99169064e+00
-4.25756024e-03 4.99180412e+00
-4.26590489e-03 4.99173832e+00
-4.24921559e-03 4.99174309e+00
-4.25636815e-03 4.99167871e+00
-4.25517606e-03 4.99172401e+00
-4.25279187e-03 4.99175024e+00
-4.25398396e-03 4.99167776e+00
-4.26948117e-03 4.99178267e+00
-4.25994443e-03 4.99176931e+00
-4.27305745e-03 4.99155140e+00
-4.25159978e-03 4.99175978e+00
-4.25517606e-03 4.99165726e+00
-4.27424954e-03 4.99182177e+00
-4.25875233e-03 4.99164295e+00
-4.25994443e-03 4.99178600e+00
-4.25040768e-03 4.99175167e+00
-4.26232861e-03 4.99175739e+00
-4.25875233e-03 4.99160719e+00
-4.25875233e-03 4.99168348e+00
-4.26352071e-03 4.99173594e+00
-4.25040768e-03 4.99169207e+00
-4.24444722e-03 4.99182415e+00
-4.25994443e-03 4.99174929e+00
-4.25398396e-03 4.99176693e+00
-4.25994443e-03 4.99170399e+00
-4.26828908e-03 4.99155855e+00
-4.25159978e-03 4.99175406e+00
-4.26471280e-03 4.99183846e+00
-4.26113652e-03 4.99176693e+00
-4.25398396e-03 4.99176121e+00
-4.25159978e-03 4.99166203e+00
-4.24325513e-03 4.99169922e+00
-4.27424954e-03 4.99166203e+00
-4.26590489e-03 4.99179077e+00
-4.25756024e-03 4.99159670e+00
-4.25875233e-03 4.99179316e+00
-4.25040768e-03 4.99177551e+00
-4.25756024e-03 4.99169064e+00
-4.25159978e-03 4.99177790e+00
-4.26232861e-03 4.99170399e+00
-4.25279187e-03 4.99164534e+00
-4.25398396e-03 4.99164534e+00
-4.24683141e-03 4.99164057e+00
-4.27067326e-03 4.99167395e+00
-4.24683141e-03 4.99162388e+00
-4.26113652e-03 4.99181604e+00
-4.26948117e-03 4.99188137e+00
-4.24563931e-03 4.99172068e+00
-4.26709699e-03 4.99178123e+00
-4.25994443e-03 4.99179697e+00
-4.25398396e-03 4.99181223e+00
-4.25159978e-03 4.99169207e+00
-4.25279187e-03 4.99161100e+00
-4.25756024e-03 4.99170494e+00
-4.26113652e-03 4.99169683e+00
-4.25517606e-03 4.99163818e+00
-4.27186536e-03 4.99178123e+00
-4.25040768e-03 4.99173260e+00
-4.26232861e-03 4.99163580e+00
-4.24683141e-03 4.99158239e+00
-4.24087094e-03 4.99171686e+00
-4.26590489e-03 4.99177074e+00
-4.25636815e-03 4.99169445e+00
-4.24206303e-03 4.99160147e+00
-4.26948117e-03 4.99175501e+00
-4.23729466e-03 4.99188614e+00
-4.23967885e-03 4.99160624e+00
-4.27186536e-03 4.99166584e+00
-4.25040768e-03 4.99173498e+00
-4.26232861e-03 4.99174690e+00
-4.25875233e-03 4.99159527e+00
-4.26232861e-03 4.99169207e+00
-4.26590489e-03 4.99173498e+00
-4.25159978e-03 4.99176359e+00
-4.24921559e-03 4.99185753e+00
-4.25398396e-03 4.99175501e+00
-4.25398396e-03 4.99166584e+00
-4.24206303e-03 4.99169445e+00
-4.27186536e-03 4.99173498e+00
-4.26471280e-03 4.99161339e+00
-4.25636815e-03 4.99157619e+00
-4.26709699e-03 4.99174690e+00
-4.24563931e-03 4.99169064e+00
-4.26828908e-03 4.99175406e+00
-4.25398396e-03 4.99168968e+00
-4.25994443e-03 4.99183512e+00
-4.27424954e-03 4.99182892e+00
-4.25159978e-03 4.99181461e+00
-4.27067326e-03 4.99162769e+00
-4.25159978e-03 4.99161911e+00
-4.23729466e-03 4.99177408e+00
-4.25756024e-03 4.99170494e+00
-4.25398396e-03 4.99163580e+00
-4.24921559e-03 4.99163342e+00
-4.25040768e-03 4.99168110e+00
-4.24683141e-03 4.99177647e+00
-4.24921559e-03 4.99169683e+00
-4.26828908e-03 4.99163246e+00
-4.24444722e-03 4.99179697e+00
-4.26113652e-03 4.99167299e+00
-4.25875233e-03 4.99173117e+00
-4.26113652e-03 4.99171686e+00
-4.25040768e-03 4.99165630e+00
-4.25994443e-03 4.99187565e+00
-4.24444722e-03 4.99177551e+00
-4.26232861e-03 4.99166441e+00
-4.23967885e-03 4.99170017e+00
-4.25398396e-03 4.99170637e+00
-4.25398396e-03 4.99159670e+00
-4.26471280e-03 4.99170160e+00
-4.25636815e-03 4.99185419e+00
-4.26352071e-03 4.99174070e+00
-4.26471280e-03 4.99179554e+00
-4.25517606e-03 4.99174213e+00
-4.25517606e-03 4.99164534e+00
-4.25994443e-03 4.99169445e+00
-4.26828908e-03 4.99163246e+00
-4.25517606e-03 4.99173021e+00
-4.26828908e-03 4.99163723e+00
-4.25994443e-03 4.99180031e+00
-4.24087094e-03 4.99165010e+00
-4.25398396e-03 4.99175978e+00
-4.26828908e-03 4.99179316e+00
-4.25994443e-03 4.99177074e+00
-4.23848676e-03 4.99156332e+00
-4.24683141e-03 4.99166679e+00
-4.24683141e-03 4.99168253e+00
-4.24683141e-03 4.99182081e+00
-4.26471280e-03 4.99174213e+00
-4.24802350e-03 4.99163723e+00
-4.24563931e-03 4.99154186e+00
-4.25517606e-03 4.99169064e+00
-4.24563931e-03 4.99172163e+00
-4.24087094e-03 4.99162865e+00
-4.27305745e-03 4.99171114e+00
-4.23848676e-03 4.99175739e+00
-4.25398396e-03 4.99170637e+00
-4.27544164e-03 4.99173975e+00
-4.27663373e-03 4.99159908e+00
-4.25756024e-03 4.99168110e+00
-4.25636815e-03 4.99168587e+00
-4.25040768e-03 4.99166822e+00
-4.27067326e-03 4.99167395e+00
-4.25517606e-03 4.99169445e+00
-4.25517606e-03 4.99180269e+00
-4.26828908e-03 4.99166346e+00
-4.24444722e-03 4.99170160e+00
-4.24921559e-03 4.99157524e+00
-4.25756024e-03 4.99169445e+00
-4.26590489e-03 4.99179792e+00
-4.25040768e-03 4.99174213e+00
-4.26828908e-03 4.99163818e+00
-4.24444722e-03 4.99164057e+00
-4.24683141e-03 4.99163485e+00
-4.25398396e-03 4.99166346e+00
-4.25159978e-03 4.99161434e+00
-4.25517606e-03 4.99180031e+00
-4.26352071e-03 4.99152613e+00
-4.25994443e-03 4.99169683e+00
-4.26590489e-03 4.99166679e+00
-4.26352071e-03 4.99175024e+00
-4.27782582e-03 4.99165010e+00
-4.24921559e-03 4.99166346e+00
-4.26113652e-03 4.99174929e+00
-4.25756024e-03 4.99176693e+00
-4.26590489e-03 4.99177790e+00
-4.24444722e-03 4.99173117e+00
-4.25517606e-03 4.99161673e+00
-4.25875233e-03 4.99167156e+00
-4.26709699e-03 4.99166441e+00
-4.25040768e-03 4.99175644e+00
-4.24921559e-03 4.99167156e+00
-4.25875233e-03 4.99173594e+00
-4.24683141e-03 4.99168348e+00
-4.25517606e-03 4.99171114e+00
-4.25517606e-03 4.99159288e+00
-4.26471280e-03 4.99165869e+00
-4.26113652e-03 4.99175882e+00
-4.24683141e-03 4.99175167e+00
-4.24563931e-03 4.99164057e+00
-4.27544164e-03 4.99173021e+00
-4.26232861e-03 4.99169779e+00
-4.28021001e-03 4.99169207e+00
-4.26113652e-03 4.99163342e+00
-4.26709699e-03 4.99177885e+00
-4.26113652e-03 4.99164677e+00
-4.25875233e-03 4.99163723e+00
-4.27782582e-03 4.99183607e+00
-4.25517606e-03 4.99162292e+00
-4.25756024e-03 4.99178362e+00
-4.25040768e-03 4.99172878e+00
-4.27901791e-03 4.99170256e+00
-4.25636815e-03 4.99176931e+00
-4.27186536e-03 4.99169922e+00
-4.26471280e-03 4.99156332e+00
-4.26590489e-03 4.99176693e+00
-4.25875233e-03 4.99169540e+00
-4.27424954e-03 4.99169540e+00
-4.24921559e-03 4.99185419e+00
-4.24563931e-03 4.99168730e+00
-4.25398396e-03 4.99168491e+00
-4.25279187e-03 4.99169540e+00
-4.23848676e-03 4.99170017e+00
-4.25159978e-03 4.99170876e+00
-4.25040768e-03 4.99172163e+00
-4.25994443e-03 4.99161911e+00
-4.26590489e-03 4.99172640e+00
-4.27067326e-03 4.99159193e+00
-4.26113652e-03 4.99178362e+00
-4.25040768e-03 4.99172544e+00
-4.26709699e-03 4.99167871e+00
-4.26590489e-03 4.99171209e+00
-4.27067326e-03 4.99175406e+00
-4.27544164e-03 4.99171114e+00
-4.25159978e-03 4.99180746e+00
-4.27544164e-03 4.99171829e+00
-4.25517606e-03 4.99177074e+00
-4.25636815e-03 4.99169207e+00
-4.26232861e-03 4.99168730e+00
-4.26948117e-03 4.99164057e+00
-4.25159978e-03 4.99176693e+00
-4.26471280e-03 4.99178267e+00
-4.25636815e-03 4.99176931e+00
-4.24444722e-03 4.99182892e+00
-4.25636815e-03 4.99158955e+00
-4.25159978e-03 4.99178505e+00
-4.26828908e-03 4.99159670e+00
-4.24683141e-03 4.99165392e+00
-4.26113652e-03 4.99159670e+00
-4.25875233e-03 4.99171925e+00
-4.24087094e-03 4.99167871e+00
-4.25159978e-03 4.99170399e+00
-4.25875233e-03 4.99175406e+00
-4.22298955e-03 4.99165154e+00
-4.26232861e-03 4.99164677e+00
-4.25517606e-03 4.99159288e+00
-4.24444722e-03 4.99167156e+00
-4.24206303e-03 4.99169302e+00
-4.23610257e-03 4.99167871e+00
-4.26232861e-03 4.99170637e+00
-4.26709699e-03 4.99168015e+00
-4.25279187e-03 4.99165869e+00
-4.24563931e-03 4.99166679e+00
-4.25040768e-03 4.99151564e+00
-4.25398396e-03 4.99170732e+00
-4.25994443e-03 4.99180031e+00
-4.26948117e-03 4.99166441e+00
-4.25517606e-03 4.99168015e+00
-4.24444722e-03 4.99167871e+00
-4.26709699e-03 4.99173737e+00
-4.25279187e-03 4.99175501e+00
-4.25517606e-03 4.99175978e+00
-4.26828908e-03 4.99166679e+00
-4.26948117e-03 4.99165726e+00
-4.25994443e-03 4.99160957e+00
-4.25398396e-03 4.99172163e+00
-4.26590489e-03 4.99167871e+00
-4.25517606e-03 4.99178505e+00
-4.24921559e-03 4.99183989e+00
-4.24325513e-03 4.99181938e+00
-4.25159978e-03 4.99174452e+00
-4.26352071e-03 4.99175501e+00
-4.24683141e-03 4.99173117e+00
-4.26828908e-03 4.99179935e+00
-4.25517606e-03 4.99175978e+00
-4.25398396e-03 4.99168730e+00
-4.25994443e-03 4.99185181e+00
-4.25875233e-03 4.99173737e+00
-4.25756024e-03 4.99173117e+00
-4.26352071e-03 4.99183512e+00
-4.28140210e-03 4.99185276e+00
-4.24087094e-03 4.99175882e+00
-4.25279187e-03 4.99169207e+00
-4.26232861e-03 4.99166203e+00
-4.25279187e-03 4.99179077e+00
-4.25398396e-03 4.99170256e+00
-4.26590489e-03 4.99168348e+00
-4.25875233e-03 4.99181604e+00
-4.26471280e-03 4.99182415e+00
-4.26590489e-03 4.99180746e+00
-4.24563931e-03 4.99169779e+00
-4.27067326e-03 4.99181604e+00
-4.25875233e-03 4.99164915e+00
-4.24921559e-03 4.99180269e+00
-4.24802350e-03 4.99174070e+00
-4.24802350e-03 4.99179220e+00
-4.28140210e-03 4.99175882e+00
-4.24325513e-03 4.99169302e+00
-4.26709699e-03 4.99170399e+00
-4.25279187e-03 4.99175882e+00
-4.26352071e-03 4.99179792e+00
-4.26948117e-03 4.99164295e+00
-4.25159978e-03 4.99173737e+00
-4.23491048e-03 4.99163961e+00
-4.24921559e-03 4.99166584e+00
-4.25756024e-03 4.99174929e+00
-4.24683141e-03 4.99163580e+00
-4.25994443e-03 4.99171829e+00
-4.26352071e-03 4.99176121e+00
-4.23610257e-03 4.99176121e+00
-4.25875233e-03 4.99172640e+00
-4.23848676e-03 4.99167633e+00
-4.25875233e-03 4.99183273e+00
-4.25636815e-03 4.99174690e+00
-4.25636815e-03 4.99164772e+00
-4.27186536e-03 4.99174929e+00
-4.27186536e-03 4.99173260e+00
-4.24444722e-03 4.99167299e+00
-4.24563931e-03 4.99175739e+00
-4.26828908e-03 4.99169779e+00
-4.26232861e-03 4.99170017e+00
-4.24802350e-03 4.99167871e+00
-4.24444722e-03 4.99174786e+00
-4.25756024e-03 4.99164438e+00
-4.25756024e-03 4.99175501e+00
-4.25040768e-03 4.99170732e+00
-4.25756024e-03 4.99179935e+00
-4.27067326e-03 4.99181366e+00
-4.26709699e-03 4.99168587e+00
-4.25517606e-03 4.99175024e+00
-4.24921559e-03 4.99171591e+00
-4.24325513e-03 4.99176693e+00
-4.25159978e-03 4.99189568e+00
-4.25994443e-03 4.99170971e+00
-4.25398396e-03 4.99175406e+00
-4.25279187e-03 4.99176931e+00
-4.27782582e-03 4.99173498e+00
-4.26352071e-03 4.99175262e+00
-4.25636815e-03 4.99175882e+00
-4.27544164e-03 4.99170971e+00
-4.25040768e-03 4.99173737e+00
-4.23848676e-03 4.99171352e+00
-4.25994443e-03 4.99184084e+00
-4.25875233e-03 4.99175978e+00
-4.25517606e-03 4.99172544e+00
-4.26828908e-03 4.99174786e+00
-4.26709699e-03 4.99179697e+00
-4.26352071e-03 4.99160719e+00
-4.25159978e-03 4.99173975e+00
-4.24206303e-03 4.99163818e+00
-4.24206303e-03 4.99183035e+00
-4.25875233e-03 4.99178743e+00
-4.25398396e-03 4.99169445e+00
-4.26113652e-03 4.99170494e+00
-4.24206303e-03 4.99182892e+00
-4.24802350e-03 4.99190521e+00
-4.24563931e-03 4.99187183e+00
-4.26352071e-03 4.99165487e+00
-4.25040768e-03 4.99177885e+00
-4.26828908e-03 4.99183273e+00
-4.25994443e-03 4.99181366e+00
-4.25994443e-03 4.99161339e+00
-4.26352071e-03 4.99177790e+00
-4.25875233e-03 4.99163961e+00
-4.25994443e-03 4.99179459e+00
-4.24802350e-03 4.99170971e+00
-4.26113652e-03 4.99180269e+00
-4.25875233e-03 4.99173355e+00
-4.24802350e-03 4.99174070e+00
-4.26590489e-03 4.99165154e+00
-4.26471280e-03 4.99171352e+00
-4.25040768e-03 4.99197197e+00
-4.26590489e-03 4.99183607e+00
-4.26471280e-03 4.99167299e+00
-4.27424954e-03 4.99179459e+00
-4.25517606e-03 4.99175406e+00
-4.27305745e-03 4.99170017e+00
-4.25756024e-03 4.99174547e+00
-4.25994443e-03 4.99175501e+00
-4.25040768e-03 4.99163246e+00
-4.26828908e-03 4.99170494e+00
-4.25517606e-03 4.99184942e+00
-4.24206303e-03 4.99162054e+00
-4.26828908e-03 4.99164677e+00
-4.25040768e-03 4.99171591e+00
-4.26828908e-03 4.99170256e+00
-4.25040768e-03 4.99165726e+00
-4.25517606e-03 4.99187326e+00
-4.25875233e-03 4.99175644e+00
-4.25756024e-03 4.99171209e+00
-4.24563931e-03 4.99180031e+00
-4.25517606e-03 4.99175882e+00
-4.25398396e-03 4.99170017e+00
-4.26590489e-03 4.99177313e+00
-4.24921559e-03 4.99178600e+00
-4.26471280e-03 4.99167538e+00
-4.24802350e-03 4.99162865e+00
-4.25994443e-03 4.99170971e+00
-4.24087094e-03 4.99171925e+00
-4.25398396e-03 4.99177074e+00
-4.23967885e-03 4.99160624e+00
-4.25159978e-03 4.99176359e+00
-4.26709699e-03 4.99180031e+00
-4.25756024e-03 4.99178600e+00
-4.27067326e-03 4.99165869e+00
-4.26828908e-03 4.99169540e+00
-4.27782582e-03 4.99182558e+00
-4.25279187e-03 4.99185181e+00
-4.25994443e-03 4.99179792e+00
-4.27186536e-03 4.99162054e+00
-4.26590489e-03 4.99167156e+00
-4.25517606e-03 4.99180031e+00
-4.25994443e-03 4.99171114e+00
-4.26828908e-03 4.99177074e+00
-4.25994443e-03 4.99193287e+00
-4.27067326e-03 4.99180651e+00
-4.26471280e-03 4.99177790e+00
-4.25756024e-03 4.99182320e+00
-4.24563931e-03 4.99167538e+00
-4.26113652e-03 4.99178505e+00
-4.24921559e-03 4.99173021e+00
-4.24206303e-03 4.99184227e+00
-4.24087094e-03 4.99169683e+00
-4.24563931e-03 4.99194813e+00
-4.25159978e-03 4.99178028e+00
-4.25159978e-03 4.99173355e+00
-4.25994443e-03 4.99170971e+00
-4.27424954e-03 4.99178362e+00
-4.25875233e-03 4.99173737e+00
-4.26828908e-03 4.99169064e+00
-4.25279187e-03 4.99168968e+00
-4.24921559e-03 4.99174786e+00
-4.26948117e-03 4.99172783e+00
-4.26948117e-03 4.99179459e+00
-4.27067326e-03 4.99181461e+00
-4.26948117e-03 4.99176455e+00
-4.23610257e-03 4.99178362e+00
-4.26948117e-03 4.99174309e+00
-4.26232861e-03 4.99162149e+00
-4.25636815e-03 4.99175882e+00
-4.25040768e-03 4.99170399e+00
-4.24087094e-03 4.99174452e+00
-4.25279187e-03 4.99170494e+00
-4.25279187e-03 4.99176216e+00
-4.25636815e-03 4.99180412e+00
-4.24802350e-03 4.99183607e+00
-4.26352071e-03 4.99172163e+00
-4.27067326e-03 4.99167538e+00
-4.25994443e-03 4.99165964e+00
-4.27186536e-03 4.99173594e+00
-4.25398396e-03 4.99173260e+00
-4.25279187e-03 4.99179077e+00
-4.26471280e-03 4.99174309e+00
-4.24921559e-03 4.99180412e+00
-4.27424954e-03 4.99158096e+00
-4.25636815e-03 4.99176931e+00
-4.26590489e-03 4.99173260e+00
-4.25875233e-03 4.99180889e+00
-4.25398396e-03 4.99172783e+00
-4.26232861e-03 4.99189091e+00
-4.24683141e-03 4.99179935e+00
-4.24087094e-03 4.99185896e+00
-4.25994443e-03 4.99165726e+00
-4.25756024e-03 4.99180412e+00
-4.24206303e-03 4.99172640e+00
-4.27186536e-03 4.99175882e+00
-4.26590489e-03 4.99168253e+00
-4.25159978e-03 4.99180031e+00
-4.24444722e-03 4.99175024e+00
-4.26948117e-03 4.99172068e+00
-4.26828908e-03 4.99184227e+00
-4.25517606e-03 4.99176931e+00
-4.25875233e-03 4.99176216e+00
-4.24802350e-03 4.99180269e+00
-4.26948117e-03 4.99173975e+00
-4.26590489e-03 4.99187183e+00
-4.25279187e-03 4.99179697e+00
-4.23371838e-03 4.99172783e+00
-4.23610257e-03 4.99161339e+00
-4.25040768e-03 4.99186468e+00
-4.25756024e-03 4.99174213e+00
-4.26948117e-03 4.99180984e+00
-4.25994443e-03 4.99164438e+00
-4.25636815e-03 4.99162626e+00
-4.25875233e-03 4.99182892e+00
-4.26232861e-03 4.99178028e+00
-4.25279187e-03 4.99174070e+00
-4.24921559e-03 4.99175406e+00
-4.27544164e-03 4.99185419e+00
-4.26948117e-03 4.99184942e+00
-4.26828908e-03 4.99169302e+00
-4.25159978e-03 4.99168348e+00
-4.28021001e-03 4.99174786e+00
-4.26590489e-03 4.99174547e+00
-4.27424954e-03 4.99172163e+00
-4.24444722e-03 4.99178123e+00
-4.25159978e-03 4.99177170e+00
-4.25517606e-03 4.99187565e+00
-4.24206303e-03 4.99182415e+00
-4.25159978e-03 4.99180746e+00
-4.24087094e-03 4.99193859e+00
-4.25159978e-03 4.99180174e+00
-4.25279187e-03 4.99189091e+00
-4.25040768e-03 4.99182892e+00
-4.25994443e-03 4.99166584e+00
-4.25875233e-03 4.99178267e+00
-4.25517606e-03 4.99178362e+00
-4.26352071e-03 4.99166679e+00
-4.25756024e-03 4.99178982e+00
-4.26471280e-03 4.99176598e+00
-4.25279187e-03 4.99169302e+00
-4.23967885e-03 4.99188519e+00
-4.26113652e-03 4.99193048e+00
-4.23967885e-03 4.99166584e+00
-4.25517606e-03 4.99182081e+00
-4.24802350e-03 4.99173117e+00
-4.25279187e-03 4.99186468e+00
-4.27067326e-03 4.99170732e+00
-4.25994443e-03 4.99178600e+00
-4.25040768e-03 4.99190760e+00
-4.24802350e-03 4.99178982e+00
-4.24921559e-03 4.99177313e+00
-4.25756024e-03 4.99176455e+00
-4.25994443e-03 4.99177074e+00
-4.26113652e-03 4.99187326e+00
-4.24563931e-03 4.99181938e+00
-4.23610257e-03 4.99181461e+00
-4.24921559e-03 4.99182653e+00
-4.24802350e-03 4.99174452e+00
-4.25517606e-03 4.99172163e+00
-4.25040768e-03 4.99173832e+00
-4.25040768e-03 4.99172544e+00
-4.25159978e-03 4.99175644e+00
-4.27663373e-03 4.99188852e+00
-4.27067326e-03 4.99181604e+00
-4.25398396e-03 4.99179316e+00
-4.24802350e-03 4.99192190e+00
-4.25994443e-03 4.99167156e+00
-4.25994443e-03 4.99175882e+00
-4.25636815e-03 4.99176359e+00
-4.25159978e-03 4.99172163e+00
-4.25159978e-03 4.99180746e+00
-4.25875233e-03 4.99182320e+00
-4.27186536e-03 4.99178600e+00
-4.26590489e-03 4.99183273e+00
-4.24921559e-03 4.99183989e+00
-4.25398396e-03 4.99166822e+00
-4.25875233e-03 4.99190903e+00
-4.23967885e-03 4.99174547e+00
-4.24802350e-03 4.99179697e+00
-4.26352071e-03 4.99166203e+00
-4.25636815e-03 4.99188375e+00
-4.26113652e-03 4.99184322e+00
-4.22179746e-03 4.99170732e+00
-4.25398396e-03 4.99173832e+00
-4.25517606e-03 4.99173594e+00
-4.26352071e-03 4.99185419e+00
-4.25756024e-03 4.99187899e+00
-4.24683141e-03 4.99179220e+00
-4.24802350e-03 4.99191380e+00
-4.26352071e-03 4.99166822e+00
-4.27424954e-03 4.99171448e+00
-4.25636815e-03 4.99172401e+00
-4.24921559e-03 4.99190998e+00
-4.25636815e-03 4.99166822e+00
-4.26352071e-03 4.99175739e+00
-4.27424954e-03 4.99185181e+00
-4.25517606e-03 4.99188280e+00
-4.24325513e-03 4.99175024e+00
-4.24087094e-03 4.99183369e+00
-4.26709699e-03 4.99179792e+00
-4.27186536e-03 4.99181366e+00
-4.26590489e-03 4.99186468e+00
-4.26590489e-03 4.99174690e+00
-4.24444722e-03 4.99187088e+00
-4.25159978e-03 4.99160480e+00
-4.25875233e-03 4.99193048e+00
-4.24444722e-03 4.99173355e+00
-4.24444722e-03 4.99189091e+00
-4.24087094e-03 4.99173975e+00
-4.25875233e-03 4.99179459e+00
-4.26828908e-03 4.99180651e+00
-4.25636815e-03 4.99177647e+00
-4.27067326e-03 4.99178362e+00
-4.25994443e-03 4.99188042e+00
-4.26590489e-03 4.99185181e+00
-4.23491048e-03 4.99181366e+00
-4.24325513e-03 4.99194336e+00
-4.25875233e-03 4.99177551e+00
-4.24325513e-03 4.99181128e+00
-4.26352071e-03 4.99169683e+00
-4.23610257e-03 4.99186468e+00
-4.24683141e-03 4.99177170e+00
-4.26113652e-03 4.99188757e+00
-4.25994443e-03 4.99172401e+00
-4.25517606e-03 4.99183750e+00
-4.25159978e-03 4.99178362e+00
-4.25279187e-03 4.99178743e+00
-4.23491048e-03 4.99184322e+00
-4.26352071e-03 4.99181700e+00
-4.27544164e-03 4.99177170e+00
-4.25398396e-03 4.99182177e+00
-4.24325513e-03 4.99183846e+00
-4.26471280e-03 4.99180508e+00
-4.26828908e-03 4.99178600e+00
-4.25636815e-03 4.99184084e+00
-4.26471280e-03 4.99180269e+00
-4.25159978e-03 4.99181128e+00
-4.27544164e-03 4.99175501e+00
-4.26352071e-03 4.99173832e+00
-4.26232861e-03 4.99178505e+00
-4.25279187e-03 4.99170971e+00
-4.26352071e-03 4.99175406e+00
-4.26590489e-03 4.99185419e+00
-4.26948117e-03 4.99181366e+00
-4.25040768e-03 4.99178362e+00
-4.25040768e-03 4.99171925e+00
-4.26590489e-03 4.99178362e+00
-4.25398396e-03 4.99183512e+00
-4.26590489e-03 4.99170637e+00
-4.26352071e-03 4.99184704e+00
-4.24921559e-03 4.99169922e+00
-4.25636815e-03 4.99180651e+00
-4.27305745e-03 4.99182653e+00
-4.24087094e-03 4.99179697e+00
-4.24444722e-03 4.99177074e+00
-4.24921559e-03 4.99182177e+00
-4.25279187e-03 4.99184084e+00
-4.26590489e-03 4.99177647e+00
-4.25040768e-03 4.99185181e+00
-4.25398396e-03 4.99185276e+00
-4.25636815e-03 4.99179554e+00
-4.25994443e-03 4.99185038e+00
-4.24325513e-03 4.99179459e+00
-4.25398396e-03 4.99176931e+00
-4.26828908e-03 4.99172306e+00
-4.25398396e-03 4.99184465e+00
-4.25398396e-03 4.99177647e+00
-4.24087094e-03 4.99165726e+00
-4.25756024e-03 4.99177647e+00
-4.26471280e-03 4.99172878e+00
-4.24206303e-03 4.99190760e+00
-4.27305745e-03 4.99171591e+00
-4.25159978e-03 4.99183035e+00
-4.25517606e-03 4.99173117e+00
-4.24325513e-03 4.99176693e+00
-4.26590489e-03 4.99173498e+00
-4.26352071e-03 4.99168587e+00
-4.24683141e-03 4.99179697e+00
-4.25159978e-03 4.99168587e+00
-4.25398396e-03 4.99193048e+00
-4.25517606e-03 4.99185419e+00
-4.26232861e-03 4.99180889e+00
-4.25517606e-03 4.99176836e+00
-4.25279187e-03 4.99180889e+00
-4.25517606e-03 4.99179935e+00
-4.25875233e-03 4.99178982e+00
-4.24206303e-03 4.99168015e+00
-4.24563931e-03 4.99178028e+00
-4.25040768e-03 4.99184704e+00
-4.27067326e-03 4.99177790e+00
-4.25279187e-03 4.99181128e+00
-4.25279187e-03 4.99177074e+00
-4.26471280e-03 4.99185991e+00
-4.26352071e-03 4.99183846e+00
-4.25279187e-03 4.99175024e+00
-4.24444722e-03 4.99174309e+00
-4.27544164e-03 4.99174452e+00
-4.25875233e-03 4.99184942e+00
-4.26471280e-03 4.99174547e+00
-4.25756024e-03 4.99176455e+00
-4.24921559e-03 4.99174786e+00
-4.24683141e-03 4.99172878e+00
-4.27544164e-03 4.99190426e+00
-4.26590489e-03 4.99175406e+00
-4.25994443e-03 4.99171591e+00
-4.25875233e-03 4.99192190e+00
-4.26352071e-03 4.99164438e+00
-4.25159978e-03 4.99177074e+00
-4.25756024e-03 4.99175882e+00
-4.24325513e-03 4.99180269e+00
-4.25159978e-03 4.99173021e+00
-4.25279187e-03 4.99173021e+00
-4.24921559e-03 4.99184227e+00
-4.26352071e-03 4.99184942e+00
-4.25756024e-03 4.99178028e+00
-4.23967885e-03 4.99166107e+00
-4.24087094e-03 4.99174786e+00
-4.25636815e-03 4.99177647e+00
-4.25756024e-03 4.99185181e+00
-4.26709699e-03 4.99171925e+00
-4.25040768e-03 4.99183130e+00
-4.25636815e-03 4.99183273e+00
-4.25636815e-03 4.99171925e+00
-4.26471280e-03 4.99176836e+00
-4.26948117e-03 4.99174690e+00
-4.23729466e-03 4.99170494e+00
-4.26709699e-03 4.99181461e+00
-4.24683141e-03 4.99178505e+00
-4.26352071e-03 4.99181843e+00
-4.26948117e-03 4.99177551e+00
-4.25398396e-03 4.99182177e+00
-4.24921559e-03 4.99172068e+00
-4.25994443e-03 4.99175739e+00
-4.24563931e-03 4.99176216e+00
-4.26590489e-03 4.99181843e+00
-4.25636815e-03 4.99171352e+00
-4.24444722e-03 4.99171209e+00
-4.25994443e-03 4.99177408e+00
-4.24802350e-03 4.99172068e+00
-4.27186536e-03 4.99187803e+00
-4.25398396e-03 4.99178982e+00
-4.26709699e-03 4.99166441e+00
-4.25279187e-03 4.99192190e+00
-4.26352071e-03 4.99175644e+00
-4.26352071e-03 4.99177647e+00
-4.26709699e-03 4.99185276e+00
-4.25517606e-03 4.99190760e+00
-4.24563931e-03 4.99183273e+00
-4.24683141e-03 4.99184465e+00
-4.23491048e-03 4.99167299e+00
-4.25159978e-03 4.99177074e+00
-4.24683141e-03 4.99183846e+00
-4.25040768e-03 4.99183273e+00
-4.26352071e-03 4.99180984e+00
-4.25636815e-03 4.99198866e+00
-4.25040768e-03 4.99193525e+00
-4.25517606e-03 4.99183273e+00
-4.26948117e-03 4.99180508e+00
-4.26352071e-03 4.99185181e+00
-4.25040768e-03 4.99185038e+00
-4.24921559e-03 4.99188995e+00
-4.25159978e-03 4.99174452e+00
-4.26471280e-03 4.99186134e+00
-4.26709699e-03 4.99176931e+00
-4.25517606e-03 4.99179077e+00
-4.24802350e-03 4.99176359e+00
-4.26948117e-03 4.99182653e+00
-4.25040768e-03 4.99179459e+00
-4.24921559e-03 4.99180746e+00
-4.26709699e-03 4.99179316e+00
-4.27067326e-03 4.99185753e+00
-4.27186536e-03 4.99168015e+00
-4.25994443e-03 4.99185896e+00
-4.25875233e-03 4.99175262e+00
-4.26352071e-03 4.99180031e+00
-4.26232861e-03 4.99189806e+00
-4.27067326e-03 4.99184561e+00
-4.27782582e-03 4.99170971e+00
-4.26113652e-03 4.99175644e+00
-4.26113652e-03 4.99198389e+00
-4.26232861e-03 4.99175167e+00
-4.27663373e-03 4.99175406e+00
-4.25756024e-03 4.99178839e+00
-4.25517606e-03 4.99170494e+00
-4.25517606e-03 4.99187899e+00
-4.26828908e-03 4.99184942e+00
-4.25040768e-03 4.99171829e+00
-4.27901791e-03 4.99178362e+00
-4.26709699e-03 4.99177885e+00
-4.25040768e-03 4.99170876e+00
-4.26709699e-03 4.99174786e+00
-4.26709699e-03 4.99188614e+00
-4.25756024e-03 4.99182653e+00
-4.25636815e-03 4.99175024e+00
-4.28617047e-03 4.99183273e+00
-4.25040768e-03 4.99184799e+00
-4.26471280e-03 4.99186707e+00
-4.26948117e-03 4.99176836e+00
-4.25875233e-03 4.99171591e+00
-4.26709699e-03 4.99172163e+00
-4.26352071e-03 4.99181128e+00
-4.24921559e-03 4.99170971e+00
-4.26232861e-03 4.99180889e+00
-4.25636815e-03 4.99191952e+00
-4.25994443e-03 4.99168968e+00
-4.24802350e-03 4.99171829e+00
-4.24087094e-03 4.99188042e+00
-4.25279187e-03 4.99172640e+00
-4.26948117e-03 4.99191713e+00
-4.27186536e-03 4.99184942e+00
-4.27067326e-03 4.99171925e+00
-4.26709699e-03 4.99180651e+00
-4.25875233e-03 4.99186230e+00
-4.26113652e-03 4.99170637e+00
-4.25159978e-03 4.99181461e+00
-4.26828908e-03 4.99167776e+00
-4.24683141e-03 4.99183130e+00
-4.25636815e-03 4.99178362e+00
-4.25398396e-03 4.99186134e+00
-4.25756024e-03 4.99183369e+00
-4.27901791e-03 4.99178982e+00
-4.24444722e-03 4.99188137e+00
-4.24563931e-03 4.99175501e+00
-4.23491048e-03 4.99176455e+00
-4.24683141e-03 4.99172306e+00
-4.25756024e-03 4.99184084e+00
-4.23371838e-03 4.99190044e+00
-4.26113652e-03 4.99181223e+00
-4.25756024e-03 4.99195528e+00
-4.26232861e-03 4.99181128e+00
-4.25279187e-03 4.99169064e+00
-4.26113652e-03 4.99183750e+00
-4.25159978e-03 4.99174786e+00
-4.26590489e-03 4.99181843e+00
-4.27067326e-03 4.99178028e+00
-4.26471280e-03 4.99177885e+00
-4.26352071e-03 4.99191618e+00
-4.26828908e-03 4.99187088e+00
-4.25517606e-03 4.99195910e+00
-4.24563931e-03 4.99184227e+00
-4.26113652e-03 4.99186611e+00
-4.26471280e-03 4.99191618e+00
-4.27663373e-03 4.99184322e+00
-4.25398396e-03 4.99176836e+00
-4.24563931e-03 4.99182320e+00
-4.25636815e-03 4.99183273e+00
-4.26232861e-03 4.99198389e+00
-4.26590489e-03 4.99190044e+00
-4.26113652e-03 4.99185896e+00
-4.25875233e-03 4.99178839e+00
-4.27305745e-03 4.99184465e+00
-4.24802350e-03 4.99187422e+00
-4.25875233e-03 4.99195194e+00
-4.26709699e-03 4.99188995e+00
-4.24563931e-03 4.99182415e+00
-4.25159978e-03 4.99183035e+00
-4.26232861e-03 4.99169445e+00
-4.25159978e-03 4.99170494e+00
-4.26828908e-03 4.99194813e+00
-4.24683141e-03 4.99181461e+00
-4.25875233e-03 4.99170399e+00
-4.25279187e-03 4.99172878e+00
-4.22418164e-03 4.99175262e+00
-4.26709699e-03 4.99185181e+00
-4.27663373e-03 4.99186134e+00
-4.24206303e-03 4.99182653e+00
-4.25279187e-03 4.99172783e+00
-4.25517606e-03 4.99178505e+00
-4.25398396e-03 4.99184465e+00
-4.26113652e-03 4.99182653e+00
-4.24206303e-03 4.99178839e+00
-4.23014211e-03 4.99185419e+00
-4.26232861e-03 4.99181128e+00
-4.25994443e-03 4.99184561e+00
-4.25517606e-03 4.99179554e+00
-4.24921559e-03 4.99184465e+00
-4.25517606e-03 4.99163818e+00
-4.25517606e-03 4.99179554e+00
-4.26471280e-03 4.99187422e+00
-4.25159978e-03 4.99186230e+00
-4.24206303e-03 4.99190187e+00
-4.25040768e-03 4.99184227e+00
-4.25398396e-03 4.99180889e+00
-4.25636815e-03 4.99179935e+00
-4.25040768e-03 4.99182558e+00
-4.26471280e-03 4.99180269e+00
-4.24563931e-03 4.99176931e+00
-4.26590489e-03 4.99196863e+00
-4.27186536e-03 4.99183750e+00
-4.26828908e-03 4.99189806e+00
-4.27067326e-03 4.99188042e+00
-4.25040768e-03 4.99177170e+00
-4.26948117e-03 4.99173498e+00
-4.26232861e-03 4.99192429e+00
-4.25994443e-03 4.99183989e+00
-4.25994443e-03 4.99178267e+00
-4.24444722e-03 4.99179220e+00
-4.24325513e-03 4.99185514e+00
-4.26471280e-03 4.99171591e+00
-4.24206303e-03 4.99175644e+00
-4.26590489e-03 4.99175501e+00
-4.27544164e-03 4.99186134e+00
-4.25398396e-03 4.99186468e+00
-4.25159978e-03 4.99182796e+00
-4.27305745e-03 4.99191856e+00
-4.25398396e-03 4.99177408e+00
-4.24921559e-03 4.99181938e+00
-4.27305745e-03 4.99175739e+00
-4.25994443e-03 4.99165630e+00
-4.26709699e-03 4.99177074e+00
-4.26471280e-03 4.99190187e+00
-4.25517606e-03 4.99186611e+00
-4.26828908e-03 4.99178982e+00
-4.25875233e-03 4.99181128e+00
-4.26232861e-03 4.99174309e+00
-4.25517606e-03 4.99181128e+00
-4.24563931e-03 4.99169922e+00
-4.25159978e-03 4.99188280e+00
-4.25756024e-03 4.99188757e+00
-4.26113652e-03 4.99179792e+00
-4.24087094e-03 4.99175406e+00
-4.24563931e-03 4.99176836e+00
-4.26590489e-03 4.99188757e+00
-4.26590489e-03 4.99199581e+00
-4.26471280e-03 4.99177790e+00
-4.26352071e-03 4.99176693e+00
-4.25636815e-03 4.99187183e+00
-4.26709699e-03 4.99188042e+00
-4.28140210e-03 4.99184322e+00
-4.24683141e-03 4.99183607e+00
-4.26352071e-03 4.99178839e+00
-4.28259419e-03 4.99173832e+00
-4.24563931e-03 4.99192190e+00
-4.26948117e-03 4.99178123e+00
-4.25875233e-03 4.99205065e+00
-4.25159978e-03 4.99188852e+00
-4.26113652e-03 4.99177790e+00
-4.27305745e-03 4.99182892e+00
-4.26948117e-03 4.99186373e+00
-4.26948117e-03 4.99174786e+00
-4.23967885e-03 4.99186373e+00
-4.25398396e-03 4.99179459e+00
-4.25517606e-03 4.99186707e+00
-4.25994443e-03 4.99175501e+00
-4.26113652e-03 4.99183035e+00
-4.26828908e-03 4.99190426e+00
-4.25994443e-03 4.99175644e+00
-4.24444722e-03 4.99179220e+00
-4.25398396e-03 4.99174070e+00
-4.23491048e-03 4.99181223e+00
-4.25279187e-03 4.99188137e+00
-4.26352071e-03 4.99191475e+00
-4.25159978e-03 4.99188852e+00
-4.26113652e-03 4.99172306e+00
-4.26709699e-03 4.99174690e+00
-4.26352071e-03 4.99174070e+00
-4.25756024e-03 4.99181223e+00
-4.26471280e-03 4.99183989e+00
-4.26471280e-03 4.99180508e+00
-4.26232861e-03 4.99174452e+00
-4.26232861e-03 4.99176216e+00
-4.25994443e-03 4.99190283e+00
-4.27424954e-03 4.99163008e+00
-4.24683141e-03 4.99178362e+00
-4.25279187e-03 4.99178123e+00
-4.25756024e-03 4.99180651e+00
-4.25756024e-03 4.99188519e+00
-4.25756024e-03 4.99174929e+00
-4.26352071e-03 4.99178839e+00
-4.27663373e-03 4.99166822e+00
-4.24802350e-03 4.99191141e+00
-4.25994443e-03 4.99188519e+00
-4.25875233e-03 4.99184704e+00
-4.24325513e-03 4.99183273e+00
-4.27424954e-03 4.99181843e+00
-4.25875233e-03 4.99171925e+00
-4.26709699e-03 4.99185896e+00
-4.23014211e-03 4.99183750e+00
-4.26471280e-03 4.99180031e+00
-4.25279187e-03 4.99180651e+00
-4.26948117e-03 4.99169064e+00
-4.27305745e-03 4.99186611e+00
-4.25517606e-03 4.99183607e+00
-4.26471280e-03 4.99193287e+00
-4.24325513e-03 4.99186945e+00
-4.26232861e-03 4.99187326e+00
-4.27067326e-03 4.99185419e+00
-4.26471280e-03 4.99179220e+00
-4.24683141e-03 4.99163961e+00
-4.26948117e-03 4.99172783e+00
-4.25517606e-03 4.99189806e+00
-4.25279187e-03 4.99172401e+00
-4.26590489e-03 4.99181128e+00
-4.23967885e-03 4.99181366e+00
-4.25040768e-03 4.99185514e+00
-4.24921559e-03 4.99196148e+00
-4.25517606e-03 4.99190903e+00
-4.26709699e-03 4.99185991e+00
-4.23610257e-03 4.99183273e+00
-4.24921559e-03 4.99173355e+00
-4.25159978e-03 4.99192333e+00
-4.26590489e-03 4.99179935e+00
-4.27424954e-03 4.99186134e+00
-4.26709699e-03 4.99170971e+00
-4.25398396e-03 4.99188375e+00
-4.25875233e-03 4.99179935e+00
-4.25636815e-03 4.99189568e+00
-4.27901791e-03 4.99189949e+00
-4.26828908e-03 4.99191380e+00
-4.26113652e-03 4.99177074e+00
-4.23967885e-03 4.99182320e+00
-4.26709699e-03 4.99186373e+00
-4.25994443e-03 4.99195194e+00
-4.28378629e-03 4.99182177e+00
-4.27186536e-03 4.99178505e+00
-4.24087094e-03 4.99172068e+00
-4.27544164e-03 4.99177885e+00
-4.25875233e-03 4.99177074e+00
-4.26709699e-03 4.99174929e+00
-4.26352071e-03 4.99170637e+00
-4.27186536e-03 4.99182177e+00
-4.26948117e-03 4.99181128e+00
-4.25040768e-03 4.99174690e+00
-4.27305745e-03 4.99177790e+00
-4.26948117e-03 4.99178600e+00
-4.24921559e-03 4.99176693e+00
-4.25159978e-03 4.99188042e+00
-4.25994443e-03 4.99179220e+00
-4.23967885e-03 4.99190187e+00
-4.27067326e-03 4.99181843e+00
-4.26709699e-03 4.99179554e+00
-4.25159978e-03 4.99183989e+00
-4.26232861e-03 4.99192905e+00
-4.27305745e-03 4.99183607e+00
-4.25398396e-03 4.99174786e+00
-4.27544164e-03 4.99184465e+00
-4.24683141e-03 4.99174213e+00
-4.26471280e-03 4.99189711e+00
-4.26948117e-03 4.99183369e+00
-4.25159978e-03 4.99171209e+00
-4.25398396e-03 4.99182796e+00
-4.27424954e-03 4.99176216e+00
-4.23729466e-03 4.99180031e+00
-4.25636815e-03 4.99173594e+00
-4.25517606e-03 4.99181223e+00
-4.26471280e-03 4.99182177e+00
-4.28855466e-03 4.99179697e+00
-4.26113652e-03 4.99188519e+00
-4.25398396e-03 4.99184084e+00
-4.26471280e-03 4.99197197e+00
-4.25398396e-03 4.99178123e+00
-4.25159978e-03 4.99180269e+00
-4.24683141e-03 4.99185276e+00
-4.27901791e-03 4.99173594e+00
-4.24563931e-03 4.99176931e+00
-4.26471280e-03 4.99180269e+00
-4.26352071e-03 4.99185658e+00
-4.26471280e-03 4.99181366e+00
-4.26471280e-03 4.99185419e+00
-4.25636815e-03 4.99180746e+00
-4.25159978e-03 4.99170732e+00
-4.26590489e-03 4.99177885e+00
-4.26352071e-03 4.99182081e+00
-4.25398396e-03 4.99186230e+00
-4.25994443e-03 4.99177074e+00
-4.26590489e-03 4.99180889e+00
-4.26471280e-03 4.99190283e+00
-4.25636815e-03 4.99191141e+00
-4.25517606e-03 4.99188519e+00
-4.28378629e-03 4.99184322e+00
-4.26590489e-03 4.99177074e+00
-4.26590489e-03 4.99179077e+00
-4.26113652e-03 4.99191141e+00
-4.26352071e-03 4.99186230e+00
-4.24444722e-03 4.99168015e+00
-4.25159978e-03 4.99183273e+00
-4.26590489e-03 4.99182415e+00
-4.26471280e-03 4.99183273e+00
-4.24683141e-03 4.99183989e+00
-4.26113652e-03 4.99172640e+00
-4.25517606e-03 4.99183846e+00
-4.26709699e-03 4.99180984e+00
-4.25040768e-03 4.99184322e+00
-4.25517606e-03 4.99191380e+00
-4.25517606e-03 4.99180889e+00
-4.25040768e-03 4.99192810e+00
-4.27186536e-03 4.99186850e+00
-4.26113652e-03 4.99188757e+00
-4.24325513e-03 4.99181843e+00
-4.26352071e-03 4.99202204e+00
-4.27901791e-03 4.99178505e+00
-4.27544164e-03 4.99185896e+00
-4.24683141e-03 4.99181843e+00
-4.26232861e-03 4.99191380e+00
-4.26352071e-03 4.99184084e+00
-4.25040768e-03 4.99195433e+00
-4.25159978e-03 4.99170732e+00
-4.25040768e-03 4.99173975e+00
-4.26471280e-03 4.99172640e+00
-4.26828908e-03 4.99196482e+00
-4.26709699e-03 4.99180508e+00
-4.25636815e-03 4.99195051e+00
-4.26709699e-03 4.99191236e+00
-4.25159978e-03 4.99192095e+00
-4.25279187e-03 4.99180984e+00
-4.26352071e-03 4.99192572e+00
-4.25159978e-03 4.99194241e+00
-4.25875233e-03 4.99190044e+00
-4.26232861e-03 4.99185181e+00
-4.27663373e-03 4.99188614e+00
-4.26709699e-03 4.99188042e+00
-4.24683141e-03 4.99173117e+00
-4.25875233e-03 4.99175644e+00
-4.25994443e-03 4.99177790e+00
-4.25398396e-03 4.99180269e+00
-4.27782582e-03 4.99180269e+00
-4.24921559e-03 4.99191713e+00
-4.27424954e-03 4.99177313e+00
-4.24921559e-03 4.99179220e+00
-4.25159978e-03 4.99178839e+00
-4.25994443e-03 4.99173355e+00
-4.26232861e-03 4.99182177e+00
-4.24206303e-03 4.99179220e+00
-4.26471280e-03 4.99175882e+00
-4.24563931e-03 4.99188375e+00
-4.25398396e-03 4.99184704e+00
-4.26232861e-03 4.99181843e+00
-4.24921559e-03 4.99193382e+00
-4.26709699e-03 4.99195433e+00
-4.26828908e-03 4.99182320e+00
-4.25279187e-03 4.99175882e+00
-4.26590489e-03 4.99204111e+00
-4.25040768e-03 4.99189472e+00
-4.26232861e-03 4.99190664e+00
-4.24921559e-03 4.99191952e+00
-4.25875233e-03 4.99192190e+00
-4.25875233e-03 4.99189711e+00
-4.26352071e-03 4.99183369e+00
-4.23967885e-03 4.99193621e+00
-4.25756024e-03 4.99180508e+00
-4.26232861e-03 4.99187565e+00
-4.25994443e-03 4.99186945e+00
-4.25398396e-03 4.99188519e+00
-4.27186536e-03 4.99183035e+00
-4.27186536e-03 4.99185896e+00
-4.27186536e-03 4.99170160e+00
-4.26232861e-03 4.99180412e+00
-4.26948117e-03 4.99193621e+00
-4.24802350e-03 4.99199343e+00
-4.24444722e-03 4.99185181e+00
-4.25517606e-03 4.99183130e+00
-4.23610257e-03 4.99197674e+00
-4.25159978e-03 4.99188757e+00
-4.25994443e-03 4.99192572e+00
-4.25994443e-03 4.99192905e+00
-4.26471280e-03 4.99184322e+00
-4.26709699e-03 4.99186850e+00
-4.26471280e-03 4.99185038e+00
-4.26113652e-03 4.99187899e+00
-4.27782582e-03 4.99194241e+00
-4.27186536e-03 4.99187660e+00
-4.25875233e-03 4.99180508e+00
-4.24563931e-03 4.99172544e+00
-4.26709699e-03 4.99196386e+00
-4.25636815e-03 4.99187326e+00
-4.25994443e-03 4.99184942e+00
-4.26471280e-03 4.99177647e+00
-4.27424954e-03 4.99186945e+00
-4.25159978e-03 4.99178267e+00
-4.24802350e-03 4.99190521e+00
-4.24444722e-03 4.99178505e+00
-4.25398396e-03 4.99184799e+00
-4.24683141e-03 4.99175882e+00
-4.24683141e-03 4.99185658e+00
-4.25994443e-03 4.99185991e+00
-4.26232861e-03 4.99199104e+00
-4.25159978e-03 4.99188375e+00
-4.24802350e-03 4.99180746e+00
-4.27663373e-03 4.99190187e+00
-4.25517606e-03 4.99195528e+00
-4.25636815e-03 4.99197102e+00
-4.24444722e-03 4.99176455e+00
-4.25636815e-03 4.99182081e+00
-4.26828908e-03 4.99181223e+00
-4.25398396e-03 4.99202442e+00
-4.25279187e-03 4.99175978e+00
-4.25994443e-03 4.99182415e+00
-4.24921559e-03 4.99189234e+00
-4.26232861e-03 4.99185181e+00
-4.24563931e-03 4.99174213e+00
-4.25756024e-03 4.99195910e+00
-4.25875233e-03 4.99193621e+00
-4.22775792e-03 4.99194002e+00
-4.25517606e-03 4.99197912e+00
-4.26828908e-03 4.99195910e+00
-4.29570721e-03 4.99185514e+00
-4.25875233e-03 4.99192190e+00
-4.27305745e-03 4.99198627e+00
-4.26590489e-03 4.99192905e+00
-4.25636815e-03 4.99188614e+00
-4.26352071e-03 4.99203396e+00
-4.26232861e-03 4.99186850e+00
-4.23610257e-03 4.99179220e+00
-4.25159978e-03 4.99187183e+00
-4.25279187e-03 4.99191952e+00
-4.26709699e-03 4.99192333e+00
-4.25159978e-03 4.99198771e+00
-4.26471280e-03 4.99191475e+00
-4.25517606e-03 4.99190760e+00
-4.27663373e-03 4.99188614e+00
-4.24921559e-03 4.99183035e+00
-4.27067326e-03 4.99185276e+00
-4.26828908e-03 4.99185753e+00
-4.23610257e-03 4.99186230e+00
-4.26232861e-03 4.99184227e+00
-4.24563931e-03 4.99184465e+00
-4.25994443e-03 4.99197340e+00
-4.25994443e-03 4.99195290e+00
-4.25636815e-03 4.99192095e+00
-4.25875233e-03 4.99173498e+00
-4.28497838e-03 4.99199581e+00
-4.25159978e-03 4.99184465e+00
-4.27663373e-03 4.99203634e+00
-4.24444722e-03 4.99196863e+00
-4.25398396e-03 4.99200439e+00
-4.26709699e-03 4.99199486e+00
-4.26352071e-03 4.99196386e+00
-4.26471280e-03 4.99196243e+00
-4.25517606e-03 4.99177885e+00
-4.25994443e-03 4.99183512e+00
-4.26113652e-03 4.99190283e+00
-4.26471280e-03 4.99182653e+00
-4.24563931e-03 4.99187565e+00
-4.25398396e-03 4.99200296e+00
-4.25994443e-03 4.99196482e+00
-4.25040768e-03 4.99190664e+00
-4.26828908e-03 4.99180269e+00
-4.26352071e-03 4.99182320e+00
-4.26232861e-03 4.99196625e+00
-4.25636815e-03 4.99196625e+00
-4.25994443e-03 4.99175739e+00
-4.24444722e-03 4.99193859e+00
-4.26471280e-03 4.99187660e+00
-4.26352071e-03 4.99186850e+00
-4.26232861e-03 4.99192810e+00
-4.22895001e-03 4.99178362e+00
-4.25636815e-03 4.99195290e+00
-4.25756024e-03 4.99182081e+00
-4.26352071e-03 4.99187088e+00
-4.25875233e-03 4.99180746e+00
-4.26113652e-03 4.99188757e+00
-4.25517606e-03 4.99174690e+00
-4.26113652e-03 4.99187565e+00
-4.26948117e-03 4.99185753e+00
-4.25517606e-03 4.99181366e+00
-4.25398396e-03 4.99172401e+00
-4.28378629e-03 4.99182081e+00
-4.24921559e-03 4.99196243e+00
-4.27186536e-03 4.99188852e+00
-4.26948117e-03 4.99191141e+00
-4.26709699e-03 4.99205446e+00
-4.26113652e-03 4.99185514e+00
-4.24802350e-03 4.99193048e+00
-4.26113652e-03 4.99185753e+00
-4.24563931e-03 4.99180412e+00
-4.25875233e-03 4.99176359e+00
-4.25636815e-03 4.99179459e+00
-4.26352071e-03 4.99190998e+00
-4.26709699e-03 4.99193525e+00
-4.25756024e-03 4.99180412e+00
-4.26113652e-03 4.99187422e+00
-4.27663373e-03 4.99192667e+00
-4.25636815e-03 4.99187183e+00
-4.25398396e-03 4.99187088e+00
-4.25994443e-03 4.99186134e+00
-4.25636815e-03 4.99189234e+00
-4.26232861e-03 4.99184322e+00
-4.27305745e-03 4.99191236e+00
-4.25517606e-03 4.99189472e+00
-4.25636815e-03 4.99188757e+00
-4.27901791e-03 4.99180412e+00
-4.26590489e-03 4.99184322e+00
-4.26948117e-03 4.99193382e+00
-4.24802350e-03 4.99187088e+00
-4.26471280e-03 4.99183130e+00
-4.24563931e-03 4.99194336e+00
-4.24802350e-03 4.99197912e+00
-4.26709699e-03 4.99191141e+00
-4.24683141e-03 4.99190187e+00
-4.27663373e-03 4.99195290e+00
-4.24683141e-03 4.99188042e+00
-4.27067326e-03 4.99187803e+00
-4.26590489e-03 4.99188042e+00
-4.25040768e-03 4.99185181e+00
-4.26828908e-03 4.99180269e+00
-4.24444722e-03 4.99195671e+00
-4.26352071e-03 4.99193382e+00
-4.26113652e-03 4.99185038e+00
-4.25040768e-03 4.99180174e+00
-4.25636815e-03 4.99190760e+00
-4.26352071e-03 4.99185991e+00
-4.25517606e-03 4.99190760e+00
-4.26709699e-03 4.99174786e+00
-4.27067326e-03 4.99197197e+00
-4.26113652e-03 4.99187803e+00
-4.23133420e-03 4.99187565e+00
-4.24802350e-03 4.99185658e+00
-4.25756024e-03 4.99190426e+00
-4.24206303e-03 4.99188137e+00
-4.25517606e-03 4.99186468e+00
-4.25875233e-03 4.99195194e+00
-4.25040768e-03 4.99187660e+00
-4.27782582e-03 4.99209738e+00
-4.26709699e-03 4.99186373e+00
-4.27067326e-03 4.99197340e+00
-4.25875233e-03 4.99188852e+00
-4.28140210e-03 4.99185658e+00
-4.25517606e-03 4.99198294e+00
-4.27067326e-03 4.99175501e+00
-4.26232861e-03 4.99186230e+00
-4.25875233e-03 4.99192333e+00
-4.24921559e-03 4.99183512e+00
-4.25398396e-03 4.99184561e+00
-4.25875233e-03 4.99176216e+00
-4.25875233e-03 4.99187088e+00
-4.24444722e-03 4.99172163e+00
-4.25636815e-03 4.99171591e+00
-4.26232861e-03 4.99182892e+00
-4.25756024e-03 4.99183989e+00
-4.25756024e-03 4.99181366e+00
-4.26590489e-03 4.99180984e+00
-4.24802350e-03 4.99196148e+00
-4.26232861e-03 4.99183273e+00
-4.25756024e-03 4.99181366e+00
-4.25636815e-03 4.99174786e+00
-4.26709699e-03 4.99185038e+00
-4.25398396e-03 4.99188137e+00
-4.25875233e-03 4.99187326e+00
-4.25398396e-03 4.99185896e+00
-4.26709699e-03 4.99191713e+00
-4.24921559e-03 4.99185658e+00
-4.26471280e-03 4.99176598e+00
-4.26709699e-03 4.99175167e+00
-4.25398396e-03 4.99178028e+00
-4.26113652e-03 4.99176359e+00
-4.25040768e-03 4.99190426e+00
-4.25398396e-03 4.99194336e+00
-4.25875233e-03 4.99180174e+00
-4.24206303e-03 4.99189711e+00
-4.26709699e-03 4.99201632e+00
-4.27663373e-03 4.99193621e+00
-4.25994443e-03 4.99177790e+00
-4.25159978e-03 4.99182796e+00
-4.25279187e-03 4.99180508e+00
-4.25875233e-03 4.99186468e+00
-4.26590489e-03 4.99179935e+00
-4.23848676e-03 4.99184942e+00
-4.27544164e-03 4.99183273e+00
-4.25875233e-03 4.99195194e+00
-4.26232861e-03 4.99193525e+00
-4.27067326e-03 4.99190187e+00
-4.25756024e-03 4.99194956e+00
-4.26948117e-03 4.99187326e+00
-4.25040768e-03 4.99196148e+00
-4.24444722e-03 4.99191618e+00
-4.27544164e-03 4.99177313e+00
-4.26709699e-03 4.99199820e+00
-4.27663373e-03 4.99184942e+00
-4.25756024e-03 4.99182320e+00
-4.25636815e-03 4.99187326e+00
-4.25159978e-03 4.99182081e+00
-4.25756024e-03 4.99186611e+00
-4.24325513e-03 4.99187899e+00
-4.24921559e-03 4.99179792e+00
-4.25040768e-03 4.99196625e+00
-4.25398396e-03 4.99199963e+00
-4.25636815e-03 4.99193287e+00
-4.25517606e-03 4.99164438e+00
-4.26709699e-03 4.99184561e+00
-4.25875233e-03 4.99191236e+00
-4.26709699e-03 4.99183846e+00
-4.24563931e-03 4.99176931e+00
-4.25636815e-03 4.99187803e+00
-4.26471280e-03 4.99187565e+00
-4.25994443e-03 4.99195671e+00
-4.23371838e-03 4.99193382e+00
-4.25279187e-03 4.99184561e+00
-4.24921559e-03 4.99173498e+00
-4.27186536e-03 4.99176931e+00
-4.24206303e-03 4.99188280e+00
-4.26352071e-03 4.99175406e+00
-4.24206303e-03 4.99188042e+00
-4.25875233e-03 4.99190426e+00
-4.25636815e-03 4.99200296e+00
-4.26828908e-03 4.99194241e+00
-4.27186536e-03 4.99179697e+00
-4.25279187e-03 4.99185991e+00
-4.27663373e-03 4.99176598e+00
-4.25994443e-03 4.99186230e+00
-4.26709699e-03 4.99176836e+00
-4.27067326e-03 4.99182320e+00
-4.27424954e-03 4.99181461e+00
-4.25517606e-03 4.99193525e+00
-4.25636815e-03 4.99172544e+00
-4.26232861e-03 4.99184322e+00
-4.27544164e-03 4.99191380e+00
-4.26352071e-03 4.99176598e+00
-4.25517606e-03 4.99190664e+00
-4.26352071e-03 4.99190187e+00
-4.28259419e-03 4.99194479e+00
-4.23967885e-03 4.99190998e+00
-4.25279187e-03 4.99187803e+00
-4.27067326e-03 4.99192190e+00
-4.27544164e-03 4.99191236e+00
-4.25517606e-03 4.99186230e+00
-4.24444722e-03 4.99183369e+00
-4.25279187e-03 4.99186850e+00
-4.25994443e-03 4.99184799e+00
-4.26232861e-03 4.99192095e+00
-4.24921559e-03 4.99174213e+00
-4.24921559e-03 4.99184561e+00
-4.24921559e-03 4.99185991e+00
-4.26828908e-03 4.99175167e+00
-4.26113652e-03 4.99190664e+00
-4.25756024e-03 4.99189711e+00
-4.28497838e-03 4.99176836e+00
-4.25279187e-03 4.99184322e+00
-4.26709699e-03 4.99183512e+00
-4.25875233e-03 4.99180412e+00
-4.26590489e-03 4.99191141e+00
-4.24802350e-03 4.99199581e+00
-4.26113652e-03 4.99188519e+00
-4.26471280e-03 4.99199009e+00
-4.24206303e-03 4.99193382e+00
-4.24683141e-03 4.99180412e+00
-4.25517606e-03 4.99187803e+00
-4.27067326e-03 4.99197340e+00
-4.25875233e-03 4.99185896e+00
-4.26471280e-03 4.99195910e+00
-4.26948117e-03 4.99198532e+00
-4.27305745e-03 4.99190760e+00
-4.24444722e-03 4.99185514e+00
-4.26828908e-03 4.99195433e+00
-4.23848676e-03 4.99190664e+00
-4.26352071e-03 4.99176598e+00
-4.24683141e-03 4.99190426e+00
-4.25994443e-03 4.99172401e+00
-4.27424954e-03 4.99185038e+00
-4.26113652e-03 4.99187565e+00
-4.25398396e-03 4.99184799e+00
-4.27305745e-03 4.99180031e+00
-4.26590489e-03 4.99192190e+00
-4.26828908e-03 4.99176836e+00
-4.26948117e-03 4.99193764e+00
-4.24563931e-03 4.99192095e+00
-4.25636815e-03 4.99188280e+00
-4.25756024e-03 4.99185658e+00
-4.23729466e-03 4.99176598e+00
-4.27544164e-03 4.99197817e+00
-4.25875233e-03 4.99193048e+00
-4.25398396e-03 4.99187565e+00
-4.24921559e-03 4.99196243e+00
-4.26709699e-03 4.99189234e+00
-4.24683141e-03 4.99189568e+00
-4.23610257e-03 4.99182177e+00
-4.25756024e-03 4.99185658e+00
-4.25040768e-03 4.99178982e+00
-4.25636815e-03 4.99181843e+00
-4.27424954e-03 4.99177408e+00
-4.27782582e-03 4.99183989e+00
-4.26352071e-03 4.99197435e+00
-4.26948117e-03 4.99184561e+00
-4.25517606e-03 4.99190760e+00
-4.23371838e-03 4.99196959e+00
-4.25279187e-03 4.99199724e+00
-4.24444722e-03 4.99182892e+00
-4.25875233e-03 4.99185038e+00
-4.24802350e-03 4.99190664e+00
-4.25040768e-03 4.99192190e+00
-4.28497838e-03 4.99182558e+00
-4.24683141e-03 4.99183750e+00
-4.25398396e-03 4.99188519e+00
-4.25517606e-03 4.99193144e+00
-4.26590489e-03 4.99183130e+00
-4.27782582e-03 4.99191380e+00
-4.26352071e-03 4.99178505e+00
-4.25875233e-03 4.99194336e+00
-4.24921559e-03 4.99176598e+00
-4.27305745e-03 4.99183273e+00
-4.24563931e-03 4.99186468e+00
-4.25994443e-03 4.99199820e+00
-4.25875233e-03 4.99188519e+00
-4.25517606e-03 4.99183369e+00
-4.24683141e-03 4.99187565e+00
-4.26352071e-03 4.99176121e+00
-4.27544164e-03 4.99185896e+00
-4.26232861e-03 4.99188137e+00
-4.26590489e-03 4.99174452e+00
-4.24921559e-03 4.99181223e+00
-4.26590489e-03 4.99178743e+00
-4.26471280e-03 4.99172783e+00
-4.25636815e-03 4.99173021e+00
-4.24563931e-03 4.99179792e+00
-4.26232861e-03 4.99192905e+00
-4.26113652e-03 4.99177313e+00
-4.25159978e-03 4.99180269e+00
-4.24802350e-03 4.99182177e+00
-4.26352071e-03 4.99189949e+00
-4.24325513e-03 4.99189472e+00
-4.26590489e-03 4.99192810e+00
-4.26113652e-03 4.99183369e+00
-4.25875233e-03 4.99186945e+00
-4.26948117e-03 4.99173737e+00
-4.25159978e-03 4.99194717e+00
-4.26471280e-03 4.99178123e+00
-4.25398396e-03 4.99190521e+00
-4.26113652e-03 4.99189568e+00
-4.28140210e-03 4.99191236e+00
-4.25040768e-03 4.99195910e+00
-4.27663373e-03 4.99179316e+00
-4.23729466e-03 4.99190283e+00
-4.25159978e-03 4.99187422e+00
-4.25398396e-03 4.99175644e+00
-4.23967885e-03 4.99190521e+00
-4.26113652e-03 4.99186945e+00
-4.23848676e-03 4.99185896e+00
-4.25517606e-03 4.99183130e+00
-4.26471280e-03 4.99182081e+00
-4.25756024e-03 4.99182796e+00
-4.25875233e-03 4.99187422e+00
-4.25517606e-03 4.99182653e+00
-4.26709699e-03 4.99189711e+00
-4.26232861e-03 4.99173498e+00
-4.25756024e-03 4.99182892e+00
-4.28021001e-03 4.99203062e+00
-4.27782582e-03 4.99194574e+00
-4.25875233e-03 4.99181461e+00
-4.25636815e-03 4.99181128e+00
-4.26232861e-03 4.99185753e+00
-4.25875233e-03 4.99177885e+00
-4.25875233e-03 4.99187422e+00
-4.23133420e-03 4.99184799e+00
-4.26113652e-03 4.99178743e+00
-4.26232861e-03 4.99184322e+00
-4.25517606e-03 4.99182415e+00
-4.24683141e-03 4.99188042e+00
-4.25040768e-03 4.99185991e+00
-4.24444722e-03 4.99195433e+00
-4.25636815e-03 4.99183607e+00
-4.25756024e-03 4.99206877e+00
-4.25875233e-03 4.99182177e+00
-4.26828908e-03 4.99181700e+00
-4.25279187e-03 4.99197817e+00
-4.26113652e-03 4.99179316e+00
-4.25040768e-03 4.99189806e+00
-4.25636815e-03 4.99188852e+00
-4.25159978e-03 4.99172163e+00
-4.24444722e-03 4.99174213e+00
-4.26113652e-03 4.99194002e+00
-4.26352071e-03 4.99183846e+00
-4.27186536e-03 4.99188280e+00
-4.23610257e-03 4.99185896e+00
-4.26113652e-03 4.99192333e+00
-4.25279187e-03 4.99195290e+00
-4.26471280e-03 4.99183607e+00
-4.26113652e-03 4.99186373e+00
-4.25279187e-03 4.99183750e+00
-4.24683141e-03 4.99181366e+00
-4.27067326e-03 4.99183273e+00
-4.26113652e-03 4.99192810e+00
-4.27067326e-03 4.99203539e+00
-4.26709699e-03 4.99181843e+00
-4.27067326e-03 4.99188757e+00
-4.24921559e-03 4.99190760e+00
-4.26590489e-03 4.99178267e+00
-4.25994443e-03 4.99187183e+00
-4.25756024e-03 4.99187565e+00
-4.25398396e-03 4.99185514e+00
-4.26709699e-03 4.99165869e+00
-4.27186536e-03 4.99172163e+00
-4.26352071e-03 4.99188852e+00
-4.25517606e-03 4.99180508e+00
-4.26352071e-03 4.99173260e+00
-4.27186536e-03 4.99176836e+00
-4.24325513e-03 4.99204254e+00
-4.25875233e-03 4.99181128e+00
-4.25994443e-03 4.99184704e+00
-4.23729466e-03 4.99186611e+00
-4.26828908e-03 4.99183989e+00
-4.24683141e-03 4.99180889e+00
-4.23133420e-03 4.99188042e+00
-4.26471280e-03 4.99171829e+00
-4.26828908e-03 4.99187422e+00
-4.25279187e-03 4.99183369e+00
-4.27067326e-03 4.99172306e+00
-4.25756024e-03 4.99177313e+00
-4.26352071e-03 4.99182320e+00
-4.24921559e-03 4.99184084e+00
-4.24325513e-03 4.99180174e+00
-4.26113652e-03 4.99185038e+00
-4.26948117e-03 4.99184084e+00
-4.26113652e-03 4.99192810e+00
-4.26828908e-03 4.99175739e+00
-4.26948117e-03 4.99187422e+00
-4.25994443e-03 4.99188280e+00
-4.26828908e-03 4.99188852e+00
-4.24683141e-03 4.99167061e+00
-4.25159978e-03 4.99193382e+00
-4.27782582e-03 4.99181128e+00
-4.24802350e-03 4.99189234e+00
-4.27186536e-03 4.99199581e+00
-4.27305745e-03 4.99192429e+00
-4.24683141e-03 4.99189806e+00
-4.26113652e-03 4.99185514e+00
-4.26113652e-03 4.99190187e+00
-4.27544164e-03 4.99179077e+00
-4.25994443e-03 4.99173021e+00
-4.26113652e-03 4.99174690e+00
-4.25756024e-03 4.99185276e+00
-4.25517606e-03 4.99188614e+00
-4.25517606e-03 4.99178839e+00
-4.25875233e-03 4.99187660e+00
-4.24563931e-03 4.99187565e+00
-4.24325513e-03 4.99185514e+00
-4.25994443e-03 4.99197435e+00
-4.25040768e-03 4.99184799e+00
-4.26352071e-03 4.99182892e+00
-4.24802350e-03 4.99201488e+00
-4.24802350e-03 4.99190426e+00
-4.25159978e-03 4.99192810e+00
-4.26590489e-03 4.99184704e+00
-4.25756024e-03 4.99188519e+00
-4.25279187e-03 4.99199009e+00
-4.25159978e-03 4.99202108e+00
-4.25756024e-03 4.99180984e+00
-4.27067326e-03 4.99204254e+00
-4.25279187e-03 4.99188375e+00
-4.24563931e-03 4.99190426e+00
-4.27067326e-03 4.99196005e+00
-4.26948117e-03 4.99185658e+00
-4.25159978e-03 4.99191856e+00
-4.25517606e-03 4.99190903e+00
-4.25279187e-03 4.99194336e+00
-4.26352071e-03 4.99192810e+00
-4.26590489e-03 4.99186134e+00
-4.26113652e-03 4.99178505e+00
-4.25636815e-03 4.99188757e+00
-4.25159978e-03 4.99186850e+00
-4.25279187e-03 4.99176455e+00
-4.26232861e-03 4.99192333e+00
-4.25159978e-03 4.99183035e+00
-4.24802350e-03 4.99181128e+00
-4.24802350e-03 4.99182892e+00
-4.24683141e-03 4.99194336e+00
-4.24444722e-03 4.99202442e+00
-4.27305745e-03 4.99178123e+00
-4.23491048e-03 4.99194336e+00
-4.25159978e-03 4.99194241e+00
-4.24802350e-03 4.99204731e+00
-4.25398396e-03 4.99194717e+00
-4.25875233e-03 4.99192810e+00
-4.25040768e-03 4.99180031e+00
-4.25994443e-03 4.99190903e+00
-4.23371838e-03 4.99185753e+00
-4.25756024e-03 4.99202442e+00
-4.27305745e-03 4.99195671e+00
-4.26709699e-03 4.99198055e+00
-4.25994443e-03 4.99198866e+00
-4.25517606e-03 4.99186611e+00
-4.26232861e-03 4.99195671e+00
-4.25040768e-03 4.99195528e+00
-4.26232861e-03 4.99183607e+00
-4.26232861e-03 4.99190187e+00
-4.24206303e-03 4.99191236e+00
-4.26352071e-03 4.99192667e+00
-4.28021001e-03 4.99191380e+00
-4.25994443e-03 4.99189472e+00
-4.25875233e-03 4.99180651e+00
-4.25159978e-03 4.99182892e+00
-4.26352071e-03 4.99181223e+00
-4.27782582e-03 4.99191713e+00
-4.26352071e-03 4.99192810e+00
-4.24921559e-03 4.99178028e+00
-4.27186536e-03 4.99187088e+00
-4.23848676e-03 4.99191618e+00
-4.23491048e-03 4.99173021e+00
-4.25875233e-03 4.99185658e+00
-4.26471280e-03 4.99198294e+00
-4.26352071e-03 4.99186134e+00
-4.26471280e-03 4.99173737e+00
-4.26232861e-03 4.99184227e+00
-4.25398396e-03 4.99191856e+00
-4.26232861e-03 4.99184322e+00
-4.26471280e-03 4.99188042e+00
-4.25756024e-03 4.99187326e+00
-4.26709699e-03 4.99192333e+00
-4.26471280e-03 4.99188995e+00
-4.24087094e-03 4.99199104e+00
-4.25040768e-03 4.99191236e+00
-4.24683141e-03 4.99190760e+00
-4.26828908e-03 4.99195194e+00
-4.25398396e-03 4.99193144e+00
-4.26232861e-03 4.99171448e+00
-4.25517606e-03 4.99183512e+00
-4.25279187e-03 4.99198151e+00
-4.23729466e-03 4.99190044e+00
-4.27663373e-03 4.99195290e+00
-4.26709699e-03 4.99194336e+00
-4.25994443e-03 4.99185181e+00
-4.25994443e-03 4.99202108e+00
-4.25279187e-03 4.99208784e+00
-4.26471280e-03 4.99181223e+00
-4.27544164e-03 4.99196386e+00
-4.27424954e-03 4.99183750e+00
-4.28736256e-03 4.99190760e+00
-4.24921559e-03 4.99193764e+00
-4.27186536e-03 4.99193859e+00
-4.25636815e-03 4.99181938e+00
-4.24444722e-03 4.99196720e+00
-4.25159978e-03 4.99186134e+00
-4.26590489e-03 4.99192667e+00
-4.26709699e-03 4.99187565e+00
-4.26232861e-03 4.99190760e+00
-4.25517606e-03 4.99181223e+00
-4.26828908e-03 4.99190664e+00
-4.25994443e-03 4.99177885e+00
-4.26232861e-03 4.99181128e+00
-4.26232861e-03 4.99177170e+00
-4.25875233e-03 4.99187899e+00
-4.25994443e-03 4.99184465e+00
-4.25279187e-03 4.99180412e+00
-4.26709699e-03 4.99187326e+00
-4.26948117e-03 4.99201155e+00
-4.24206303e-03 4.99177885e+00
-4.25636815e-03 4.99191380e+00
-4.26590489e-03 4.99190903e+00
-4.26471280e-03 4.99183369e+00
-4.26113652e-03 4.99189234e+00
-4.25398396e-03 4.99188757e+00
-4.26113652e-03 4.99183846e+00
-4.25756024e-03 4.99180984e+00
-4.23967885e-03 4.99193048e+00
-4.28021001e-03 4.99184704e+00
-4.25398396e-03 4.99181128e+00
-4.25756024e-03 4.99187326e+00
-4.27424954e-03 4.99173594e+00
-4.25398396e-03 4.99187088e+00
-4.25636815e-03 4.99186373e+00
-4.25517606e-03 4.99180412e+00
-4.26590489e-03 4.99201250e+00
-4.26232861e-03 4.99197340e+00
-4.26471280e-03 4.99182796e+00
-4.26948117e-03 4.99175644e+00
-4.24921559e-03 4.99180508e+00
-4.25040768e-03 4.99181604e+00
-4.25159978e-03 4.99189472e+00
-4.27186536e-03 4.99183512e+00
-4.25279187e-03 4.99192095e+00
-4.26590489e-03 4.99185991e+00
-4.25756024e-03 4.99188137e+00
-4.25159978e-03 4.99183130e+00
-4.25040768e-03 4.99193382e+00
-4.25875233e-03 4.99173594e+00
-4.25040768e-03 4.99192572e+00
-4.26590489e-03 4.99189806e+00
-4.24444722e-03 4.99197197e+00
-4.23967885e-03 4.99175739e+00
-4.25994443e-03 4.99189234e+00
-4.26828908e-03 4.99190426e+00
-4.24802350e-03 4.99180746e+00
-4.25279187e-03 4.99188137e+00
-4.25159978e-03 4.99181843e+00
-4.23848676e-03 4.99187565e+00
-4.26828908e-03 4.99196386e+00
-4.25398396e-03 4.99184799e+00
-4.24087094e-03 4.99187183e+00
-4.25159978e-03 4.99195194e+00
-4.23252629e-03 4.99181223e+00
-4.25994443e-03 4.99183607e+00
-4.24802350e-03 4.99194479e+00
-4.25398396e-03 4.99178982e+00
-4.25636815e-03 4.99197102e+00
-4.26352071e-03 4.99196720e+00
-4.24921559e-03 4.99180746e+00
-4.26590489e-03 4.99190521e+00
-4.26352071e-03 4.99187899e+00
-4.23252629e-03 4.99202681e+00
-4.25756024e-03 4.99198866e+00
-4.25517606e-03 4.99193144e+00
-4.26232861e-03 4.99187899e+00
-4.25159978e-03 4.99188852e+00
-4.24206303e-03 4.99186850e+00
-4.24921559e-03 4.99180412e+00
-4.25756024e-03 4.99181366e+00
-4.26232861e-03 4.99183035e+00
-4.27663373e-03 4.99188614e+00
-4.24325513e-03 4.99197674e+00
-4.26590489e-03 4.99180651e+00
-4.25159978e-03 4.99193287e+00
-4.24325513e-03 4.99184322e+00
-4.25875233e-03 4.99182653e+00
-4.27186536e-03 4.99185991e+00
-4.25517606e-03 4.99183035e+00
-4.26590489e-03 4.99186230e+00
-4.25994443e-03 4.99176836e+00
-4.25875233e-03 4.99198389e+00
-4.25636815e-03 4.99196005e+00
-4.25398396e-03 4.99181700e+00
-4.25994443e-03 4.99180174e+00
-4.25994443e-03 4.99175501e+00
-4.26709699e-03 4.99185038e+00
-4.24444722e-03 4.99180651e+00
-4.26352071e-03 4.99186373e+00
-4.25279187e-03 4.99172163e+00
-4.27782582e-03 4.99189472e+00
-4.24802350e-03 4.99186468e+00
-4.27186536e-03 4.99188042e+00
-4.26948117e-03 4.99201012e+00
-4.25756024e-03 4.99187565e+00
-4.27663373e-03 4.99186468e+00
-4.26709699e-03 4.99185658e+00
-4.26948117e-03 4.99180889e+00
-4.26352071e-03 4.99191618e+00
-4.24921559e-03 4.99191380e+00
-4.27424954e-03 4.99186707e+00
-4.26709699e-03 4.99193144e+00
-4.24087094e-03 4.99200773e+00
-4.25875233e-03 4.99191713e+00
-4.26113652e-03 4.99190998e+00
-4.25636815e-03 4.99185038e+00
-4.26352071e-03 4.99196386e+00
-4.25756024e-03 4.99176216e+00
-4.26352071e-03 4.99183130e+00
-4.25040768e-03 4.99179792e+00
-4.25756024e-03 4.99185753e+00
-4.26232861e-03 4.99186707e+00
-4.25875233e-03 4.99196720e+00
-4.25398396e-03 4.99192667e+00
-4.26828908e-03 4.99189091e+00
-4.26232861e-03 4.99187899e+00
-4.26948117e-03 4.99193764e+00
-4.27663373e-03 4.99196863e+00
-4.26352071e-03 4.99183035e+00
-4.27663373e-03 4.99188757e+00
-4.24087094e-03 4.99185753e+00
-4.25517606e-03 4.99177647e+00
-4.26828908e-03 4.99189091e+00
-4.25040768e-03 4.99181938e+00
-4.27067326e-03 4.99189711e+00
-4.25279187e-03 4.99184227e+00
-4.25875233e-03 4.99185658e+00
-4.24921559e-03 4.99174309e+00
-4.26471280e-03 4.99181461e+00
-4.26590489e-03 4.99188614e+00
-4.25517606e-03 4.99178839e+00
-4.26590489e-03 4.99187565e+00
-4.23729466e-03 4.99186611e+00
-4.24802350e-03 4.99189711e+00
-4.25040768e-03 4.99187088e+00
-4.26828908e-03 4.99182177e+00
-4.25279187e-03 4.99182081e+00
-4.25517606e-03 4.99184704e+00
-4.25994443e-03 4.99183273e+00
-4.25159978e-03 4.99195671e+00
-4.26590489e-03 4.99187660e+00
-4.24921559e-03 4.99193525e+00
-4.26352071e-03 4.99188042e+00
-4.27067326e-03 4.99188280e+00
-4.26232861e-03 4.99187803e+00
-4.26828908e-03 4.99200439e+00
-4.24325513e-03 4.99179697e+00
-4.26113652e-03 4.99194574e+00
-4.26352071e-03 4.99200773e+00
-4.25279187e-03 4.99177170e+00
-4.26471280e-03 4.99198771e+00
-4.26590489e-03 4.99187422e+00
-4.23848676e-03 4.99174452e+00
-4.25279187e-03 4.99181461e+00
-4.25994443e-03 4.99179077e+00
-4.25756024e-03 4.99195194e+00
-4.24563931e-03 4.99187803e+00
-4.27901791e-03 4.99191713e+00
-4.25994443e-03 4.99181128e+00
-4.24325513e-03 4.99177885e+00
-4.27663373e-03 4.99188614e+00
-4.25994443e-03 4.99184942e+00
-4.26232861e-03 4.99192429e+00
-4.25517606e-03 4.99191713e+00
-4.26828908e-03 4.99193621e+00
-4.24683141e-03 4.99171352e+00
-4.25636815e-03 4.99191380e+00
-4.27901791e-03 4.99189329e+00
-4.25636815e-03 4.99187422e+00
-4.25159978e-03 4.99189806e+00
-4.26232861e-03 4.99171448e+00
-4.26828908e-03 4.99183989e+00
-4.26709699e-03 4.99180746e+00
-4.25398396e-03 4.99193764e+00
-4.24206303e-03 4.99190664e+00
-4.24683141e-03 4.99192095e+00
-4.25279187e-03 4.99177074e+00
-4.26590489e-03 4.99186230e+00
-4.25636815e-03 4.99179792e+00
-4.23491048e-03 4.99180651e+00
-4.26948117e-03 4.99182653e+00
-4.25159978e-03 4.99180174e+00
-4.26352071e-03 4.99189949e+00
-4.25279187e-03 4.99184942e+00
-4.26232861e-03 4.99194336e+00
-4.26352071e-03 4.99185181e+00
-4.23252629e-03 4.99195433e+00
-4.24683141e-03 4.99191856e+00
-4.26590489e-03 4.99196959e+00
-4.26471280e-03 4.99196625e+00
-4.25279187e-03 4.99196386e+00
-4.25517606e-03 4.99186850e+00
-4.27186536e-03 4.99196148e+00
-4.24683141e-03 4.99196005e+00
-4.25994443e-03 4.99188137e+00
-4.25636815e-03 4.99190426e+00
-4.25994443e-03 4.99185276e+00
-4.25040768e-03 4.99183035e+00
-4.27424954e-03 4.99183369e+00
-4.25636815e-03 4.99194479e+00
-4.26948117e-03 4.99180651e+00
-4.25398396e-03 4.99174929e+00
-4.27067326e-03 4.99178839e+00
-4.24683141e-03 4.99178839e+00
-4.25398396e-03 4.99176598e+00
-4.25159978e-03 4.99189234e+00
-4.24921559e-03 4.99183846e+00
-4.27067326e-03 4.99190903e+00
-4.26709699e-03 4.99184084e+00
-4.26113652e-03 4.99185181e+00
-4.25756024e-03 4.99184561e+00
-4.26113652e-03 4.99189806e+00
-4.25159978e-03 4.99186134e+00
-4.24683141e-03 4.99182081e+00
-4.26232861e-03 4.99178505e+00
-4.25040768e-03 4.99186468e+00
-4.25040768e-03 4.99169779e+00
-4.25398396e-03 4.99183846e+00
-4.25040768e-03 4.99183846e+00
-4.26590489e-03 4.99214029e+00
-4.26948117e-03 4.99195051e+00
-4.26828908e-03 4.99180174e+00
-4.24206303e-03 4.99177551e+00
-4.26232861e-03 4.99195910e+00
-4.26471280e-03 4.99183512e+00
-4.26352071e-03 4.99181461e+00
-4.26828908e-03 4.99196005e+00
-4.24444722e-03 4.99193859e+00
-4.24444722e-03 4.99183369e+00
-4.25994443e-03 4.99185276e+00
-4.23371838e-03 4.99184322e+00
-4.26352071e-03 4.99185276e+00
-4.25875233e-03 4.99198532e+00
-4.24325513e-03 4.99186707e+00
-4.26590489e-03 4.99194479e+00
-4.25875233e-03 4.99205780e+00
-4.26948117e-03 4.99182177e+00
-4.26471280e-03 4.99199104e+00
-4.26471280e-03 4.99190187e+00
-4.26709699e-03 4.99180269e+00
-4.27544164e-03 4.99206495e+00
-4.26232861e-03 4.99178505e+00
-4.26590489e-03 4.99190760e+00
-4.24206303e-03 4.99193287e+00
-4.26471280e-03 4.99187803e+00
-4.24444722e-03 4.99187088e+00
-4.27305745e-03 4.99182796e+00
-4.27067326e-03 4.99179697e+00
-4.25875233e-03 4.99177885e+00
-4.25875233e-03 4.99186134e+00
-4.26948117e-03 4.99188757e+00
-4.26113652e-03 4.99196863e+00
-4.26113652e-03 4.99186707e+00
-4.27067326e-03 4.99207211e+00
-4.24683141e-03 4.99193525e+00
-4.27424954e-03 4.99191856e+00
-4.25517606e-03 4.99194098e+00
-4.24444722e-03 4.99191236e+00
-4.26709699e-03 4.99180984e+00
-4.25517606e-03 4.99197578e+00
-4.24802350e-03 4.99180651e+00
-4.25994443e-03 4.99184322e+00
-4.26352071e-03 4.99194574e+00
-4.25159978e-03 4.99194813e+00
-4.25875233e-03 4.99184704e+00
-4.24802350e-03 4.99181843e+00
-4.26113652e-03 4.99184465e+00
-4.25279187e-03 4.99192095e+00
-4.27424954e-03 4.99196386e+00
-4.25875233e-03 4.99181604e+00
-4.25756024e-03 4.99188995e+00
-4.25994443e-03 4.99186373e+00
-4.26590489e-03 4.99201870e+00
-4.26828908e-03 4.99182558e+00
-4.25636815e-03 4.99202442e+00
-4.27424954e-03 4.99191380e+00
-4.24802350e-03 4.99178123e+00
-4.24325513e-03 4.99181938e+00
-4.25040768e-03 4.99198866e+00
-4.25875233e-03 4.99190426e+00
-4.24563931e-03 4.99185658e+00
-4.24563931e-03 4.99182558e+00
-4.24325513e-03 4.99189806e+00
-4.25517606e-03 4.99188375e+00
-4.24921559e-03 4.99189329e+00
-4.25994443e-03 4.99174070e+00
-4.24206303e-03 4.99192905e+00
-4.25517606e-03 4.99175882e+00
-4.27305745e-03 4.99183512e+00
-4.23133420e-03 4.99186468e+00
-4.24802350e-03 4.99187899e+00
-4.26352071e-03 4.99185038e+00
-4.24206303e-03 4.99180269e+00
-4.24802350e-03 4.99190187e+00
-4.25756024e-03 4.99197435e+00
-4.27305745e-03 4.99196243e+00
-4.27067326e-03 4.99189568e+00
-4.25279187e-03 4.99175739e+00
-4.27901791e-03 4.99189472e+00
-4.25398396e-03 4.99188757e+00
-4.24921559e-03 4.99190664e+00
-4.23848676e-03 4.99180269e+00
-4.25398396e-03 4.99193621e+00
-4.25159978e-03 4.99182320e+00
-4.27663373e-03 4.99192095e+00
-4.25636815e-03 4.99181843e+00
-4.26113652e-03 4.99195290e+00
-4.24921559e-03 4.99181700e+00
-4.24444722e-03 4.99174452e+00
-4.26232861e-03 4.99180412e+00
-4.25994443e-03 4.99178743e+00
-4.25756024e-03 4.99183989e+00
-4.25040768e-03 4.99190426e+00
-4.25517606e-03 4.99187326e+00
-4.23133420e-03 4.99189568e+00
-4.27305745e-03 4.99170160e+00
-4.23610257e-03 4.99181604e+00
-4.25994443e-03 4.99188042e+00
-4.25279187e-03 4.99190760e+00
-4.25159978e-03 4.99191713e+00
-4.25159978e-03 4.99186230e+00
-4.26352071e-03 4.99196959e+00
-4.25517606e-03 4.99181700e+00
-4.24921559e-03 4.99186468e+00
-4.24087094e-03 4.99195528e+00
-4.25040768e-03 4.99195671e+00
-4.24563931e-03 4.99199820e+00
-4.24802350e-03 4.99190760e+00
-4.25636815e-03 4.99180746e+00
-4.24683141e-03 4.99187326e+00
-4.26828908e-03 4.99180889e+00
-4.24087094e-03 4.99178982e+00
-4.26352071e-03 4.99178982e+00
-4.25636815e-03 4.99188280e+00
-4.25279187e-03 4.99189234e+00
-4.25159978e-03 4.99193764e+00
-4.26232861e-03 4.99172544e+00
-4.26352071e-03 4.99185753e+00
-4.25279187e-03 4.99178123e+00
-4.26352071e-03 4.99188519e+00
-4.27067326e-03 4.99188757e+00
-4.25517606e-03 4.99186707e+00
-4.24087094e-03 4.99193144e+00
-4.26828908e-03 4.99190903e+00
-4.27901791e-03 4.99183130e+00
-4.25159978e-03 4.99188519e+00
-4.26232861e-03 4.99182320e+00
-4.25636815e-03 4.99207115e+00
-4.24325513e-03 4.99194479e+00
-4.25159978e-03 4.99172306e+00
-4.26590489e-03 4.99192429e+00
-4.23967885e-03 4.99183607e+00
-4.24802350e-03 4.99183750e+00
-4.25398396e-03 4.99182177e+00
-4.26709699e-03 4.99183035e+00
-4.26113652e-03 4.99182177e+00
-4.24921559e-03 4.99180984e+00
-4.26352071e-03 4.99186945e+00
-4.26232861e-03 4.99187326e+00
-4.25517606e-03 4.99183607e+00
-4.26709699e-03 4.99194717e+00
-4.26113652e-03 4.99182320e+00
-4.25517606e-03 4.99186230e+00
-4.25159978e-03 4.99180031e+00
-4.26113652e-03 4.99193859e+00
-4.25636815e-03 4.99190664e+00
-4.25040768e-03 4.99173498e+00
-4.24683141e-03 4.99185038e+00
-4.23967885e-03 4.99190521e+00
-4.26590489e-03 4.99178743e+00
-4.25756024e-03 4.99186373e+00
-4.26113652e-03 4.99198866e+00
-4.26113652e-03 4.99180174e+00
-4.26352071e-03 4.99185276e+00
-4.26828908e-03 4.99189091e+00
-4.25398396e-03 4.99184942e+00
-4.25994443e-03 4.99187899e+00
-4.25875233e-03 4.99189711e+00
-4.25398396e-03 4.99177790e+00
-4.24444722e-03 4.99187422e+00
-4.26352071e-03 4.99191475e+00
-4.23610257e-03 4.99191475e+00
-4.27186536e-03 4.99192190e+00
-4.26113652e-03 4.99168968e+00
-4.24921559e-03 4.99203873e+00
-4.25994443e-03 4.99184942e+00
-4.23729466e-03 4.99192190e+00
-4.26471280e-03 4.99183035e+00
-4.25398396e-03 4.99175882e+00
-4.24683141e-03 4.99180889e+00
-4.24206303e-03 4.99194479e+00
-4.27782582e-03 4.99198294e+00
-4.25875233e-03 4.99187326e+00
-4.25756024e-03 4.99184227e+00
-4.25040768e-03 4.99189949e+00
-4.27305745e-03 4.99191475e+00
-4.26828908e-03 4.99177551e+00
-4.25398396e-03 4.99181843e+00
-4.25875233e-03 4.99188614e+00
-4.25159978e-03 4.99196005e+00
-4.25875233e-03 4.99193859e+00
-4.25875233e-03 4.99179220e+00
-4.26948117e-03 4.99188614e+00
-4.26828908e-03 4.99204731e+00
-4.24683141e-03 4.99192905e+00
-4.25875233e-03 4.99209356e+00
-4.25040768e-03 4.99191856e+00
-4.26948117e-03 4.99181461e+00
-4.26590489e-03 4.99181843e+00
-4.25398396e-03 4.99185658e+00
-4.25994443e-03 4.99192429e+00
-4.26113652e-03 4.99191380e+00
-4.24921559e-03 4.99194574e+00
-4.26828908e-03 4.99190044e+00
-4.25994443e-03 4.99179459e+00
-4.25279187e-03 4.99191380e+00
-4.23848676e-03 4.99187088e+00
-4.26113652e-03 4.99186134e+00
-4.24802350e-03 4.99192333e+00
-4.26232861e-03 4.99178362e+00
-4.24206303e-03 4.99182796e+00
-4.25875233e-03 4.99184465e+00
-4.23371838e-03 4.99176693e+00
-4.25159978e-03 4.99180269e+00
-4.26828908e-03 4.99182415e+00
-4.25398396e-03 4.99183512e+00
-4.25994443e-03 4.99189806e+00
-4.26113652e-03 4.99188852e+00
-4.26709699e-03 4.99185419e+00
-4.26113652e-03 4.99186611e+00
-4.25994443e-03 4.99175167e+00
-4.24563931e-03 4.99190044e+00
-4.25398396e-03 4.99188519e+00
-4.26828908e-03 4.99174452e+00
-4.25398396e-03 4.99183273e+00
-4.25279187e-03 4.99189329e+00
-4.24563931e-03 4.99181461e+00
-4.25517606e-03 4.99188995e+00
-4.24802350e-03 4.99194002e+00
-4.25398396e-03 4.99185896e+00
-4.26352071e-03 4.99193144e+00
-4.24683141e-03 4.99191475e+00
-4.25040768e-03 4.99183607e+00
-4.24206303e-03 4.99181700e+00
-4.26352071e-03 4.99192905e+00
-4.24087094e-03 4.99183846e+00
-4.26471280e-03 4.99188375e+00
-4.25636815e-03 4.99190044e+00
-4.25398396e-03 4.99186850e+00
-4.24325513e-03 4.99183512e+00
-4.26113652e-03 4.99189234e+00
-4.24206303e-03 4.99199581e+00
-4.23610257e-03 4.99194717e+00
-4.23610257e-03 4.99176359e+00
-4.26232861e-03 4.99200773e+00
-4.28140210e-03 4.99197674e+00
-4.24921559e-03 4.99189234e+00
-4.27305745e-03 4.99199581e+00
-4.24802350e-03 4.99184799e+00
-4.25875233e-03 4.99191475e+00
-4.24921559e-03 4.99175024e+00
-4.27424954e-03 4.99187183e+00
-4.27663373e-03 4.99192905e+00
-4.25517606e-03 4.99202919e+00
-4.24087094e-03 4.99211168e+00
-4.24921559e-03 4.99192190e+00
-4.27067326e-03 4.99194717e+00
-4.24921559e-03 4.99190283e+00
-4.26352071e-03 4.99185753e+00
-4.25994443e-03 4.99195910e+00
-4.26709699e-03 4.99182177e+00
-4.24921559e-03 4.99196959e+00
-4.25636815e-03 4.99186373e+00
-4.26828908e-03 4.99193048e+00
-4.23848676e-03 4.99184227e+00
-4.27067326e-03 4.99184704e+00
-4.25517606e-03 4.99195910e+00
-4.26113652e-03 4.99193144e+00
-4.25040768e-03 4.99187326e+00
-4.26113652e-03 4.99180412e+00
-4.23610257e-03 4.99195290e+00
-4.27663373e-03 4.99204350e+00
-4.25875233e-03 4.99197340e+00
-4.26232861e-03 4.99190426e+00
-4.26590489e-03 4.99194956e+00
-4.26709699e-03 4.99188375e+00
-4.25040768e-03 4.99199343e+00
-4.23252629e-03 4.99195194e+00
-4.25279187e-03 4.99184084e+00
-4.25875233e-03 4.99186945e+00
-4.26828908e-03 4.99186707e+00
-4.27424954e-03 4.99199009e+00
-4.24444722e-03 4.99187803e+00
-4.27305745e-03 4.99208403e+00
-4.26471280e-03 4.99187660e+00
-4.26113652e-03 4.99186707e+00
-4.26113652e-03 4.99187183e+00
-4.24563931e-03 4.99201155e+00
-4.27067326e-03 4.99201965e+00
-4.27901791e-03 4.99201488e+00
-4.24802350e-03 4.99185514e+00
-4.26471280e-03 4.99193859e+00
-4.26709699e-03 4.99184465e+00
-4.27663373e-03 4.99192667e+00
-4.27544164e-03 4.99192667e+00
-4.26352071e-03 4.99200296e+00
-4.26709699e-03 4.99193621e+00
-4.25875233e-03 4.99190903e+00
-4.27305745e-03 4.99195433e+00
-4.25994443e-03 4.99188852e+00
-4.25994443e-03 4.99190426e+00
-4.25279187e-03 4.99176693e+00
-4.23610257e-03 4.99190187e+00
-4.25636815e-03 4.99192429e+00
-4.24683141e-03 4.99193382e+00
-4.26709699e-03 4.99194717e+00
-4.26113652e-03 4.99181223e+00
-4.25398396e-03 4.99177313e+00
-4.26352071e-03 4.99178600e+00
-4.25159978e-03 4.99193525e+00
-4.25398396e-03 4.99196625e+00
-4.26232861e-03 4.99190283e+00
-4.24921559e-03 4.99186945e+00
-4.26948117e-03 4.99195194e+00
-4.25398396e-03 4.99183750e+00
-4.24206303e-03 4.99192429e+00
-4.26709699e-03 4.99189949e+00
-4.24921559e-03 4.99199820e+00
-4.26709699e-03 4.99190521e+00
-4.25994443e-03 4.99197435e+00
-4.25398396e-03 4.99195671e+00
-4.25398396e-03 4.99183512e+00
-4.25875233e-03 4.99188280e+00
-4.28021001e-03 4.99190044e+00
-4.25756024e-03 4.99199820e+00
-4.25398396e-03 4.99183130e+00
-4.26352071e-03 4.99192572e+00
-4.24206303e-03 4.99184704e+00
-4.25875233e-03 4.99197912e+00
-4.25159978e-03 4.99196625e+00
-4.23252629e-03 4.99175978e+00
-4.26709699e-03 4.99186468e+00
-4.26948117e-03 4.99191618e+00
-4.25875233e-03 4.99194717e+00
-4.26471280e-03 4.99199486e+00
-4.24087094e-03 4.99194336e+00
-4.25756024e-03 4.99178123e+00
-4.25398396e-03 4.99194956e+00
-4.24087094e-03 4.99184704e+00
-4.26113652e-03 4.99175501e+00
-4.25398396e-03 4.99181843e+00
-4.24683141e-03 4.99191856e+00
-4.24802350e-03 4.99193048e+00
-4.25517606e-03 4.99190664e+00
-4.25517606e-03 4.99196959e+00
-4.25636815e-03 4.99190903e+00
-4.24802350e-03 4.99211025e+00
-4.27663373e-03 4.99195910e+00
-4.25994443e-03 4.99180269e+00
-4.24921559e-03 4.99180889e+00
-4.23014211e-03 4.99194479e+00
-4.25756024e-03 4.99190187e+00
-4.25517606e-03 4.99198866e+00
-4.26232861e-03 4.99201727e+00
-4.24683141e-03 4.99189234e+00
-4.26471280e-03 4.99188375e+00
-4.25756024e-03 4.99185419e+00
-4.25040768e-03 4.99190903e+00
-4.24921559e-03 4.99192810e+00
-4.25756024e-03 4.99181461e+00
-4.25517606e-03 4.99197197e+00
-4.25756024e-03 4.99184799e+00
-4.24921559e-03 4.99174309e+00
-4.26113652e-03 4.99186611e+00
-4.24444722e-03 4.99185753e+00
-4.25159978e-03 4.99178839e+00
-4.26113652e-03 4.99187326e+00
-4.25875233e-03 4.99197912e+00
-4.24325513e-03 4.99190760e+00
-4.26709699e-03 4.99190760e+00
-4.25159978e-03 4.99183750e+00
-4.25398396e-03 4.99194717e+00
-4.25517606e-03 4.99176216e+00
-4.25994443e-03 4.99189091e+00
-4.26113652e-03 4.99203634e+00
-4.26828908e-03 4.99186611e+00
-4.25159978e-03 4.99183750e+00
-4.25398396e-03 4.99193382e+00
-4.25994443e-03 4.99180651e+00
-4.26352071e-03 4.99199724e+00
-4.23729466e-03 4.99197578e+00
-4.26232861e-03 4.99192572e+00
-4.25994443e-03 4.99196625e+00
-4.25756024e-03 4.99183035e+00
-4.25756024e-03 4.99189329e+00
-4.25636815e-03 4.99183369e+00
-4.26828908e-03 4.99185181e+00
-4.24683141e-03 4.99190664e+00
-4.26709699e-03 4.99186468e+00
-4.26709699e-03 4.99185896e+00
-4.25517606e-03 4.99181843e+00
-4.25994443e-03 4.99191141e+00
-4.25040768e-03 4.99191236e+00
-4.26113652e-03 4.99188852e+00
-4.23729466e-03 4.99179792e+00
-4.27424954e-03 4.99176455e+00
-4.26232861e-03 4.99185896e+00
-4.24683141e-03 4.99184942e+00
-4.25756024e-03 4.99200058e+00
-4.26948117e-03 4.99201012e+00
-4.24683141e-03 4.99195433e+00
-4.23610257e-03 4.99189472e+00
-4.26590489e-03 4.99188042e+00
-4.27424954e-03 4.99199581e+00
-4.24683141e-03 4.99197912e+00
-4.25159978e-03 4.99183989e+00
-4.26709699e-03 4.99205208e+00
-4.24802350e-03 4.99188375e+00
-4.26948117e-03 4.99184942e+00
-4.25159978e-03 4.99181366e+00
-4.25875233e-03 4.99188757e+00
-4.25398396e-03 4.99184465e+00
-4.25279187e-03 4.99190521e+00
-4.25636815e-03 4.99184942e+00
-4.24802350e-03 4.99204254e+00
-4.24683141e-03 4.99187422e+00
-4.25398396e-03 4.99189949e+00
-4.23610257e-03 4.99194241e+00
-4.25875233e-03 4.99191952e+00
-4.23610257e-03 4.99197435e+00
-4.24325513e-03 4.99194574e+00
-4.24921559e-03 4.99200296e+00
-4.26471280e-03 4.99186134e+00
-4.25159978e-03 4.99195051e+00
-4.23371838e-03 4.99191475e+00
-4.24683141e-03 4.99198627e+00
-4.24802350e-03 4.99174690e+00
-4.27186536e-03 4.99184704e+00
-4.25159978e-03 4.99194002e+00
-4.26948117e-03 4.99178028e+00
-4.25636815e-03 4.99199963e+00
-4.27186536e-03 4.99185991e+00
-4.26709699e-03 4.99180984e+00
-4.25875233e-03 4.99194574e+00
-4.24563931e-03 4.99187803e+00
-4.25517606e-03 4.99184561e+00
-4.24802350e-03 4.99203873e+00
-4.25875233e-03 4.99183989e+00
-4.25040768e-03 4.99185658e+00
-4.26948117e-03 4.99186373e+00
-4.25875233e-03 4.99194813e+00
-4.25994443e-03 4.99200773e+00
-4.24921559e-03 4.99194956e+00
-4.24921559e-03 4.99188757e+00
-4.23967885e-03 4.99197102e+00
-4.24087094e-03 4.99183369e+00
-4.27901791e-03 4.99195910e+00
-4.23848676e-03 4.99188042e+00
-4.24563931e-03 4.99196625e+00
-4.25994443e-03 4.99194098e+00
-4.26709699e-03 4.99201632e+00
-4.25636815e-03 4.99190998e+00
-4.25517606e-03 4.99184561e+00
-4.24325513e-03 4.99180889e+00
-4.26590489e-03 4.99180269e+00
-4.26352071e-03 4.99193764e+00
-4.25279187e-03 4.99175978e+00
-4.27067326e-03 4.99186134e+00
-4.25994443e-03 4.99196863e+00
-4.27663373e-03 4.99185419e+00
-4.25636815e-03 4.99187803e+00
-4.27782582e-03 4.99195194e+00
-4.24921559e-03 4.99192190e+00
-4.27067326e-03 4.99191856e+00
-4.26709699e-03 4.99179554e+00
-4.26590489e-03 4.99202681e+00
-4.25875233e-03 4.99198866e+00
-4.25994443e-03 4.99191141e+00
-4.25875233e-03 4.99183035e+00
-4.27424954e-03 4.99192572e+00
-4.26352071e-03 4.99191141e+00
-4.26352071e-03 4.99185896e+00
-4.25756024e-03 4.99193144e+00
-4.27424954e-03 4.99183273e+00
-4.26590489e-03 4.99194956e+00
-4.24444722e-03 4.99183035e+00
-4.26948117e-03 4.99205208e+00
-4.27663373e-03 4.99183273e+00
-4.26352071e-03 4.99198294e+00
-4.26352071e-03 4.99198294e+00
-4.26828908e-03 4.99187326e+00
-4.26471280e-03 4.99193525e+00
-4.27186536e-03 4.99187899e+00
-4.24563931e-03 4.99200678e+00
-4.24563931e-03 4.99197435e+00
-4.25994443e-03 4.99201393e+00
-4.25756024e-03 4.99191475e+00
-4.27067326e-03 4.99188137e+00
-4.25756024e-03 4.99194479e+00
-4.24206303e-03 4.99182653e+00
-4.25159978e-03 4.99213314e+00
-4.26590489e-03 4.99188375e+00
-4.26709699e-03 4.99186468e+00
-4.25517606e-03 4.99189234e+00
-4.26232861e-03 4.99192810e+00
-4.25875233e-03 4.99191141e+00
-4.23848676e-03 4.99188280e+00
-4.23729466e-03 4.99193048e+00
-4.26709699e-03 4.99190187e+00
-4.25517606e-03 4.99195671e+00
-4.25994443e-03 4.99189329e+00
-4.26352071e-03 4.99190760e+00
-4.26471280e-03 4.99184799e+00
-4.25040768e-03 4.99177074e+00
-4.24444722e-03 4.99195051e+00
-4.25994443e-03 4.99175167e+00
-4.24325513e-03 4.99197578e+00
-4.27424954e-03 4.99203396e+00
-4.24444722e-03 4.99185514e+00
-4.25875233e-03 4.99192667e+00
-4.26471280e-03 4.99196148e+00
-4.25636815e-03 4.99184465e+00
-4.26948117e-03 4.99176216e+00
-4.26709699e-03 4.99206161e+00
-4.24325513e-03 4.99199820e+00
-4.26113652e-03 4.99194813e+00
-4.25756024e-03 4.99189949e+00
-4.25636815e-03 4.99187088e+00
-4.26113652e-03 4.99186850e+00
-4.26471280e-03 4.99193621e+00
-4.26948117e-03 4.99192333e+00
-4.25398396e-03 4.99193764e+00
-4.25875233e-03 4.99189329e+00
-4.26471280e-03 4.99178600e+00
-4.26471280e-03 4.99180174e+00
-4.27901791e-03 4.99193287e+00
-4.25875233e-03 4.99191380e+00
-4.26948117e-03 4.99187660e+00
-4.27544164e-03 4.99199724e+00
-4.25636815e-03 4.99198151e+00
-4.25875233e-03 4.99190187e+00
-4.26709699e-03 4.99186468e+00
-4.26590489e-03 4.99194479e+00
-4.24921559e-03 4.99195766e+00
-4.26709699e-03 4.99205208e+00
-4.24921559e-03 4.99187803e+00
-4.25636815e-03 4.99180412e+00
-4.26590489e-03 4.99178123e+00
-4.26232861e-03 4.99198151e+00
-4.25159978e-03 4.99188280e+00
-4.25756024e-03 4.99195671e+00
-4.26590489e-03 4.99176455e+00
-4.25517606e-03 4.99189806e+00
-4.24563931e-03 4.99196243e+00
-4.23848676e-03 4.99190760e+00
-4.28378629e-03 4.99188852e+00
-4.27424954e-03 4.99194479e+00
-4.23848676e-03 4.99188852e+00
-4.26471280e-03 4.99190426e+00
-4.25636815e-03 4.99190426e+00
-4.26471280e-03 4.99194479e+00
-4.25398396e-03 4.99186134e+00
-4.24563931e-03 4.99189234e+00
-4.25875233e-03 4.99188614e+00
-4.26113652e-03 4.99191141e+00
-4.27067326e-03 4.99191475e+00
-4.27305745e-03 4.99171114e+00
-4.27067326e-03 4.99192905e+00
-4.25040768e-03 4.99197674e+00
-4.24206303e-03 4.99196005e+00
-4.25636815e-03 4.99201393e+00
-4.25517606e-03 4.99196243e+00
-4.24802350e-03 4.99194479e+00
-4.25994443e-03 4.99193525e+00
-4.26232861e-03 4.99197912e+00
-4.25159978e-03 4.99194574e+00
-4.25517606e-03 4.99194002e+00
-4.27067326e-03 4.99193048e+00
-4.26471280e-03 4.99189234e+00
-4.25875233e-03 4.99193525e+00
-4.24802350e-03 4.99186373e+00
-4.26590489e-03 4.99189329e+00
-4.27424954e-03 4.99189329e+00
-4.29451512e-03 4.99176455e+00
-4.23491048e-03 4.99198866e+00
-4.23729466e-03 4.99184799e+00
-4.25756024e-03 4.99182558e+00
-4.24921559e-03 4.99195671e+00
-4.24563931e-03 4.99197102e+00
-4.27067326e-03 4.99190283e+00
-4.25159978e-03 4.99190998e+00
-4.24683141e-03 4.99193621e+00
-4.25398396e-03 4.99194813e+00
-4.26352071e-03 4.99180984e+00
-4.25994443e-03 4.99195051e+00
-4.23610257e-03 4.99190044e+00
-4.25279187e-03 4.99190426e+00
-4.26948117e-03 4.99196720e+00
-4.26352071e-03 4.99193525e+00
-4.26828908e-03 4.99194574e+00
-4.24325513e-03 4.99191380e+00
-4.26471280e-03 4.99199724e+00
-4.25636815e-03 4.99192190e+00
-4.25159978e-03 4.99185276e+00
-4.26352071e-03 4.99190044e+00
-4.26232861e-03 4.99201727e+00
-4.24563931e-03 4.99192572e+00
-4.24325513e-03 4.99194336e+00
-4.27544164e-03 4.99189234e+00
-4.25279187e-03 4.99205685e+00
-4.23848676e-03 4.99193859e+00
-4.24206303e-03 4.99191380e+00
-4.24206303e-03 4.99186850e+00
-4.25398396e-03 4.99194336e+00
-4.25756024e-03 4.99184227e+00
-4.26948117e-03 4.99183273e+00
-4.24802350e-03 4.99193764e+00
-4.26232861e-03 4.99189568e+00
-4.28140210e-03 4.99182558e+00
-4.25994443e-03 4.99194956e+00
-4.25159978e-03 4.99195910e+00
-4.29570721e-03 4.99186611e+00
-4.24563931e-03 4.99186611e+00
-4.28259419e-03 4.99189949e+00
-4.25159978e-03 4.99193048e+00
-4.25756024e-03 4.99190760e+00
-4.25875233e-03 4.99178743e+00
-4.25756024e-03 4.99182177e+00
-4.24325513e-03 4.99199009e+00
-4.26352071e-03 4.99184799e+00
-4.26232861e-03 4.99193621e+00
-4.25636815e-03 4.99179077e+00
-4.25279187e-03 4.99178600e+00
-4.25994443e-03 4.99185276e+00
-4.25279187e-03 4.99191475e+00
-4.26352071e-03 4.99191475e+00
-4.26828908e-03 4.99189234e+00
-4.25875233e-03 4.99186850e+00
-4.26232861e-03 4.99186134e+00
-4.27186536e-03 4.99204350e+00
-4.25636815e-03 4.99182796e+00
-4.27663373e-03 4.99190998e+00
-4.25398396e-03 4.99196148e+00
-4.24802350e-03 4.99187899e+00
-4.26352071e-03 4.99183750e+00
-4.26709699e-03 4.99183846e+00
-4.26948117e-03 4.99187088e+00
-4.25636815e-03 4.99172783e+00
-4.26828908e-03 4.99183607e+00
-4.25279187e-03 4.99198151e+00
-4.25636815e-03 4.99190521e+00
-4.25636815e-03 4.99191713e+00
-4.24325513e-03 4.99186707e+00
-4.25756024e-03 4.99206018e+00
-4.25517606e-03 4.99190903e+00
-4.24325513e-03 4.99185038e+00
-4.26828908e-03 4.99197578e+00
-4.26948117e-03 4.99200535e+00
-4.26232861e-03 4.99191475e+00
-4.25756024e-03 4.99193859e+00
-4.25517606e-03 4.99190664e+00
-4.25756024e-03 4.99189472e+00
-4.24444722e-03 4.99203777e+00
-4.26709699e-03 4.99194479e+00
-4.23371838e-03 4.99184465e+00
-4.25517606e-03 4.99197912e+00
-4.25517606e-03 4.99187565e+00
-4.24802350e-03 4.99200773e+00
-4.26948117e-03 4.99196148e+00
-4.26590489e-03 4.99201155e+00
-4.25517606e-03 4.99195528e+00
-4.28021001e-03 4.99202108e+00
-4.25875233e-03 4.99193525e+00
-4.24563931e-03 4.99191618e+00
-4.26590489e-03 4.99185181e+00
-4.23967885e-03 4.99186850e+00
-4.27186536e-03 4.99191856e+00
-4.26828908e-03 4.99181843e+00
-4.25994443e-03 4.99188280e+00
-4.25994443e-03 4.99186134e+00
-4.27663373e-03 4.99194241e+00
-4.26709699e-03 4.99200296e+00
-4.25636815e-03 4.99193144e+00
-4.25756024e-03 4.99189472e+00
-4.24921559e-03 4.99197340e+00
-4.26471280e-03 4.99196863e+00
-4.26590489e-03 4.99182081e+00
-4.26113652e-03 4.99195766e+00
-4.25279187e-03 4.99197912e+00
-4.26709699e-03 4.99198389e+00
-4.24206303e-03 4.99192810e+00
-4.24444722e-03 4.99187803e+00
-4.27544164e-03 4.99187326e+00
-4.25636815e-03 4.99193287e+00
-4.25517606e-03 4.99196720e+00
-4.25517606e-03 4.99196005e+00
-4.26828908e-03 4.99190426e+00
-4.24087094e-03 4.99197435e+00
-4.26471280e-03 4.99198294e+00
-4.25398396e-03 4.99193764e+00
-4.25636815e-03 4.99209356e+00
-4.27544164e-03 4.99191618e+00
-4.24802350e-03 4.99186468e+00
-4.26709699e-03 4.99192572e+00
-4.25159978e-03 4.99188757e+00
-4.25517606e-03 4.99196386e+00
-4.27544164e-03 4.99186707e+00
-4.25875233e-03 4.99193621e+00
-4.25756024e-03 4.99193048e+00
-4.25517606e-03 4.99184561e+00
-4.24444722e-03 4.99194098e+00
-4.24921559e-03 4.99192572e+00
-4.26828908e-03 4.99185181e+00
-4.24802350e-03 4.99197817e+00
-4.26113652e-03 4.99198055e+00
-4.24206303e-03 4.99199104e+00
-4.26590489e-03 4.99196005e+00
-4.27544164e-03 4.99190044e+00
-4.25994443e-03 4.99182081e+00
-4.23967885e-03 4.99187565e+00
-4.24921559e-03 4.99188852e+00
-4.26232861e-03 4.99178267e+00
-4.24683141e-03 4.99179935e+00
-4.27305745e-03 4.99195671e+00
-4.26471280e-03 4.99205065e+00
-4.24921559e-03 4.99191380e+00
-4.24563931e-03 4.99182558e+00
-4.26471280e-03 4.99179935e+00
-4.26113652e-03 4.99198294e+00
-4.25279187e-03 4.99191713e+00
-4.23967885e-03 4.99201727e+00
-4.26948117e-03 4.99193764e+00
-4.24444722e-03 4.99197674e+00
-4.25517606e-03 4.99202442e+00
-4.25040768e-03 4.99183846e+00
-4.25279187e-03 4.99192095e+00
-4.24802350e-03 4.99184942e+00
-4.25517606e-03 4.99200439e+00
-4.26590489e-03 4.99183369e+00
-4.25040768e-03 4.99191475e+00
-4.24802350e-03 4.99198532e+00
-4.24563931e-03 4.99204016e+00
-4.24921559e-03 4.99195194e+00
-4.25159978e-03 4.99200296e+00
-4.26471280e-03 4.99188519e+00
-4.26232861e-03 4.99202347e+00
-4.25279187e-03 4.99192190e+00
-4.25636815e-03 4.99193525e+00
-4.26352071e-03 4.99198294e+00
-4.25279187e-03 4.99193287e+00
-4.25875233e-03 4.99189711e+00
-4.25398396e-03 4.99184942e+00
-4.25517606e-03 4.99190998e+00
-4.26471280e-03 4.99193287e+00
-4.26113652e-03 4.99196863e+00
-4.25040768e-03 4.99201870e+00
-4.23967885e-03 4.99190664e+00
-4.25756024e-03 4.99176455e+00
-4.24921559e-03 4.99183369e+00
-4.26948117e-03 4.99184084e+00
-4.25398396e-03 4.99199724e+00
-4.24802350e-03 4.99186230e+00
-4.24444722e-03 4.99198294e+00
-4.23967885e-03 4.99187088e+00
-4.25040768e-03 4.99194002e+00
-4.27067326e-03 4.99185753e+00
-4.23610257e-03 4.99184465e+00
-4.23491048e-03 4.99183130e+00
-4.26590489e-03 4.99196005e+00
-4.25279187e-03 4.99186230e+00
-4.28140210e-03 4.99204016e+00
-4.25875233e-03 4.99191236e+00
-4.24683141e-03 4.99190426e+00
-4.23848676e-03 4.99201250e+00
-4.24683141e-03 4.99183607e+00
-4.25756024e-03 4.99197197e+00
-4.24921559e-03 4.99182558e+00
-4.24802350e-03 4.99202585e+00
-4.25398396e-03 4.99196720e+00
-4.25279187e-03 4.99186373e+00
-4.25875233e-03 4.99204254e+00
-4.25994443e-03 4.99203062e+00
-4.24087094e-03 4.99190664e+00
-4.26471280e-03 4.99182892e+00
-4.24563931e-03 4.99180984e+00
-4.26113652e-03 4.99191141e+00
-4.27544164e-03 4.99208069e+00
-4.25994443e-03 4.99199247e+00
-4.27424954e-03 4.99202824e+00
-4.26113652e-03 4.99206161e+00
-4.27663373e-03 4.99196863e+00
-4.25756024e-03 4.99195433e+00
-4.25994443e-03 4.99204826e+00
-4.25398396e-03 4.99203634e+00
-4.26828908e-03 4.99192429e+00
-4.25040768e-03 4.99189234e+00
-4.25040768e-03 4.99198866e+00
-4.25159978e-03 4.99190426e+00
-4.25994443e-03 4.99190521e+00
-4.26471280e-03 4.99194717e+00
-4.25279187e-03 4.99185419e+00
-4.24444722e-03 4.99185991e+00
-4.27186536e-03 4.99193048e+00
-4.25756024e-03 4.99172401e+00
-4.26948117e-03 4.99181461e+00
-4.26828908e-03 4.99199724e+00
-4.26352071e-03 4.99196482e+00
-4.25994443e-03 4.99186945e+00
-4.25994443e-03 4.99200296e+00
-4.24921559e-03 4.99200058e+00
-4.24802350e-03 4.99195194e+00
-4.24921559e-03 4.99184465e+00
-4.26471280e-03 4.99195051e+00
-4.27067326e-03 4.99194002e+00
-4.25040768e-03 4.99183130e+00
-4.24444722e-03 4.99191856e+00
-4.24444722e-03 4.99191475e+00
-4.26352071e-03 4.99204016e+00
-4.25279187e-03 4.99200201e+00
-4.24444722e-03 4.99199486e+00
-4.25398396e-03 4.99189568e+00
-4.25279187e-03 4.99182892e+00
-4.26232861e-03 4.99190998e+00
-4.24921559e-03 4.99184227e+00
-4.25517606e-03 4.99182892e+00
-4.25636815e-03 4.99184561e+00
-4.27067326e-03 4.99188519e+00
-4.26232861e-03 4.99187565e+00
-4.26232861e-03 4.99189568e+00
-4.25636815e-03 4.99185896e+00
-4.25875233e-03 4.99194241e+00
-4.26113652e-03 4.99202919e+00
-4.25756024e-03 4.99193621e+00
-4.26113652e-03 4.99186611e+00
-4.25279187e-03 4.99195433e+00
-4.25279187e-03 4.99187803e+00
-4.23252629e-03 4.99190760e+00
-4.26352071e-03 4.99188852e+00
-4.25875233e-03 4.99196148e+00
-4.27067326e-03 4.99184942e+00
-4.27305745e-03 4.99195671e+00
-4.25398396e-03 4.99181938e+00
-4.25040768e-03 4.99183273e+00
-4.27186536e-03 4.99198294e+00
-4.26113652e-03 4.99184561e+00
-4.25398396e-03 4.99188137e+00
-4.26352071e-03 4.99199009e+00
-4.26590489e-03 4.99191380e+00
-4.26948117e-03 4.99206638e+00
-4.27544164e-03 4.99195528e+00
-4.26352071e-03 4.99202347e+00
-4.25517606e-03 4.99195671e+00
-4.26948117e-03 4.99184322e+00
-4.23729466e-03 4.99190521e+00
-4.23848676e-03 4.99198294e+00
-4.25636815e-03 4.99194479e+00
-4.25756024e-03 4.99202824e+00
-4.26709699e-03 4.99186230e+00
-4.25994443e-03 4.99189806e+00
-4.25398396e-03 4.99202108e+00
-4.26352071e-03 4.99192190e+00
-4.24563931e-03 4.99185896e+00
-4.25040768e-03 4.99193287e+00
-4.26709699e-03 4.99184465e+00
-4.26709699e-03 4.99184704e+00
-4.25994443e-03 4.99185658e+00
-4.24802350e-03 4.99173832e+00
-4.25756024e-03 4.99186468e+00
-4.26113652e-03 4.99205208e+00
-4.25398396e-03 4.99198532e+00
-4.26590489e-03 4.99181938e+00
-4.27424954e-03 4.99182081e+00
-4.26948117e-03 4.99191475e+00
-4.26590489e-03 4.99194956e+00
-4.22537373e-03 4.99189806e+00
-4.25994443e-03 4.99190664e+00
-4.26113652e-03 4.99191856e+00
-4.25756024e-03 4.99190426e+00
-4.26113652e-03 4.99184561e+00
-4.25756024e-03 4.99198055e+00
-4.25994443e-03 4.99197578e+00
-4.25517606e-03 4.99176693e+00
-4.25159978e-03 4.99187565e+00
-4.25159978e-03 4.99191475e+00
-4.25159978e-03 4.99187803e+00
-4.25636815e-03 4.99191380e+00
-4.24683141e-03 4.99188280e+00
-4.26471280e-03 4.99179935e+00
-4.27424954e-03 4.99198389e+00
-4.24087094e-03 4.99196005e+00
-4.26113652e-03 4.99187803e+00
-4.26471280e-03 4.99204493e+00
-4.25875233e-03 4.99193859e+00
-4.26590489e-03 4.99192429e+00
-4.24921559e-03 4.99196482e+00
-4.25517606e-03 4.99197102e+00
-4.25875233e-03 4.99205065e+00
-4.26232861e-03 4.99196148e+00
-4.25875233e-03 4.99191952e+00
-4.27067326e-03 4.99185038e+00
-4.25994443e-03 4.99190426e+00
-4.25398396e-03 4.99179077e+00
-4.25756024e-03 4.99186945e+00
-4.26232861e-03 4.99194336e+00
-4.26709699e-03 4.99200916e+00
-4.25756024e-03 4.99202108e+00
-4.27067326e-03 4.99198389e+00
-4.24683141e-03 4.99200535e+00
-4.25159978e-03 4.99188852e+00
-4.27186536e-03 4.99186230e+00
-4.25636815e-03 4.99195910e+00
-4.27186536e-03 4.99212694e+00
-4.24325513e-03 4.99193144e+00
-4.24444722e-03 4.99190426e+00
-4.26352071e-03 4.99197674e+00
-4.23252629e-03 4.99199009e+00
-4.25517606e-03 4.99208546e+00
-4.24802350e-03 4.99190903e+00
-4.26709699e-03 4.99199963e+00
-4.25875233e-03 4.99191952e+00
-4.27305745e-03 4.99198532e+00
-4.27305745e-03 4.99202585e+00
-4.26471280e-03 4.99191618e+00
-4.24087094e-03 4.99191856e+00
-4.27067326e-03 4.99188995e+00
-4.25040768e-03 4.99189949e+00
-4.24921559e-03 4.99192810e+00
-4.24683141e-03 4.99190426e+00
-4.27305745e-03 4.99191713e+00
-4.26828908e-03 4.99194574e+00
-4.27424954e-03 4.99185276e+00
-4.27305745e-03 4.99189949e+00
-4.24802350e-03 4.99187326e+00
-4.24921559e-03 4.99181366e+00
-4.25040768e-03 4.99188137e+00
-4.26232861e-03 4.99196863e+00
-4.26352071e-03 4.99187803e+00
-4.26113652e-03 4.99193144e+00
-4.24563931e-03 4.99190426e+00
-4.25756024e-03 4.99192095e+00
-4.28736256e-03 4.99185753e+00
-4.26232861e-03 4.99195528e+00
-4.24444722e-03 4.99186850e+00
-4.25756024e-03 4.99186850e+00
-4.25636815e-03 4.99181700e+00
-4.26590489e-03 4.99195766e+00
-4.25875233e-03 4.99203062e+00
-4.26471280e-03 4.99194717e+00
-4.24683141e-03 4.99195051e+00
-4.23848676e-03 4.99201250e+00
-4.25159978e-03 4.99197912e+00
-4.24921559e-03 4.99172640e+00
-4.23610257e-03 4.99193382e+00
-4.25279187e-03 4.99195051e+00
-4.25517606e-03 4.99180269e+00
-4.25040768e-03 4.99188280e+00
-4.26828908e-03 4.99192095e+00
-4.26352071e-03 4.99186230e+00
-4.25636815e-03 4.99195528e+00
-4.25398396e-03 4.99195433e+00
-4.24563931e-03 4.99177313e+00
-4.26232861e-03 4.99181604e+00
-4.25398396e-03 4.99180746e+00
-4.25875233e-03 4.99191141e+00
-4.23610257e-03 4.99196482e+00
-4.24921559e-03 4.99180651e+00
-4.26709699e-03 4.99185276e+00
-4.26828908e-03 4.99191380e+00
-4.26709699e-03 4.99179554e+00
-4.26471280e-03 4.99180174e+00
-4.25159978e-03 4.99174070e+00
-4.24683141e-03 4.99196959e+00
-4.28259419e-03 4.99204016e+00
-4.25517606e-03 4.99193144e+00
-4.25040768e-03 4.99186373e+00
-4.25756024e-03 4.99190283e+00
-4.26113652e-03 4.99186850e+00
-4.25517606e-03 4.99183035e+00
-4.27305745e-03 4.99214268e+00
-4.25756024e-03 4.99196148e+00
-4.23252629e-03 4.99195290e+00
-4.25994443e-03 4.99184322e+00
-4.24563931e-03 4.99188757e+00
-4.25398396e-03 4.99199343e+00
-4.26828908e-03 4.99193382e+00
-4.26471280e-03 4.99201393e+00
-4.26113652e-03 4.99187422e+00
-4.24802350e-03 4.99216652e+00
-4.25279187e-03 4.99185658e+00
-4.26471280e-03 4.99182177e+00
-4.26113652e-03 4.99190664e+00
-4.25159978e-03 4.99200201e+00
-4.25517606e-03 4.99198866e+00
-4.26113652e-03 4.99192190e+00
-4.23133420e-03 4.99185038e+00
-4.27305745e-03 4.99186373e+00
-4.24683141e-03 4.99188852e+00
-4.23729466e-03 4.99202824e+00
-4.24563931e-03 4.99186230e+00
-4.24206303e-03 4.99200535e+00
-4.25159978e-03 4.99190283e+00
-4.27782582e-03 4.99187899e+00
-4.24921559e-03 4.99197102e+00
-4.26113652e-03 4.99187088e+00
-4.26590489e-03 4.99184942e+00
-4.25398396e-03 4.99181461e+00
-4.24206303e-03 4.99195910e+00
-4.24563931e-03 4.99197197e+00
-4.24563931e-03 4.99193048e+00
-4.25398396e-03 4.99194574e+00
-4.24921559e-03 4.99184227e+00
-4.24325513e-03 4.99188375e+00
-4.25517606e-03 4.99192333e+00
-4.25636815e-03 4.99190187e+00
-4.25756024e-03 4.99198055e+00
-4.26948117e-03 4.99189329e+00
-4.25159978e-03 4.99193048e+00
-4.27067326e-03 4.99188852e+00
-4.27663373e-03 4.99191475e+00
-4.26352071e-03 4.99185419e+00
-4.25517606e-03 4.99186707e+00
-4.24921559e-03 4.99185038e+00
-4.25994443e-03 4.99202347e+00
-4.24325513e-03 4.99206161e+00
-4.27186536e-03 4.99184561e+00
-4.26590489e-03 4.99182892e+00
-4.26590489e-03 4.99182653e+00
-4.27067326e-03 4.99195051e+00
-4.25517606e-03 4.99197578e+00
-4.27544164e-03 4.99197578e+00
-4.26948117e-03 4.99187660e+00
-4.27424954e-03 4.99196625e+00
-4.25517606e-03 4.99190998e+00
-4.25040768e-03 4.99190664e+00
-4.26590489e-03 4.99193859e+00
-4.26113652e-03 4.99188614e+00
-4.24683141e-03 4.99191713e+00
-4.26232861e-03 4.99194956e+00
-4.25398396e-03 4.99170637e+00
-4.24802350e-03 4.99178600e+00
-4.24563931e-03 4.99195528e+00
-4.25994443e-03 4.99182558e+00
-4.26352071e-03 4.99191856e+00
-4.25517606e-03 4.99177790e+00
-4.27424954e-03 4.99194813e+00
-4.26352071e-03 4.99191856e+00
-4.26471280e-03 4.99198151e+00
-4.24921559e-03 4.99180412e+00
-4.25279187e-03 4.99194574e+00
-4.27186536e-03 4.99191236e+00
-4.24802350e-03 4.99193764e+00
-4.26232861e-03 4.99186134e+00
-4.26590489e-03 4.99186134e+00
-4.25159978e-03 4.99189568e+00
-4.26828908e-03 4.99188375e+00
-4.23133420e-03 4.99184465e+00
-4.24325513e-03 4.99199820e+00
-4.26948117e-03 4.99186468e+00
-4.25398396e-03 4.99176931e+00
-4.26948117e-03 4.99191475e+00
-4.25279187e-03 4.99183130e+00
-4.26352071e-03 4.99181700e+00
-4.26471280e-03 4.99186945e+00
-4.27544164e-03 4.99201250e+00
-4.27067326e-03 4.99200773e+00
-4.25636815e-03 4.99179554e+00
-4.25636815e-03 4.99185658e+00
-4.26828908e-03 4.99186373e+00
-4.25994443e-03 4.99192905e+00
-4.24683141e-03 4.99173021e+00
-4.27186536e-03 4.99181128e+00
-4.25636815e-03 4.99184561e+00
-4.25279187e-03 4.99185514e+00
-4.25875233e-03 4.99180269e+00
-4.25875233e-03 4.99186850e+00
-4.27067326e-03 4.99178028e+00
-4.24802350e-03 4.99182653e+00
-4.25636815e-03 4.99193764e+00
-4.25756024e-03 4.99173117e+00
-4.26352071e-03 4.99183130e+00
-4.26113652e-03 4.99181223e+00
-4.26352071e-03 4.99179077e+00
-4.26590489e-03 4.99186850e+00
-4.25159978e-03 4.99186850e+00
-4.25636815e-03 4.99189806e+00
-4.25040768e-03 4.99194479e+00
-4.27663373e-03 4.99196720e+00
-4.25517606e-03 4.99197435e+00
-4.24683141e-03 4.99191380e+00
-4.25517606e-03 4.99196005e+00
-4.25756024e-03 4.99189329e+00
-4.26471280e-03 4.99179792e+00
-4.25636815e-03 4.99179459e+00
-4.24087094e-03 4.99186134e+00
-4.24802350e-03 4.99202585e+00
-4.26709699e-03 4.99199009e+00
-4.24563931e-03 4.99178123e+00
-4.26352071e-03 4.99191141e+00
-4.24802350e-03 4.99186134e+00
-4.26709699e-03 4.99191856e+00
-4.25279187e-03 4.99177170e+00
-4.26590489e-03 4.99182796e+00
-4.25636815e-03 4.99199581e+00
-4.25398396e-03 4.99189091e+00
-4.24802350e-03 4.99195290e+00
-4.25636815e-03 4.99180269e+00
-4.24444722e-03 4.99178028e+00
-4.25756024e-03 4.99198532e+00
-4.26471280e-03 4.99196386e+00
-4.24563931e-03 4.99189711e+00
-4.24563931e-03 4.99189806e+00
-4.26590489e-03 4.99178982e+00
-4.27067326e-03 4.99180031e+00
-4.26232861e-03 4.99188280e+00
-4.23967885e-03 4.99191236e+00
-4.25636815e-03 4.99185991e+00
-4.26352071e-03 4.99208307e+00
-4.25875233e-03 4.99201250e+00
-4.26828908e-03 4.99173594e+00
-4.25398396e-03 4.99190998e+00
-4.24563931e-03 4.99179935e+00
-4.24921559e-03 4.99181128e+00
-4.26352071e-03 4.99184227e+00
-4.26113652e-03 4.99186945e+00
-4.25994443e-03 4.99189472e+00
-4.25517606e-03 4.99186945e+00
-4.24683141e-03 4.99194002e+00
-4.26828908e-03 4.99182558e+00
-4.23610257e-03 4.99194813e+00
-4.25994443e-03 4.99189711e+00
-4.23967885e-03 4.99190283e+00
-4.25517606e-03 4.99192810e+00
-4.25040768e-03 4.99187565e+00
-4.24563931e-03 4.99192667e+00
-4.24563931e-03 4.99196005e+00
-4.25994443e-03 4.99200296e+00
-4.26471280e-03 4.99185514e+00
-4.26590489e-03 4.99200201e+00
-4.25636815e-03 4.99188519e+00
-4.25517606e-03 4.99201393e+00
-4.25994443e-03 4.99196625e+00
-4.25279187e-03 4.99203539e+00
-4.26352071e-03 4.99194241e+00
-4.26828908e-03 4.99188852e+00
-4.26828908e-03 4.99192572e+00
-4.24802350e-03 4.99183989e+00
-4.25875233e-03 4.99185753e+00
-4.24921559e-03 4.99190426e+00
-4.26232861e-03 4.99181843e+00
-4.25994443e-03 4.99183989e+00
-4.27663373e-03 4.99201250e+00
-4.25636815e-03 4.99188852e+00
-4.25279187e-03 4.99178982e+00
-4.26590489e-03 4.99186611e+00
-4.24444722e-03 4.99188852e+00
-4.25517606e-03 4.99185753e+00
-4.25636815e-03 4.99186373e+00
-4.25517606e-03 4.99189949e+00
-4.26828908e-03 4.99184322e+00
-4.23729466e-03 4.99197817e+00
-4.26948117e-03 4.99184942e+00
-4.26471280e-03 4.99195671e+00
-4.26352071e-03 4.99188995e+00
-4.25636815e-03 4.99184704e+00
-4.26352071e-03 4.99191856e+00
-4.24563931e-03 4.99178123e+00
-4.25756024e-03 4.99191952e+00
-4.23967885e-03 4.99175978e+00
-4.25517606e-03 4.99180508e+00
-4.25756024e-03 4.99189472e+00
-4.26590489e-03 4.99186707e+00
-4.25756024e-03 4.99178839e+00
-4.26828908e-03 4.99196482e+00
-4.23729466e-03 4.99192810e+00
-4.26232861e-03 4.99183846e+00
-4.25875233e-03 4.99191141e+00
-4.23014211e-03 4.99202919e+00
-4.24921559e-03 4.99195051e+00
-4.25159978e-03 4.99189949e+00
-4.27663373e-03 4.99193382e+00
-4.24802350e-03 4.99178743e+00
-4.25159978e-03 4.99188280e+00
-4.25398396e-03 4.99184227e+00
-4.26709699e-03 4.99202585e+00
-4.25159978e-03 4.99203062e+00
-4.24325513e-03 4.99185038e+00
-4.25517606e-03 4.99198627e+00
-4.25279187e-03 4.99189091e+00
-4.26113652e-03 4.99175024e+00
-4.26113652e-03 4.99211025e+00
-4.24921559e-03 4.99191475e+00
-4.24921559e-03 4.99193621e+00
-4.28259419e-03 4.99190760e+00
-4.27424954e-03 4.99190760e+00
-4.26471280e-03 4.99178600e+00
-4.25994443e-03 4.99182558e+00
-4.25159978e-03 4.99196482e+00
-4.27305745e-03 4.99176216e+00
-4.24921559e-03 4.99184799e+00
-4.27186536e-03 4.99196863e+00
-4.25040768e-03 4.99188995e+00
-4.29213094e-03 4.99188042e+00
-4.27186536e-03 4.99189806e+00
-4.24802350e-03 4.99197578e+00
-4.23848676e-03 4.99173355e+00
-4.24563931e-03 4.99187183e+00
-4.26471280e-03 4.99178982e+00
-4.26471280e-03 4.99191141e+00
-4.24444722e-03 4.99166441e+00
-4.27067326e-03 4.99196863e+00
-4.26113652e-03 4.99197817e+00
-4.25994443e-03 4.99181700e+00
-4.25875233e-03 4.99184227e+00
-4.25398396e-03 4.99178982e+00
-4.24087094e-03 4.99196243e+00
-4.26828908e-03 4.99194813e+00
-4.24563931e-03 4.99188852e+00
-4.25398396e-03 4.99183989e+00
-4.25994443e-03 4.99199009e+00
-4.26948117e-03 4.99188852e+00
-4.26113652e-03 4.99200296e+00
-4.24802350e-03 4.99193287e+00
-4.25636815e-03 4.99183607e+00
-4.25756024e-03 4.99192095e+00
-4.24921559e-03 4.99191952e+00
-4.26352071e-03 4.99178839e+00
-4.25279187e-03 4.99188995e+00
-4.25875233e-03 4.99182558e+00
-4.23729466e-03 4.99200678e+00
-4.27424954e-03 4.99196243e+00
-4.26232861e-03 4.99200678e+00
-4.24444722e-03 4.99206972e+00
-4.24802350e-03 4.99195433e+00
-4.26113652e-03 4.99205685e+00
-4.25040768e-03 4.99178600e+00
-4.26709699e-03 4.99194813e+00
-4.25040768e-03 4.99191856e+00
-4.26232861e-03 4.99187565e+00
-4.25279187e-03 4.99187183e+00
-4.25517606e-03 4.99179220e+00
-4.25756024e-03 4.99196386e+00
-4.26590489e-03 4.99195528e+00
-4.26113652e-03 4.99206400e+00
-4.25875233e-03 4.99204350e+00
-4.25636815e-03 4.99190760e+00
-4.25636815e-03 4.99187803e+00
-4.25636815e-03 4.99189472e+00
-4.24802350e-03 4.99185753e+00
-4.27186536e-03 4.99202204e+00
-4.26471280e-03 4.99191618e+00
-4.24087094e-03 4.99193048e+00
-4.25875233e-03 4.99185514e+00
-4.25279187e-03 4.99186134e+00
-4.24087094e-03 4.99191141e+00
-4.26113652e-03 4.99195194e+00
-4.26948117e-03 4.99184561e+00
-4.25756024e-03 4.99199820e+00
-4.25756024e-03 4.99191713e+00
-4.27544164e-03 4.99201250e+00
-4.23848676e-03 4.99181366e+00
-4.26232861e-03 4.99186611e+00
-4.26709699e-03 4.99197817e+00
-4.26113652e-03 4.99196959e+00
-4.26471280e-03 4.99200439e+00
-4.25398396e-03 4.99192905e+00
-4.25636815e-03 4.99186611e+00
-4.25040768e-03 4.99204111e+00
-4.26709699e-03 4.99200916e+00
-4.27424954e-03 4.99182653e+00
-4.25756024e-03 4.99182558e+00
-4.26471280e-03 4.99176455e+00
-4.24206303e-03 4.99203634e+00
-4.25756024e-03 4.99188614e+00
-4.26590489e-03 4.99199724e+00
-4.25756024e-03 4.99196148e+00
-4.24802350e-03 4.99202108e+00
-4.25398396e-03 4.99189949e+00
-4.28140210e-03 4.99193382e+00
-4.25398396e-03 4.99185658e+00
-4.27186536e-03 4.99191856e+00
-4.27305745e-03 4.99216890e+00
-4.25756024e-03 4.99195051e+00
-4.27544164e-03 4.99188614e+00
-4.25517606e-03 4.99208879e+00
-4.26590489e-03 4.99190664e+00
-4.24087094e-03 4.99189472e+00
-4.25398396e-03 4.99199724e+00
-4.25875233e-03 4.99192333e+00
-4.25517606e-03 4.99183130e+00
-4.26709699e-03 4.99204588e+00
-4.24802350e-03 4.99193048e+00
-4.26232861e-03 4.99189472e+00
-4.26590489e-03 4.99185038e+00
-4.23371838e-03 4.99210215e+00
-4.24325513e-03 4.99200201e+00
-4.25756024e-03 4.99199104e+00
-4.25279187e-03 4.99198389e+00
-4.25398396e-03 4.99197578e+00
-4.27424954e-03 4.99185276e+00
-4.26352071e-03 4.99187422e+00
-4.27424954e-03 4.99190187e+00
-4.25875233e-03 4.99209976e+00
-4.26352071e-03 4.99192095e+00
-4.25517606e-03 4.99194956e+00
-4.25994443e-03 4.99193287e+00
-4.27663373e-03 4.99185181e+00
-4.24921559e-03 4.99184704e+00
-4.25398396e-03 4.99204016e+00
-4.25875233e-03 4.99198151e+00
-4.26828908e-03 4.99203539e+00
-4.27544164e-03 4.99201727e+00
-4.24683141e-03 4.99189949e+00
-4.25279187e-03 4.99199581e+00
-4.25040768e-03 4.99196005e+00
-4.26113652e-03 4.99198389e+00
-4.27305745e-03 4.99190998e+00
-4.26471280e-03 4.99191475e+00
-4.24087094e-03 4.99204731e+00
-4.24802350e-03 4.99188280e+00
-4.25040768e-03 4.99182320e+00
-4.24921559e-03 4.99186707e+00
-4.27186536e-03 4.99192333e+00
-4.26828908e-03 4.99185896e+00
-4.24921559e-03 4.99189711e+00
-4.25398396e-03 4.99190283e+00
-4.26113652e-03 4.99178362e+00
-4.26232861e-03 4.99200678e+00
-4.27782582e-03 4.99192190e+00
-4.24444722e-03 4.99195290e+00
-4.25517606e-03 4.99186468e+00
-4.24087094e-03 4.99198055e+00
-4.25279187e-03 4.99181938e+00
-4.24563931e-03 4.99202824e+00
-4.26352071e-03 4.99193525e+00
-4.24802350e-03 4.99190521e+00
-4.23729466e-03 4.99185276e+00
-4.25994443e-03 4.99194336e+00
-4.25159978e-03 4.99196959e+00
-4.27901791e-03 4.99196720e+00
-4.25279187e-03 4.99189806e+00
-4.25398396e-03 4.99195290e+00
-4.26709699e-03 4.99194956e+00
-4.25040768e-03 4.99196148e+00
-4.24802350e-03 4.99200296e+00
-4.25279187e-03 4.99194002e+00
-4.24206303e-03 4.99200058e+00
-4.27305745e-03 4.99195910e+00
-4.25875233e-03 4.99190760e+00
-4.25636815e-03 4.99190187e+00
-4.25517606e-03 4.99209499e+00
-4.25398396e-03 4.99195671e+00
-4.23729466e-03 4.99191475e+00
-4.25994443e-03 4.99194002e+00
-4.25040768e-03 4.99190903e+00
-4.25756024e-03 4.99191952e+00
-4.24325513e-03 4.99195766e+00
-4.25279187e-03 4.99202919e+00
-4.26352071e-03 4.99200678e+00
-4.27305745e-03 4.99183846e+00
-4.27424954e-03 4.99188995e+00
-4.26113652e-03 4.99194098e+00
-4.26352071e-03 4.99197102e+00
-4.26232861e-03 4.99199104e+00
-4.24444722e-03 4.99199486e+00
-4.24206303e-03 4.99193048e+00
-4.25517606e-03 4.99194098e+00
-4.25279187e-03 4.99181938e+00
-4.26232861e-03 4.99199486e+00
-4.24563931e-03 4.99206161e+00
-4.26352071e-03 4.99199486e+00
-4.25159978e-03 4.99189711e+00
-4.24444722e-03 4.99196005e+00
-4.24563931e-03 4.99200916e+00
-4.23967885e-03 4.99211645e+00
-4.24206303e-03 4.99196625e+00
-4.26709699e-03 4.99197435e+00
-4.26948117e-03 4.99204826e+00
-4.24921559e-03 4.99199963e+00
-4.24087094e-03 4.99203539e+00
-4.24563931e-03 4.99181604e+00
-4.24802350e-03 4.99197435e+00
-4.24921559e-03 4.99200296e+00
-4.25636815e-03 4.99190426e+00
-4.26232861e-03 4.99195528e+00
-4.26113652e-03 4.99192190e+00
-4.25636815e-03 4.99195528e+00
-4.25398396e-03 4.99194098e+00
-4.25517606e-03 4.99194574e+00
-4.25159978e-03 4.99198627e+00
-4.27424954e-03 4.99199247e+00
-4.25517606e-03 4.99183512e+00
-4.26471280e-03 4.99196482e+00
-4.25875233e-03 4.99186707e+00
-4.25994443e-03 4.99190426e+00
-4.25517606e-03 4.99196386e+00
-4.25517606e-03 4.99197912e+00
-4.25875233e-03 4.99198532e+00
-4.24563931e-03 4.99204493e+00
-4.23848676e-03 4.99195433e+00
-4.25636815e-03 4.99195910e+00
-4.25994443e-03 4.99187326e+00
-4.25517606e-03 4.99183512e+00
-4.26113652e-03 4.99207211e+00
-4.25040768e-03 4.99197912e+00
-4.26352071e-03 4.99184704e+00
-4.27544164e-03 4.99188375e+00
-4.24802350e-03 4.99194002e+00
-4.27186536e-03 4.99197578e+00
-4.26352071e-03 4.99202442e+00
-4.23014211e-03 4.99187899e+00
-4.26471280e-03 4.99211740e+00
-4.26590489e-03 4.99180746e+00
-4.25040768e-03 4.99194956e+00
-4.26948117e-03 4.99186230e+00
-4.26113652e-03 4.99188995e+00
-4.26471280e-03 4.99200296e+00
-4.24206303e-03 4.99212456e+00
-4.25636815e-03 4.99201965e+00
-4.25398396e-03 4.99185658e+00
-4.24683141e-03 4.99199581e+00
-4.26232861e-03 4.99200439e+00
-4.25636815e-03 4.99192333e+00
-4.25994443e-03 4.99199343e+00
-4.24325513e-03 4.99185896e+00
-4.24802350e-03 4.99176836e+00
-4.25159978e-03 4.99191380e+00
-4.24802350e-03 4.99194956e+00
-4.26352071e-03 4.99185896e+00
-4.23133420e-03 4.99200773e+00
-4.28259419e-03 4.99198627e+00
-4.25398396e-03 4.99188137e+00
-4.24683141e-03 4.99198151e+00
-4.23848676e-03 4.99192190e+00
-4.25756024e-03 4.99185753e+00
-4.24921559e-03 4.99206495e+00
-4.25398396e-03 4.99188375e+00
-4.28140210e-03 4.99178982e+00
-4.28259419e-03 4.99192810e+00
-4.25279187e-03 4.99184561e+00
-4.26113652e-03 4.99197817e+00
-4.25636815e-03 4.99189568e+00
-4.25517606e-03 4.99186230e+00
-4.24325513e-03 4.99199343e+00
-4.25875233e-03 4.99188995e+00
-4.26232861e-03 4.99193048e+00
-4.23967885e-03 4.99194956e+00
-4.25756024e-03 4.99189568e+00
-4.25636815e-03 4.99197435e+00
-4.25159978e-03 4.99189091e+00
-4.25398396e-03 4.99198532e+00
-4.23133420e-03 4.99202347e+00
-4.25398396e-03 4.99186373e+00
-4.25040768e-03 4.99187422e+00
-4.24444722e-03 4.99181223e+00
-4.25279187e-03 4.99190760e+00
-4.26709699e-03 4.99177647e+00
-4.25159978e-03 4.99193621e+00
-4.25279187e-03 4.99190903e+00
-4.25756024e-03 4.99180031e+00
-4.25398396e-03 4.99191236e+00
-4.25636815e-03 4.99178743e+00
-4.25636815e-03 4.99184799e+00
-4.24444722e-03 4.99190044e+00
-4.23729466e-03 4.99192190e+00
-4.25517606e-03 4.99183369e+00
-4.24802350e-03 4.99184704e+00
-4.25040768e-03 4.99178982e+00
-4.24683141e-03 4.99195528e+00
-4.25159978e-03 4.99190521e+00
-4.23371838e-03 4.99188042e+00
-4.25398396e-03 4.99196005e+00
-4.25159978e-03 4.99195766e+00
-4.25517606e-03 4.99194574e+00
-4.24087094e-03 4.99180651e+00
-4.26471280e-03 4.99194717e+00
-4.24563931e-03 4.99188375e+00
-4.25279187e-03 4.99184227e+00
-4.26948117e-03 4.99193621e+00
-4.25279187e-03 4.99196386e+00
-4.26828908e-03 4.99196148e+00
-4.22656583e-03 4.99191475e+00
-4.26590489e-03 4.99192429e+00
-4.25994443e-03 4.99190903e+00
-4.25279187e-03 4.99185753e+00
-4.25159978e-03 4.99190187e+00
-4.24921559e-03 4.99186373e+00
-4.24683141e-03 4.99190664e+00
-4.25875233e-03 4.99200296e+00
-4.25517606e-03 4.99189806e+00
-4.25159978e-03 4.99186611e+00
-4.25875233e-03 4.99185038e+00
-4.25636815e-03 4.99179316e+00
-4.26471280e-03 4.99187422e+00
-4.26590489e-03 4.99192190e+00
-4.25279187e-03 4.99179554e+00
-4.26113652e-03 4.99186134e+00
-4.25398396e-03 4.99188757e+00
-4.25517606e-03 4.99181366e+00
-4.25159978e-03 4.99172401e+00
-4.25040768e-03 4.99183846e+00
-4.24325513e-03 4.99190903e+00
-4.24563931e-03 4.99186945e+00
-4.26113652e-03 4.99193382e+00
-4.25040768e-03 4.99193144e+00
-4.24087094e-03 4.99184227e+00
-4.23491048e-03 4.99191618e+00
-4.25994443e-03 4.99187183e+00
-4.25279187e-03 4.99193382e+00
-4.25875233e-03 4.99177647e+00
-4.24087094e-03 4.99173737e+00
-4.23967885e-03 4.99176598e+00
-4.24683141e-03 4.99183512e+00
-4.25279187e-03 4.99195433e+00
-4.24683141e-03 4.99181938e+00
-4.25040768e-03 4.99178267e+00
-4.26232861e-03 4.99180651e+00
-4.24802350e-03 4.99189234e+00
-4.25756024e-03 4.99187183e+00
-4.24802350e-03 4.99185991e+00
-4.24802350e-03 4.99179316e+00
-4.26590489e-03 4.99188375e+00
-4.25994443e-03 4.99193525e+00
-4.26590489e-03 4.99190044e+00
-4.23252629e-03 4.99169779e+00
-4.25756024e-03 4.99175262e+00
-4.24444722e-03 4.99196386e+00
-4.23848676e-03 4.99180984e+00
-4.23729466e-03 4.99181700e+00
-4.25636815e-03 4.99180174e+00
-4.25875233e-03 4.99175024e+00
-4.27544164e-03 4.99185753e+00
-4.26352071e-03 4.99185991e+00
-4.25994443e-03 4.99172163e+00
-4.23848676e-03 4.99182892e+00
-4.24802350e-03 4.99183750e+00
-4.25398396e-03 4.99181700e+00
-4.23967885e-03 4.99184227e+00
-4.24921559e-03 4.99188852e+00
-4.26471280e-03 4.99164677e+00
-4.25875233e-03 4.99190998e+00
-4.25159978e-03 4.99192667e+00
-4.26113652e-03 4.99178123e+00
-4.26113652e-03 4.99180984e+00
-4.26471280e-03 4.99187088e+00
-4.23848676e-03 4.99178505e+00
-4.24444722e-03 4.99182558e+00
-4.25875233e-03 4.99185991e+00
-4.25398396e-03 4.99191380e+00
-4.24802350e-03 4.99182081e+00
-4.25040768e-03 4.99182320e+00
-4.24206303e-03 4.99178505e+00
-4.23252629e-03 4.99186468e+00
-4.26948117e-03 4.99194002e+00
-4.23610257e-03 4.99177313e+00
-4.23729466e-03 4.99192905e+00
-4.25994443e-03 4.99185038e+00
-4.25517606e-03 4.99183273e+00
-4.23848676e-03 4.99193287e+00
-4.25994443e-03 4.99184799e+00
-4.23848676e-03 4.99179220e+00
-4.25875233e-03 4.99190426e+00
-4.25040768e-03 4.99186230e+00
-4.26590489e-03 4.99197102e+00
-4.26113652e-03 4.99172544e+00
-4.25279187e-03 4.99199820e+00
-4.26471280e-03 4.99186611e+00
-4.25279187e-03 4.99184084e+00
-4.25636815e-03 4.99185276e+00
-4.25994443e-03 4.99186134e+00
-4.25756024e-03 4.99193764e+00
-4.25636815e-03 4.99170971e+00
-4.25398396e-03 4.99174309e+00
-4.25756024e-03 4.99173498e+00
-4.25040768e-03 4.99190187e+00
-4.24563931e-03 4.99186945e+00
-4.23848676e-03 4.99175978e+00
-4.25398396e-03 4.99187422e+00
-4.25875233e-03 4.99185514e+00
-4.25875233e-03 4.99190426e+00
-4.25159978e-03 4.99179077e+00
-4.24087094e-03 4.99182796e+00
-4.25756024e-03 4.99195194e+00
-4.24563931e-03 4.99191236e+00
-4.26471280e-03 4.99185276e+00
-4.26471280e-03 4.99181604e+00
-4.24325513e-03 4.99172544e+00
-4.24683141e-03 4.99186468e+00
-4.25756024e-03 4.99187803e+00
-4.25756024e-03 4.99175882e+00
-4.23967885e-03 4.99175024e+00
-4.25636815e-03 4.99186373e+00
-4.25517606e-03 4.99184227e+00
-4.26590489e-03 4.99180412e+00
-4.25159978e-03 4.99184322e+00
-4.25756024e-03 4.99177885e+00
-4.26948117e-03 4.99191713e+00
-4.25517606e-03 4.99187183e+00
-4.25636815e-03 4.99180412e+00
-4.25040768e-03 4.99170732e+00
-4.24444722e-03 4.99183035e+00
-4.25279187e-03 4.99185991e+00
-4.25159978e-03 4.99199009e+00
-4.25636815e-03 4.99178505e+00
-4.25398396e-03 4.99189091e+00
-4.24563931e-03 4.99179554e+00
-4.26232861e-03 4.99186230e+00
-4.26352071e-03 4.99180889e+00
-4.24325513e-03 4.99185038e+00
-4.25279187e-03 4.99182415e+00
-4.25636815e-03 4.99188042e+00
-4.25279187e-03 4.99166822e+00
-4.25756024e-03 4.99182320e+00
-4.24563931e-03 4.99177170e+00
-4.24802350e-03 4.99177408e+00
-4.25517606e-03 4.99185419e+00
-4.25756024e-03 4.99176359e+00
-4.27544164e-03 4.99184561e+00
-4.24683141e-03 4.99175501e+00
-4.25159978e-03 4.99179935e+00
-4.26590489e-03 4.99174929e+00
-4.25398396e-03 4.99193287e+00
-4.26352071e-03 4.99199963e+00
-4.26828908e-03 4.99195290e+00
-4.23967885e-03 4.99186230e+00
-4.24802350e-03 4.99174547e+00
-4.23610257e-03 4.99188614e+00
-4.25398396e-03 4.99188757e+00
-4.25279187e-03 4.99190903e+00
-4.24325513e-03 4.99183130e+00
-4.27424954e-03 4.99184465e+00
-4.25994443e-03 4.99186134e+00
-4.25517606e-03 4.99194336e+00
-4.25279187e-03 4.99197817e+00
-4.25636815e-03 4.99182320e+00
-4.25636815e-03 4.99182177e+00
-4.25398396e-03 4.99183369e+00
-4.27067326e-03 4.99190187e+00
-4.25994443e-03 4.99193382e+00
-4.25279187e-03 4.99194956e+00
-4.26113652e-03 4.99174309e+00
-4.25398396e-03 4.99189234e+00
-4.24563931e-03 4.99205303e+00
-4.23967885e-03 4.99184465e+00
-4.24087094e-03 4.99180651e+00
-4.25398396e-03 4.99189329e+00
-4.23133420e-03 4.99192810e+00
-4.27186536e-03 4.99192810e+00
-4.25279187e-03 4.99194336e+00
-4.25279187e-03 4.99188852e+00
-4.24802350e-03 4.99192905e+00
-4.23252629e-03 4.99193382e+00
-4.25517606e-03 4.99194336e+00
-4.24087094e-03 4.99193525e+00
-4.26232861e-03 4.99181938e+00
-4.25756024e-03 4.99185276e+00
-4.25398396e-03 4.99187088e+00
-4.23610257e-03 4.99188137e+00
-4.26113652e-03 4.99189568e+00
-4.25279187e-03 4.99195528e+00
-4.26352071e-03 4.99204731e+00
-4.24087094e-03 4.99194241e+00
-4.25756024e-03 4.99175978e+00
-4.25636815e-03 4.99183512e+00
-4.26232861e-03 4.99177170e+00
-4.23491048e-03 4.99183750e+00
-4.25398396e-03 4.99181223e+00
-4.25875233e-03 4.99186468e+00
-4.25517606e-03 4.99178743e+00
-4.25159978e-03 4.99183989e+00
-4.25040768e-03 4.99178600e+00
-4.26232861e-03 4.99190044e+00
-4.25875233e-03 4.99179459e+00
-4.26113652e-03 4.99187803e+00
-4.25756024e-03 4.99181843e+00
-4.27186536e-03 4.99190760e+00
-4.26352071e-03 4.99185991e+00
-4.24683141e-03 4.99176216e+00
-4.23967885e-03 4.99189711e+00
-4.23610257e-03 4.99190044e+00
-4.24563931e-03 4.99203873e+00
-4.26471280e-03 4.99201250e+00
-4.26590489e-03 4.99179935e+00
-4.25040768e-03 4.99181128e+00
-4.24087094e-03 4.99185896e+00
-4.26828908e-03 4.99192572e+00
-4.25040768e-03 4.99170637e+00
-4.25040768e-03 4.99175501e+00
-4.25756024e-03 4.99187422e+00
-4.25517606e-03 4.99188519e+00
-4.24802350e-03 4.99177170e+00
-4.25636815e-03 4.99178839e+00
-4.24921559e-03 4.99184227e+00
-4.25756024e-03 4.99185514e+00
-4.24444722e-03 4.99183607e+00
-4.24206303e-03 4.99185753e+00
-4.25517606e-03 4.99196625e+00
-4.25159978e-03 4.99190664e+00
-4.26113652e-03 4.99184704e+00
-4.24325513e-03 4.99184465e+00
-4.25517606e-03 4.99181366e+00
-4.26113652e-03 4.99185658e+00
-4.25994443e-03 4.99189711e+00
-4.25636815e-03 4.99178743e+00
-4.27305745e-03 4.99177647e+00
-4.26232861e-03 4.99192190e+00
-4.24921559e-03 4.99173594e+00
-4.26709699e-03 4.99185753e+00
-4.25398396e-03 4.99191236e+00
-4.26113652e-03 4.99180746e+00
-4.25159978e-03 4.99187183e+00
-4.24683141e-03 4.99185991e+00
-4.24802350e-03 4.99191475e+00
-4.25279187e-03 4.99200058e+00
-4.26709699e-03 4.99180984e+00
-4.23848676e-03 4.99182892e+00
-4.24325513e-03 4.99183273e+00
-4.26232861e-03 4.99190760e+00
-4.23491048e-03 4.99190283e+00
-4.25875233e-03 4.99171925e+00
-4.25636815e-03 4.99204016e+00
-4.25517606e-03 4.99194002e+00
-4.25875233e-03 4.99193382e+00
-4.26232861e-03 4.99177074e+00
-4.25398396e-03 4.99170256e+00
-4.26113652e-03 4.99197435e+00
-4.25756024e-03 4.99185276e+00
-4.26590489e-03 4.99183846e+00
-4.25398396e-03 4.99187565e+00
-4.25398396e-03 4.99192333e+00
-4.25994443e-03 4.99181604e+00
-4.26352071e-03 4.99196625e+00
-4.25040768e-03 4.99190187e+00
-4.25279187e-03 4.99178123e+00
-4.25040768e-03 4.99193382e+00
-4.25756024e-03 4.99186468e+00
-4.25279187e-03 4.99181223e+00
-4.24683141e-03 4.99187422e+00
-4.25994443e-03 4.99180746e+00
-4.25517606e-03 4.99184322e+00
-4.27186536e-03 4.99176359e+00
-4.25756024e-03 4.99187422e+00
-4.24563931e-03 4.99181700e+00
-4.25398396e-03 4.99191952e+00
-4.25875233e-03 4.99192095e+00
-4.27305745e-03 4.99192572e+00
-4.25517606e-03 4.99179935e+00
-4.24802350e-03 4.99177408e+00
-4.23252629e-03 4.99175644e+00
-4.25398396e-03 4.99192905e+00
-4.26232861e-03 4.99178362e+00
-4.26828908e-03 4.99184227e+00
-4.25756024e-03 4.99181938e+00
-4.25040768e-03 4.99184227e+00
-4.25398396e-03 4.99197912e+00
-4.24921559e-03 4.99193764e+00
-4.25279187e-03 4.99204731e+00
-4.24683141e-03 4.99187660e+00
-4.25398396e-03 4.99178267e+00
-4.26352071e-03 4.99188614e+00
-4.25994443e-03 4.99176598e+00
-4.25636815e-03 4.99182320e+00
-4.23967885e-03 4.99196625e+00
-4.26828908e-03 4.99190283e+00
-4.24683141e-03 4.99189234e+00
-4.26352071e-03 4.99203396e+00
-4.25636815e-03 4.99192810e+00
-4.24087094e-03 4.99177790e+00
-4.25756024e-03 4.99169683e+00
-4.26590489e-03 4.99177885e+00
-4.24563931e-03 4.99195766e+00
-4.26828908e-03 4.99183130e+00
-4.22895001e-03 4.99199724e+00
-4.24206303e-03 4.99186850e+00
-4.25279187e-03 4.99196148e+00
-4.24563931e-03 4.99196148e+00
-4.26828908e-03 4.99182320e+00
-4.25159978e-03 4.99178600e+00
-4.23252629e-03 4.99203634e+00
-4.25040768e-03 4.99182558e+00
-4.25159978e-03 4.99183273e+00
-4.23371838e-03 4.99189711e+00
-4.25756024e-03 4.99196386e+00
-4.24802350e-03 4.99184322e+00
-4.24921559e-03 4.99180889e+00
-4.25159978e-03 4.99191380e+00
-4.25756024e-03 4.99185038e+00
-4.26232861e-03 4.99199247e+00
-4.23371838e-03 4.99198532e+00
-4.26113652e-03 4.99185991e+00
-4.24444722e-03 4.99194098e+00
-4.25636815e-03 4.99202442e+00
-4.24802350e-03 4.99199486e+00
-4.24563931e-03 4.99189806e+00
-4.25875233e-03 4.99186230e+00
-4.23967885e-03 4.99194574e+00
-4.24325513e-03 4.99197912e+00
-4.26232861e-03 4.99187803e+00
-4.25875233e-03 4.99189568e+00
-4.27782582e-03 4.99193525e+00
-4.24325513e-03 4.99199104e+00
-4.26352071e-03 4.99185896e+00
-4.24325513e-03 4.99180651e+00
-4.26590489e-03 4.99188852e+00
-4.26232861e-03 4.99199724e+00
-4.26590489e-03 4.99185181e+00
-4.25994443e-03 4.99197340e+00
-4.24921559e-03 4.99176455e+00
-4.25756024e-03 4.99196386e+00
-4.24921559e-03 4.99193144e+00
-4.25040768e-03 4.99179792e+00
-4.25517606e-03 4.99190664e+00
-4.24563931e-03 4.99189472e+00
-4.26113652e-03 4.99194717e+00
-4.26471280e-03 4.99178267e+00
-4.26232861e-03 4.99185896e+00
-4.25756024e-03 4.99190760e+00
-4.26113652e-03 4.99202204e+00
-4.25159978e-03 4.99186373e+00
-4.24802350e-03 4.99184465e+00
-4.25756024e-03 4.99180508e+00
-4.24683141e-03 4.99201250e+00
-4.25636815e-03 4.99183130e+00
-4.25994443e-03 4.99180651e+00
-4.24206303e-03 4.99189949e+00
-4.26113652e-03 4.99174929e+00
-4.25279187e-03 4.99181128e+00
-4.24087094e-03 4.99182320e+00
-4.26471280e-03 4.99196625e+00
-4.24802350e-03 4.99181700e+00
-4.27067326e-03 4.99188137e+00
-4.26471280e-03 4.99179220e+00
-4.27067326e-03 4.99178982e+00
-4.24206303e-03 4.99192429e+00
-4.24921559e-03 4.99189806e+00
-4.24206303e-03 4.99192333e+00
-4.25636815e-03 4.99186945e+00
-4.24921559e-03 4.99183035e+00
-4.27544164e-03 4.99197435e+00
-4.25636815e-03 4.99183989e+00
-4.25636815e-03 4.99186945e+00
-4.25279187e-03 4.99184084e+00
-4.23491048e-03 4.99176836e+00
-4.25517606e-03 4.99206877e+00
-4.23848676e-03 4.99191952e+00
-4.24563931e-03 4.99184799e+00
-4.25040768e-03 4.99193525e+00
-4.24325513e-03 4.99191952e+00
-4.26113652e-03 4.99188519e+00
-4.25517606e-03 4.99182653e+00
-4.25994443e-03 4.99206257e+00
-4.25636815e-03 4.99192667e+00
-4.25756024e-03 4.99189711e+00
-4.27186536e-03 4.99190283e+00
-4.24802350e-03 4.99198055e+00
-4.24206303e-03 4.99199343e+00
-4.25398396e-03 4.99180889e+00
-4.28259419e-03 4.99179935e+00
-4.25756024e-03 4.99193525e+00
-4.24563931e-03 4.99189091e+00
-4.25756024e-03 4.99191475e+00
-4.25756024e-03 4.99188995e+00
-4.25875233e-03 4.99179316e+00
-4.26113652e-03 4.99172878e+00
-4.25875233e-03 4.99180889e+00
-4.26948117e-03 4.99186230e+00
-4.25636815e-03 4.99184942e+00
-4.24802350e-03 4.99182892e+00
-4.26828908e-03 4.99195910e+00
-4.27424954e-03 4.99193287e+00
-4.25875233e-03 4.99192810e+00
-4.23967885e-03 4.99186373e+00
-4.24921559e-03 4.99185419e+00
-4.26590489e-03 4.99194574e+00
-4.26828908e-03 4.99192095e+00
-4.27186536e-03 4.99190521e+00
-4.24683141e-03 4.99185658e+00
-4.25756024e-03 4.99193859e+00
-4.24206303e-03 4.99185419e+00
-4.26113652e-03 4.99195194e+00
-4.26590489e-03 4.99189329e+00
-4.25636815e-03 4.99188852e+00
-4.23610257e-03 4.99182653e+00
-4.25517606e-03 4.99195528e+00
-4.24802350e-03 4.99189091e+00
-4.25994443e-03 4.99177313e+00
-4.25517606e-03 4.99193525e+00
-4.23252629e-03 4.99184227e+00
-4.24921559e-03 4.99192572e+00
-4.26232861e-03 4.99172306e+00
-4.27305745e-03 4.99176836e+00
-4.24206303e-03 4.99189568e+00
-4.27186536e-03 4.99186373e+00
-4.24563931e-03 4.99191380e+00
-4.25994443e-03 4.99186945e+00
-4.27544164e-03 4.99188375e+00
-4.26113652e-03 4.99192572e+00
-4.26352071e-03 4.99190283e+00
-4.25756024e-03 4.99185038e+00
-4.25040768e-03 4.99194241e+00
-4.25875233e-03 4.99187803e+00
-4.25398396e-03 4.99184704e+00
-4.24087094e-03 4.99190664e+00
-4.25875233e-03 4.99190664e+00
-4.22895001e-03 4.99173594e+00
-4.26828908e-03 4.99204493e+00
-4.25636815e-03 4.99194098e+00
-4.23610257e-03 4.99192333e+00
-4.25040768e-03 4.99197578e+00
-4.26471280e-03 4.99188375e+00
-4.24921559e-03 4.99188042e+00
-4.26590489e-03 4.99195766e+00
-4.25517606e-03 4.99193287e+00
-4.24563931e-03 4.99177074e+00
-4.25159978e-03 4.99192905e+00
-4.26709699e-03 4.99197817e+00
-4.26948117e-03 4.99204493e+00
-4.25756024e-03 4.99184561e+00
-4.25636815e-03 4.99179220e+00
-4.24563931e-03 4.99201012e+00
-4.24563931e-03 4.99187660e+00
-4.24921559e-03 4.99184322e+00
-4.27663373e-03 4.99178362e+00
-4.25994443e-03 4.99192333e+00
-4.26232861e-03 4.99195671e+00
-4.26709699e-03 4.99194479e+00
-4.25517606e-03 4.99185991e+00
-4.26948117e-03 4.99190044e+00
-4.25398396e-03 4.99199581e+00
-4.25875233e-03 4.99204111e+00
-4.26352071e-03 4.99192667e+00
-4.25279187e-03 4.99196720e+00
-4.27186536e-03 4.99192905e+00
-4.26828908e-03 4.99188852e+00
-4.25756024e-03 4.99188852e+00
-4.25279187e-03 4.99202204e+00
-4.23133420e-03 4.99171209e+00
-4.26948117e-03 4.99175739e+00
-4.24921559e-03 4.99196243e+00
-4.25994443e-03 4.99178600e+00
-4.25159978e-03 4.99184465e+00
-4.25875233e-03 4.99190187e+00
-4.26709699e-03 4.99178839e+00
-4.28021001e-03 4.99194956e+00
-4.25040768e-03 4.99191475e+00
-4.24683141e-03 4.99186945e+00
-4.26232861e-03 4.99202681e+00
-4.25040768e-03 4.99181843e+00
-4.26948117e-03 4.99190760e+00
-4.25279187e-03 4.99183130e+00
-4.25517606e-03 4.99183607e+00
-4.26828908e-03 4.99192667e+00
-4.27067326e-03 4.99192333e+00
-4.26471280e-03 4.99193048e+00
-4.25994443e-03 4.99185276e+00
-4.24802350e-03 4.99196243e+00
-4.24563931e-03 4.99192333e+00
-4.26471280e-03 4.99193859e+00
-4.27305745e-03 4.99178600e+00
-4.25159978e-03 4.99190998e+00
-4.25756024e-03 4.99179935e+00
-4.24563931e-03 4.99201965e+00
-4.26590489e-03 4.99193621e+00
-4.25517606e-03 4.99189949e+00
-4.24206303e-03 4.99184322e+00
-4.25994443e-03 4.99188280e+00
-4.26828908e-03 4.99178123e+00
-4.26113652e-03 4.99189568e+00
-4.24325513e-03 4.99187088e+00
-4.27186536e-03 4.99199820e+00
-4.25994443e-03 4.99175167e+00
-4.25994443e-03 4.99197578e+00
-4.24087094e-03 4.99185276e+00
-4.26828908e-03 4.99194956e+00
-4.25159978e-03 4.99194717e+00
-4.26232861e-03 4.99191236e+00
-4.27305745e-03 4.99186468e+00
-4.24444722e-03 4.99193287e+00
-4.26113652e-03 4.99185658e+00
-4.24206303e-03 4.99194717e+00
-4.24921559e-03 4.99184799e+00
-4.26948117e-03 4.99183512e+00
-4.26232861e-03 4.99191141e+00
-4.25517606e-03 4.99207926e+00
-4.26828908e-03 4.99189234e+00
-4.26471280e-03 4.99186850e+00
-4.24325513e-03 4.99184084e+00
-4.26709699e-03 4.99188137e+00
-4.26232861e-03 4.99182892e+00
-4.23967885e-03 4.99185991e+00
-4.26113652e-03 4.99194479e+00
-4.25279187e-03 4.99183989e+00
-4.26948117e-03 4.99191141e+00
-4.26471280e-03 4.99194813e+00
-4.25756024e-03 4.99182558e+00
-4.25040768e-03 4.99178600e+00
-4.26948117e-03 4.99188757e+00
-4.25040768e-03 4.99191952e+00
-4.25756024e-03 4.99189949e+00
-4.23610257e-03 4.99181700e+00
-4.25159978e-03 4.99204254e+00
-4.27186536e-03 4.99191618e+00
-4.26590489e-03 4.99191952e+00
-4.27067326e-03 4.99195194e+00
-4.26232861e-03 4.99190760e+00
-4.25040768e-03 4.99187565e+00
-4.26590489e-03 4.99182415e+00
-4.25636815e-03 4.99180651e+00
-4.24921559e-03 4.99183846e+00
-4.26471280e-03 4.99206400e+00
-4.25398396e-03 4.99186707e+00
-4.25279187e-03 4.99175644e+00
-4.26113652e-03 4.99185038e+00
-4.27186536e-03 4.99179220e+00
-4.26113652e-03 4.99195671e+00
-4.25636815e-03 4.99191236e+00
-4.25279187e-03 4.99188137e+00
-4.27067326e-03 4.99185419e+00
-4.25636815e-03 4.99191380e+00
-4.26232861e-03 4.99185181e+00
-4.24802350e-03 4.99194479e+00
-4.23967885e-03 4.99198294e+00
-4.27544164e-03 4.99183750e+00
-4.25279187e-03 4.99183607e+00
-4.26113652e-03 4.99176598e+00
-4.24683141e-03 4.99181461e+00
-4.25040768e-03 4.99182558e+00
-4.25875233e-03 4.99191856e+00
-4.24802350e-03 4.99193764e+00
-4.25517606e-03 4.99200535e+00
-4.27067326e-03 4.99186373e+00
-4.24444722e-03 4.99201965e+00
-4.25994443e-03 4.99209833e+00
-4.25994443e-03 4.99203539e+00
-4.24206303e-03 4.99194241e+00
-4.25636815e-03 4.99175978e+00
-4.26352071e-03 4.99194717e+00
-4.25398396e-03 4.99196148e+00
-4.25636815e-03 4.99185514e+00
-4.26113652e-03 4.99209833e+00
-4.27067326e-03 4.99181938e+00
-4.26352071e-03 4.99179935e+00
-4.25994443e-03 4.99199486e+00
-4.26948117e-03 4.99192333e+00
-4.24444722e-03 4.99199486e+00
-4.25994443e-03 4.99193859e+00
-4.24087094e-03 4.99181604e+00
-4.24921559e-03 4.99188757e+00
-4.25994443e-03 4.99183512e+00
-4.28140210e-03 4.99196863e+00
-4.27305745e-03 4.99184227e+00
-4.24683141e-03 4.99184227e+00
-4.26352071e-03 4.99190760e+00
-4.23848676e-03 4.99186230e+00
-4.24563931e-03 4.99184561e+00
-4.25756024e-03 4.99196148e+00
-4.25398396e-03 4.99191236e+00
-4.25875233e-03 4.99195766e+00
-4.25756024e-03 4.99187326e+00
-4.26471280e-03 4.99183846e+00
-4.27305745e-03 4.99199724e+00
-4.25040768e-03 4.99182558e+00
-4.25636815e-03 4.99203300e+00
-4.25279187e-03 4.99186134e+00
-4.25159978e-03 4.99192190e+00
-4.26113652e-03 4.99183750e+00
-4.25994443e-03 4.99208879e+00
-4.26352071e-03 4.99202681e+00
-4.26948117e-03 4.99186230e+00
-4.26352071e-03 4.99188137e+00
-4.24683141e-03 4.99193621e+00
-4.25279187e-03 4.99176216e+00
-4.26232861e-03 4.99184942e+00
-4.27067326e-03 4.99183273e+00
-4.26113652e-03 4.99196959e+00
-4.24444722e-03 4.99174547e+00
-4.26232861e-03 4.99187660e+00
-4.24921559e-03 4.99192667e+00
-4.24802350e-03 4.99180508e+00
-4.26113652e-03 4.99188519e+00
-4.23729466e-03 4.99191713e+00
-4.25636815e-03 4.99186945e+00
-4.27544164e-03 4.99189806e+00
-4.25040768e-03 4.99201965e+00
-4.24087094e-03 4.99183750e+00
-4.25994443e-03 4.99196148e+00
-4.26948117e-03 4.99178028e+00
-4.23610257e-03 4.99190903e+00
-4.26828908e-03 4.99190426e+00
-4.25636815e-03 4.99189329e+00
-4.26709699e-03 4.99199247e+00
-4.25994443e-03 4.99184561e+00
-4.22537373e-03 4.99193525e+00
-4.24802350e-03 4.99188995e+00
-4.25994443e-03 4.99191856e+00
-4.25994443e-03 4.99185181e+00
-4.28497838e-03 4.99195051e+00
-4.24087094e-03 4.99191618e+00
-4.24802350e-03 4.99182796e+00
-4.25040768e-03 4.99198627e+00
-4.25279187e-03 4.99194002e+00
-4.24683141e-03 4.99194717e+00
-4.25636815e-03 4.99192572e+00
-4.25875233e-03 4.99200439e+00
-4.26352071e-03 4.99203300e+00
-4.26828908e-03 4.99192667e+00
-4.24802350e-03 4.99188375e+00
-4.25994443e-03 4.99193859e+00
-4.26352071e-03 4.99194956e+00
-4.25279187e-03 4.99184799e+00
-4.25756024e-03 4.99181843e+00
-4.25756024e-03 4.99190903e+00
-4.26232861e-03 4.99183512e+00
-4.26471280e-03 4.99188375e+00
-4.26113652e-03 4.99192572e+00
-4.27424954e-03 4.99196482e+00
-4.26471280e-03 4.99202824e+00
-4.25159978e-03 4.99178362e+00
-4.27305745e-03 4.99197340e+00
-4.26471280e-03 4.99201632e+00
-4.25636815e-03 4.99193859e+00
-4.25994443e-03 4.99179459e+00
-4.24921559e-03 4.99190283e+00
-4.25994443e-03 4.99191952e+00
-4.25040768e-03 4.99190521e+00
-4.24325513e-03 4.99196243e+00
-4.26232861e-03 4.99198151e+00
-4.25398396e-03 4.99198627e+00
-4.25636815e-03 4.99193621e+00
-4.25398396e-03 4.99193287e+00
-4.26948117e-03 4.99198771e+00
-4.27067326e-03 4.99178267e+00
-4.25517606e-03 4.99208546e+00
-4.25517606e-03 4.99194336e+00
-4.26590489e-03 4.99190187e+00
-4.27305745e-03 4.99185181e+00
-4.25517606e-03 4.99184227e+00
-4.25636815e-03 4.99191380e+00
-4.25398396e-03 4.99178267e+00
-4.26113652e-03 4.99187803e+00
-4.25159978e-03 4.99201393e+00
-4.27067326e-03 4.99184704e+00
-4.26828908e-03 4.99193621e+00
-4.25636815e-03 4.99189329e+00
-4.25994443e-03 4.99192333e+00
-4.25875233e-03 4.99203062e+00
-4.25994443e-03 4.99193525e+00
-4.26590489e-03 4.99193621e+00
-4.26590489e-03 4.99200439e+00
-4.24325513e-03 4.99184942e+00
-4.25756024e-03 4.99190903e+00
-4.25279187e-03 4.99199343e+00
-4.26113652e-03 4.99196959e+00
-4.24921559e-03 4.99191952e+00
-4.25875233e-03 4.99196959e+00
-4.24563931e-03 4.99188852e+00
-4.27186536e-03 4.99197435e+00
-4.25756024e-03 4.99175739e+00
-4.26471280e-03 4.99184227e+00
-4.25398396e-03 4.99194717e+00
-4.23133420e-03 4.99180984e+00
-4.24921559e-03 4.99186230e+00
-4.23967885e-03 4.99191713e+00
-4.27186536e-03 4.99172401e+00
-4.25159978e-03 4.99189949e+00
-4.24683141e-03 4.99190903e+00
-4.25994443e-03 4.99181223e+00
-4.24563931e-03 4.99177408e+00
-4.27424954e-03 4.99189329e+00
-4.25875233e-03 4.99167776e+00
-4.25517606e-03 4.99190903e+00
-4.25279187e-03 4.99194241e+00
-4.24683141e-03 4.99191380e+00
-4.24802350e-03 4.99188852e+00
-4.26232861e-03 4.99201155e+00
-4.25279187e-03 4.99193048e+00
-4.23610257e-03 4.99191475e+00
-4.26471280e-03 4.99194813e+00
-4.26590489e-03 4.99191475e+00
-4.26709699e-03 4.99183369e+00
-4.26828908e-03 4.99186945e+00
-4.26948117e-03 4.99183846e+00
-4.26113652e-03 4.99181223e+00
-4.25279187e-03 4.99176216e+00
-4.27186536e-03 4.99183512e+00
-4.27186536e-03 4.99176359e+00
-4.25159978e-03 4.99194956e+00
-4.24921559e-03 4.99183512e+00
-4.25875233e-03 4.99186850e+00
-4.26352071e-03 4.99205542e+00
-4.26709699e-03 4.99198389e+00
-4.27305745e-03 4.99180984e+00
-4.25398396e-03 4.99182653e+00
-4.25875233e-03 4.99178743e+00
-4.26709699e-03 4.99188375e+00
-4.27186536e-03 4.99182558e+00
-4.26948117e-03 4.99191856e+00
-4.26113652e-03 4.99188852e+00
-4.25398396e-03 4.99181938e+00
-4.26232861e-03 4.99189949e+00
-4.26709699e-03 4.99186945e+00
-4.26948117e-03 4.99188137e+00
-4.27663373e-03 4.99188614e+00
-4.26232861e-03 4.99192333e+00
-4.24683141e-03 4.99182796e+00
-4.25875233e-03 4.99180412e+00
-4.27067326e-03 4.99202442e+00
-4.25636815e-03 4.99200296e+00
-4.24683141e-03 4.99182796e+00
-4.26471280e-03 4.99183607e+00
-4.23491048e-03 4.99195671e+00
-4.27544164e-03 4.99179792e+00
-4.25875233e-03 4.99191713e+00
-4.25756024e-03 4.99190283e+00
-4.25756024e-03 4.99197578e+00
-4.27424954e-03 4.99192905e+00
-4.26709699e-03 4.99190426e+00
-4.27305745e-03 4.99177885e+00
-4.25517606e-03 4.99174547e+00
-4.27663373e-03 4.99188137e+00
-4.24325513e-03 4.99188137e+00
-4.27067326e-03 4.99181461e+00
-4.26113652e-03 4.99195433e+00
-4.25159978e-03 4.99194813e+00
-4.25875233e-03 4.99190664e+00
-4.24921559e-03 4.99194956e+00
-4.25994443e-03 4.99192429e+00
-4.26709699e-03 4.99190426e+00
-4.25994443e-03 4.99182558e+00
-4.24563931e-03 4.99187565e+00
-4.25636815e-03 4.99179697e+00
-4.26709699e-03 4.99180746e+00
-4.27544164e-03 4.99199820e+00
-4.26113652e-03 4.99188852e+00
-4.25994443e-03 4.99183989e+00
-4.25636815e-03 4.99191618e+00
-4.23967885e-03 4.99185419e+00
-4.26352071e-03 4.99200916e+00
-4.25994443e-03 4.99186373e+00
-4.27782582e-03 4.99190998e+00
-4.24563931e-03 4.99179697e+00
-4.26352071e-03 4.99177790e+00
-4.26232861e-03 4.99184704e+00
-4.26709699e-03 4.99177313e+00
-4.25398396e-03 4.99194098e+00
-4.27305745e-03 4.99187899e+00
-4.25279187e-03 4.99183750e+00
-4.25875233e-03 4.99201870e+00
-4.26113652e-03 4.99182415e+00
-4.25517606e-03 4.99197817e+00
-4.25636815e-03 4.99181843e+00
-4.24802350e-03 4.99195194e+00
-4.25517606e-03 4.99200773e+00
-4.24802350e-03 4.99182415e+00
-4.24921559e-03 4.99182415e+00
-4.27186536e-03 4.99207211e+00
-4.24921559e-03 4.99186707e+00
-4.25756024e-03 4.99181938e+00
-4.25994443e-03 4.99195910e+00
-4.23729466e-03 4.99188519e+00
-4.26948117e-03 4.99186373e+00
-4.23967885e-03 4.99187183e+00
-4.25636815e-03 4.99180174e+00
-4.26709699e-03 4.99192190e+00
-4.24802350e-03 4.99174929e+00
-4.27186536e-03 4.99195433e+00
-4.25994443e-03 4.99178982e+00
-4.26113652e-03 4.99185181e+00
-4.25875233e-03 4.99194098e+00
-4.25517606e-03 4.99191618e+00
-4.25875233e-03 4.99181461e+00
-4.26828908e-03 4.99194956e+00
-4.27782582e-03 4.99185181e+00
-4.23848676e-03 4.99183607e+00
-4.27067326e-03 4.99178982e+00
-4.25756024e-03 4.99184561e+00
-4.26232861e-03 4.99188375e+00
-4.26709699e-03 4.99195194e+00
-4.25994443e-03 4.99197102e+00
-4.27186536e-03 4.99193382e+00
-4.26232861e-03 4.99187803e+00
-4.24325513e-03 4.99195290e+00
-4.24802350e-03 4.99171352e+00
-4.25517606e-03 4.99189329e+00
-4.25517606e-03 4.99199247e+00
-4.25875233e-03 4.99186850e+00
-4.26471280e-03 4.99185991e+00
-4.26113652e-03 4.99192429e+00
-4.24921559e-03 4.99189568e+00
-4.26352071e-03 4.99188519e+00
-4.24444722e-03 4.99186468e+00
-4.26232861e-03 4.99175262e+00
-4.23729466e-03 4.99198055e+00
-4.25159978e-03 4.99181700e+00
-4.25517606e-03 4.99187422e+00
-4.26232861e-03 4.99193621e+00
-4.25994443e-03 4.99188995e+00
-4.27663373e-03 4.99181366e+00
-4.25994443e-03 4.99201870e+00
-4.24921559e-03 4.99189472e+00
-4.26352071e-03 4.99188280e+00
-4.26948117e-03 4.99191475e+00
-4.25636815e-03 4.99182177e+00
-4.26232861e-03 4.99182892e+00
-4.24921559e-03 4.99194098e+00
-4.24921559e-03 4.99190998e+00
-4.24683141e-03 4.99187899e+00
-4.24921559e-03 4.99197674e+00
-4.25398396e-03 4.99184704e+00
-4.26352071e-03 4.99169540e+00
-4.27186536e-03 4.99186230e+00
-4.27424954e-03 4.99189806e+00
-4.25756024e-03 4.99176598e+00
-4.27305745e-03 4.99187803e+00
-4.24087094e-03 4.99189949e+00
-4.25756024e-03 4.99197912e+00
-4.24802350e-03 4.99188280e+00
-4.26471280e-03 4.99188519e+00
-4.27186536e-03 4.99184799e+00
-4.25279187e-03 4.99185514e+00
-4.24802350e-03 4.99186850e+00
-4.25398396e-03 4.99193525e+00
-4.25279187e-03 4.99184799e+00
-4.24802350e-03 4.99186134e+00
-4.25994443e-03 4.99198294e+00
-4.26709699e-03 4.99192190e+00
-4.25517606e-03 4.99185991e+00
-4.26828908e-03 4.99199343e+00
-4.24563931e-03 4.99192810e+00
-4.26471280e-03 4.99187899e+00
-4.28021001e-03 4.99188995e+00
-4.23967885e-03 4.99181843e+00
-4.25159978e-03 4.99190521e+00
-4.26709699e-03 4.99197578e+00
-4.26471280e-03 4.99184561e+00
-4.25279187e-03 4.99189711e+00
-4.24921559e-03 4.99177647e+00
-4.25994443e-03 4.99194241e+00
-4.25159978e-03 4.99193764e+00
-4.26232861e-03 4.99189091e+00
-4.24921559e-03 4.99181128e+00
-4.25756024e-03 4.99179459e+00
-4.25040768e-03 4.99193048e+00
-4.28021001e-03 4.99191713e+00
-4.26232861e-03 4.99175882e+00
-4.26232861e-03 4.99186611e+00
-4.26352071e-03 4.99188519e+00
-4.26113652e-03 4.99191380e+00
-4.24444722e-03 4.99178123e+00
-4.24921559e-03 4.99193764e+00
-4.23252629e-03 4.99193525e+00
-4.26948117e-03 4.99192572e+00
-4.24921559e-03 4.99192095e+00
-4.26709699e-03 4.99185181e+00
-4.25636815e-03 4.99185896e+00
-4.25398396e-03 4.99193287e+00
-4.26709699e-03 4.99197435e+00
-4.26113652e-03 4.99175978e+00
-4.25159978e-03 4.99186850e+00
-4.25994443e-03 4.99196148e+00
-4.25994443e-03 4.99191952e+00
-4.24563931e-03 4.99190426e+00
-4.25636815e-03 4.99187803e+00
-4.26828908e-03 4.99186850e+00
-4.24921559e-03 4.99174690e+00
-4.25636815e-03 4.99188757e+00
-4.26352071e-03 4.99195528e+00
-4.26828908e-03 4.99187899e+00
-4.25756024e-03 4.99197817e+00
-4.25994443e-03 4.99185419e+00
-4.25517606e-03 4.99189806e+00
-4.24921559e-03 4.99182558e+00
-4.26828908e-03 4.99197102e+00
-4.25875233e-03 4.99185753e+00
-4.25636815e-03 4.99181223e+00
-4.26471280e-03 4.99186611e+00
-4.27424954e-03 4.99179697e+00
-4.27186536e-03 4.99188042e+00
-4.24802350e-03 4.99178982e+00
-4.24921559e-03 4.99173737e+00
-4.26113652e-03 4.99181366e+00
-4.25517606e-03 4.99175262e+00
-4.25279187e-03 4.99191141e+00
-4.25636815e-03 4.99195528e+00
-4.24444722e-03 4.99195290e+00
-4.25756024e-03 4.99189949e+00
-4.25875233e-03 4.99189329e+00
-4.26590489e-03 4.99187088e+00
-4.25875233e-03 4.99188375e+00
-4.25756024e-03 4.99195766e+00
-4.26948117e-03 4.99187326e+00
-4.26352071e-03 4.99178743e+00
-4.26113652e-03 4.99173737e+00
-4.24802350e-03 4.99187183e+00
-4.25040768e-03 4.99183273e+00
-4.25517606e-03 4.99185419e+00
-4.25398396e-03 4.99192095e+00
-4.25875233e-03 4.99188375e+00
-4.24683141e-03 4.99193382e+00
-4.25040768e-03 4.99186230e+00
-4.24921559e-03 4.99191475e+00
-4.25875233e-03 4.99193382e+00
-4.26113652e-03 4.99192190e+00
-4.26709699e-03 4.99183846e+00
-4.25756024e-03 4.99178982e+00
-4.23848676e-03 4.99189329e+00
-4.24683141e-03 4.99175167e+00
-4.27424954e-03 4.99193287e+00
-4.27782582e-03 4.99174070e+00
-4.27782582e-03 4.99188280e+00
-4.24563931e-03 4.99199343e+00
-4.24921559e-03 4.99189568e+00
-4.25159978e-03 4.99195766e+00
-4.25756024e-03 4.99194002e+00
-4.26828908e-03 4.99180984e+00
-4.25756024e-03 4.99183035e+00
-4.26352071e-03 4.99190044e+00
-4.24206303e-03 4.99192810e+00
-4.26471280e-03 4.99205065e+00
-4.25159978e-03 4.99185658e+00
-4.25517606e-03 4.99190283e+00
-4.27424954e-03 4.99190903e+00
-4.25040768e-03 4.99198294e+00
-4.25279187e-03 4.99182415e+00
-4.25398396e-03 4.99198771e+00
-4.24802350e-03 4.99188375e+00
-4.25040768e-03 4.99186134e+00
-4.25517606e-03 4.99195433e+00
-4.26590489e-03 4.99191236e+00
-4.26113652e-03 4.99178743e+00
-4.24921559e-03 4.99185276e+00
-4.25994443e-03 4.99181128e+00
-4.25398396e-03 4.99194574e+00
-4.24444722e-03 4.99191141e+00
-4.25636815e-03 4.99175024e+00
-4.25159978e-03 4.99181223e+00
-4.25994443e-03 4.99194002e+00
-4.25636815e-03 4.99183750e+00
-4.24444722e-03 4.99185753e+00
-4.26352071e-03 4.99186230e+00
-4.26590489e-03 4.99183130e+00
-4.26709699e-03 4.99185753e+00
-4.24921559e-03 4.99177170e+00
-4.25040768e-03 4.99190760e+00
-4.25636815e-03 4.99182415e+00
-4.24206303e-03 4.99178267e+00
-4.24206303e-03 4.99190044e+00
-4.24802350e-03 4.99169064e+00
-4.25875233e-03 4.99185896e+00
-4.23967885e-03 4.99180508e+00
-4.24563931e-03 4.99189329e+00
-4.24563931e-03 4.99185658e+00
-4.25159978e-03 4.99202824e+00
-4.26590489e-03 4.99201250e+00
-4.24683141e-03 4.99180031e+00
-4.26471280e-03 4.99206161e+00
-4.24683141e-03 4.99191952e+00
-4.26113652e-03 4.99199724e+00
-4.26113652e-03 4.99193287e+00
-4.25517606e-03 4.99186611e+00
-4.26113652e-03 4.99182081e+00
-4.25517606e-03 4.99187326e+00
-4.25875233e-03 4.99184322e+00
-4.27663373e-03 4.99179220e+00
-4.25517606e-03 4.99188042e+00
-4.25636815e-03 4.99193859e+00
-4.24563931e-03 4.99202442e+00
-4.26590489e-03 4.99187660e+00
-4.26709699e-03 4.99180889e+00
-4.25040768e-03 4.99185181e+00
-4.25159978e-03 4.99190521e+00
-4.25159978e-03 4.99194717e+00
-4.25636815e-03 4.99185658e+00
-4.25040768e-03 4.99174786e+00
-4.25994443e-03 4.99174309e+00
-4.25636815e-03 4.99180746e+00
-4.28140210e-03 4.99198771e+00
-4.25517606e-03 4.99194717e+00
-4.26828908e-03 4.99186850e+00
-4.26232861e-03 4.99196625e+00
-4.25279187e-03 4.99185038e+00
-4.25636815e-03 4.99189234e+00
-4.23967885e-03 4.99203062e+00
-4.26948117e-03 4.99192667e+00
-4.25756024e-03 4.99188852e+00
-4.25636815e-03 4.99187326e+00
-4.26232861e-03 4.99194241e+00
-4.25398396e-03 4.99185991e+00
-4.25040768e-03 4.99196720e+00
-4.25875233e-03 4.99179554e+00
-4.25517606e-03 4.99193621e+00
-4.24802350e-03 4.99189949e+00
-4.27186536e-03 4.99186373e+00
-4.24325513e-03 4.99182653e+00
-4.26828908e-03 4.99182177e+00
-4.27067326e-03 4.99184227e+00
-4.24563931e-03 4.99187899e+00
-4.24206303e-03 4.99183989e+00
-4.25517606e-03 4.99179697e+00
-4.25398396e-03 4.99195910e+00
-4.24683141e-03 4.99190187e+00
-4.25756024e-03 4.99188280e+00
-4.26352071e-03 4.99182796e+00
-4.26471280e-03 4.99185991e+00
-4.26828908e-03 4.99192572e+00
-4.25756024e-03 4.99175262e+00
-4.26113652e-03 4.99190283e+00
-4.24921559e-03 4.99183750e+00
-4.25279187e-03 4.99178028e+00
-4.25279187e-03 4.99189949e+00
-4.25636815e-03 4.99194813e+00
-4.25517606e-03 4.99191141e+00
-4.26352071e-03 4.99191713e+00
-4.27424954e-03 4.99175644e+00
-4.26471280e-03 4.99185991e+00
-4.25398396e-03 4.99184561e+00
-4.25040768e-03 4.99199247e+00
-4.24683141e-03 4.99192667e+00
-4.25756024e-03 4.99192810e+00
-4.25159978e-03 4.99181128e+00
-4.25994443e-03 4.99173832e+00
-4.25040768e-03 4.99184799e+00
-4.26948117e-03 4.99170494e+00
-4.26113652e-03 4.99181700e+00
-4.24087094e-03 4.99190521e+00
-4.25398396e-03 4.99178743e+00
-4.25994443e-03 4.99187803e+00
-4.24802350e-03 4.99177313e+00
-4.25159978e-03 4.99180412e+00
-4.25159978e-03 4.99180031e+00
-4.25517606e-03 4.99186707e+00
-4.24444722e-03 4.99202347e+00
-4.25159978e-03 4.99180984e+00
-4.26948117e-03 4.99193382e+00
-4.26113652e-03 4.99185658e+00
-4.24802350e-03 4.99195671e+00
-4.26232861e-03 4.99182081e+00
-4.25756024e-03 4.99175501e+00
-4.25517606e-03 4.99189806e+00
-4.27901791e-03 4.99188280e+00
-4.26352071e-03 4.99187660e+00
-4.26113652e-03 4.99186707e+00
-4.26352071e-03 4.99177313e+00
-4.23967885e-03 4.99190044e+00
-4.26471280e-03 4.99179220e+00
-4.25279187e-03 4.99182892e+00
-4.26113652e-03 4.99177885e+00
-4.25994443e-03 4.99181128e+00
-4.25636815e-03 4.99175978e+00
-4.24444722e-03 4.99179697e+00
-4.26113652e-03 4.99184942e+00
-4.25517606e-03 4.99191952e+00
-4.27782582e-03 4.99197435e+00
-4.25756024e-03 4.99182892e+00
-4.26471280e-03 4.99187565e+00
-4.25756024e-03 4.99186373e+00
-4.24802350e-03 4.99176693e+00
-4.25159978e-03 4.99184227e+00
-4.25636815e-03 4.99183035e+00
-4.26709699e-03 4.99196720e+00
-4.24802350e-03 4.99181700e+00
-4.24325513e-03 4.99175882e+00
-4.25756024e-03 4.99194098e+00
-4.24325513e-03 4.99196386e+00
-4.24921559e-03 4.99180508e+00
-4.25398396e-03 4.99191952e+00
-4.26352071e-03 4.99166679e+00
-4.24802350e-03 4.99186230e+00
-4.25517606e-03 4.99183130e+00
-4.24683141e-03 4.99189806e+00
-4.25756024e-03 4.99188519e+00
-4.25875233e-03 4.99195194e+00
-4.26113652e-03 4.99174309e+00
-4.23610257e-03 4.99190664e+00
-4.25517606e-03 4.99184465e+00
-4.24563931e-03 4.99191856e+00
-4.25279187e-03 4.99189091e+00
-4.25994443e-03 4.99187565e+00
-4.24325513e-03 4.99183369e+00
-4.26352071e-03 4.99196005e+00
-4.25517606e-03 4.99168587e+00
-4.25994443e-03 4.99202824e+00
-4.25398396e-03 4.99195194e+00
-4.26590489e-03 4.99193144e+00
-4.22895001e-03 4.99191618e+00
-4.26352071e-03 4.99189949e+00
-4.26471280e-03 4.99190998e+00
-4.25636815e-03 4.99189091e+00
-4.24563931e-03 4.99182796e+00
-4.27663373e-03 4.99192810e+00
-4.25279187e-03 4.99179459e+00
-4.25398396e-03 4.99185419e+00
-4.25159978e-03 4.99197817e+00
-4.24802350e-03 4.99181461e+00
-4.25279187e-03 4.99189568e+00
-4.25756024e-03 4.99184561e+00
-4.25279187e-03 4.99174786e+00
-4.25756024e-03 4.99186850e+00
-4.25040768e-03 4.99180889e+00
-4.25994443e-03 4.99171591e+00
-4.25279187e-03 4.99192810e+00
-4.25636815e-03 4.99197674e+00
-4.24444722e-03 4.99182320e+00
-4.26352071e-03 4.99179697e+00
-4.24563931e-03 4.99175406e+00
-4.25875233e-03 4.99187565e+00
-4.23729466e-03 4.99190044e+00
-4.24921559e-03 4.99185181e+00
-4.25994443e-03 4.99190903e+00
-4.24206303e-03 4.99166107e+00
-4.24683141e-03 4.99193287e+00
-4.24921559e-03 4.99186468e+00
-4.25636815e-03 4.99188614e+00
-4.24325513e-03 4.99193764e+00
-4.26590489e-03 4.99197912e+00
-4.25517606e-03 4.99179459e+00
-4.24683141e-03 4.99184227e+00
-4.26232861e-03 4.99194002e+00
-4.25398396e-03 4.99187565e+00
-4.24325513e-03 4.99189329e+00
-4.25875233e-03 4.99187565e+00
-4.25159978e-03 4.99191380e+00
-4.28259419e-03 4.99175167e+00
-4.23133420e-03 4.99196959e+00
-4.28855466e-03 4.99178839e+00
-4.25636815e-03 4.99189329e+00
-4.23133420e-03 4.99195910e+00
-4.25756024e-03 4.99183130e+00
-4.24325513e-03 4.99186707e+00
-4.27305745e-03 4.99183607e+00
-4.25040768e-03 4.99182177e+00
-4.22775792e-03 4.99188375e+00
-4.26471280e-03 4.99187660e+00
-4.25279187e-03 4.99182892e+00
-4.25159978e-03 4.99173832e+00
-4.25040768e-03 4.99177313e+00
-4.25994443e-03 4.99191952e+00
-4.25279187e-03 4.99194574e+00
-4.25279187e-03 4.99191380e+00
-4.25040768e-03 4.99188614e+00
-4.27544164e-03 4.99195194e+00
-4.24683141e-03 4.99179554e+00
-4.24921559e-03 4.99183273e+00
-4.24683141e-03 4.99196959e+00
-4.24802350e-03 4.99175024e+00
-4.24921559e-03 4.99172783e+00
-4.26113652e-03 4.99188042e+00
-4.23848676e-03 4.99189091e+00
-4.25517606e-03 4.99188375e+00
-4.27782582e-03 4.99189711e+00
-4.25994443e-03 4.99205208e+00
-4.25636815e-03 4.99187565e+00
-4.25279187e-03 4.99181604e+00
-4.23610257e-03 4.99194717e+00
-4.24921559e-03 4.99185658e+00
-4.25159978e-03 4.99189806e+00
-4.25994443e-03 4.99194956e+00
-4.25875233e-03 4.99188137e+00
-4.25040768e-03 4.99190760e+00
-4.26590489e-03 4.99185991e+00
-4.24921559e-03 4.99186850e+00
-4.27424954e-03 4.99178267e+00
-4.24921559e-03 4.99188280e+00
-4.25756024e-03 4.99183273e+00
-4.25875233e-03 4.99182558e+00
-4.24563931e-03 4.99184465e+00
-4.23729466e-03 4.99185276e+00
-4.25517606e-03 4.99179935e+00
-4.24206303e-03 4.99193048e+00
-4.25636815e-03 4.99183512e+00
-4.24206303e-03 4.99183989e+00
-4.27067326e-03 4.99186611e+00
-4.25994443e-03 4.99189806e+00
-4.22418164e-03 4.99185991e+00
-4.25517606e-03 4.99192667e+00
-4.27305745e-03 4.99183989e+00
-4.25756024e-03 4.99180651e+00
-4.27305745e-03 4.99190044e+00
-4.25994443e-03 4.99193525e+00
-4.25279187e-03 4.99191141e+00
-4.25875233e-03 4.99183369e+00
-4.27186536e-03 4.99174929e+00
-4.25994443e-03 4.99192572e+00
-4.23610257e-03 4.99187899e+00
-4.24802350e-03 4.99191380e+00
-4.23967885e-03 4.99178743e+00
-4.28736256e-03 4.99176216e+00
-4.26709699e-03 4.99182892e+00
-4.25159978e-03 4.99183750e+00
-4.25875233e-03 4.99196386e+00
-4.26352071e-03 4.99202681e+00
-4.23610257e-03 4.99190283e+00
-4.25875233e-03 4.99191141e+00
-4.24921559e-03 4.99180508e+00
-4.27067326e-03 4.99164772e+00
-4.24921559e-03 4.99193048e+00
-4.26113652e-03 4.99178123e+00
-4.26828908e-03 4.99188852e+00
-4.26471280e-03 4.99176598e+00
-4.25159978e-03 4.99181700e+00
-4.25636815e-03 4.99183846e+00
-4.24802350e-03 4.99180984e+00
-4.26709699e-03 4.99196148e+00
-4.24087094e-03 4.99188757e+00
-4.26709699e-03 4.99178839e+00
-4.25398396e-03 4.99183273e+00
-4.24563931e-03 4.99174547e+00
-4.25756024e-03 4.99180651e+00
-4.24325513e-03 4.99186707e+00
-4.25279187e-03 4.99197435e+00
-4.26709699e-03 4.99192095e+00
-4.24802350e-03 4.99188614e+00
-4.24802350e-03 4.99185276e+00
-4.24683141e-03 4.99185514e+00
-4.24683141e-03 4.99175501e+00
-4.26113652e-03 4.99191618e+00
-4.28378629e-03 4.99184227e+00
-4.24444722e-03 4.99190903e+00
-4.26590489e-03 4.99194813e+00
-4.25756024e-03 4.99177408e+00
-4.26352071e-03 4.99191618e+00
-4.25875233e-03 4.99190521e+00
-4.25756024e-03 4.99187088e+00
-4.22656583e-03 4.99194574e+00
-4.26590489e-03 4.99198055e+00
-4.26232861e-03 4.99172640e+00
-4.24921559e-03 4.99185753e+00
-4.25279187e-03 4.99190187e+00
-4.24087094e-03 4.99188042e+00
-4.24802350e-03 4.99198532e+00
-4.27186536e-03 4.99199009e+00
-4.25159978e-03 4.99188137e+00
-4.23848676e-03 4.99181604e+00
-4.25159978e-03 4.99184227e+00
-4.25756024e-03 4.99192333e+00
-4.26113652e-03 4.99205208e+00
-4.25040768e-03 4.99198055e+00
-4.23967885e-03 4.99173737e+00
-4.24802350e-03 4.99199963e+00
-4.25636815e-03 4.99199009e+00
-4.23610257e-03 4.99198151e+00
-4.24683141e-03 4.99188280e+00
-4.25994443e-03 4.99196386e+00
-4.25636815e-03 4.99194336e+00
-4.25279187e-03 4.99191618e+00
-4.23610257e-03 4.99184465e+00
-4.26948117e-03 4.99169922e+00
-4.25159978e-03 4.99191713e+00
-4.25875233e-03 4.99182081e+00
-4.24444722e-03 4.99185514e+00
-4.26232861e-03 4.99183273e+00
-4.25756024e-03 4.99184084e+00
-4.26113652e-03 4.99185038e+00
-4.26828908e-03 4.99197435e+00
-4.26352071e-03 4.99188280e+00
-4.24325513e-03 4.99197578e+00
-4.25517606e-03 4.99171114e+00
-4.27782582e-03 4.99179935e+00
-4.25756024e-03 4.99185753e+00
-4.24921559e-03 4.99194574e+00
-4.25398396e-03 4.99178123e+00
-4.25040768e-03 4.99177790e+00
-4.24683141e-03 4.99178505e+00
-4.27782582e-03 4.99173975e+00
-4.26471280e-03 4.99197340e+00
-4.24087094e-03 4.99176598e+00
-4.25994443e-03 4.99181938e+00
-4.26232861e-03 4.99184799e+00
-4.25875233e-03 4.99191713e+00
-4.27782582e-03 4.99175167e+00
-4.25040768e-03 4.99191952e+00
-4.25159978e-03 4.99177074e+00
-4.25040768e-03 4.99180984e+00
-4.26471280e-03 4.99179316e+00
-4.25756024e-03 4.99197912e+00
-4.24087094e-03 4.99196005e+00
-4.25279187e-03 4.99185658e+00
-4.26471280e-03 4.99181938e+00
-4.27067326e-03 4.99172640e+00
-4.26232861e-03 4.99182177e+00
-4.25756024e-03 4.99176836e+00
-4.25875233e-03 4.99191380e+00
-4.23967885e-03 4.99193048e+00
-4.25398396e-03 4.99175882e+00
-4.25994443e-03 4.99193048e+00
-4.26113652e-03 4.99176455e+00
-4.24802350e-03 4.99186373e+00
-4.26948117e-03 4.99191856e+00
-4.24563931e-03 4.99172306e+00
-4.24683141e-03 4.99185181e+00
-4.26948117e-03 4.99183989e+00
-4.24563931e-03 4.99184084e+00
-4.26590489e-03 4.99190998e+00
-4.25756024e-03 4.99197102e+00
-4.25517606e-03 4.99182320e+00
-4.25756024e-03 4.99178123e+00
-4.26352071e-03 4.99186134e+00
-4.22895001e-03 4.99179792e+00
-4.24087094e-03 4.99184465e+00
-4.27067326e-03 4.99186945e+00
-4.26471280e-03 4.99178028e+00
-4.25040768e-03 4.99192333e+00
-4.25279187e-03 4.99188995e+00
-4.25159978e-03 4.99194574e+00
-4.24921559e-03 4.99185514e+00
-4.24206303e-03 4.99189949e+00
-4.26232861e-03 4.99197817e+00
-4.24206303e-03 4.99188519e+00
-4.25517606e-03 4.99197578e+00
-4.25756024e-03 4.99188280e+00
-4.26113652e-03 4.99190760e+00
-4.25159978e-03 4.99171925e+00
-4.23014211e-03 4.99186230e+00
-4.27305745e-03 4.99187422e+00
-4.24325513e-03 4.99183750e+00
-4.25517606e-03 4.99185896e+00
-4.26113652e-03 4.99190903e+00
-4.27305745e-03 4.99191475e+00
-4.23610257e-03 4.99197674e+00
-4.24683141e-03 4.99179935e+00
-4.24683141e-03 4.99185753e+00
-4.25279187e-03 4.99180746e+00
-4.26828908e-03 4.99193048e+00
-4.23967885e-03 4.99178267e+00
-4.26948117e-03 4.99182177e+00
-4.26709699e-03 4.99193287e+00
-4.25517606e-03 4.99176836e+00
-4.26590489e-03 4.99178362e+00
-4.26232861e-03 4.99180651e+00
-4.24563931e-03 4.99197340e+00
-4.25517606e-03 4.99183273e+00
-4.25875233e-03 4.99173832e+00
-4.26590489e-03 4.99196148e+00
-4.26828908e-03 4.99176693e+00
-4.25636815e-03 4.99191713e+00
-4.26709699e-03 4.99178123e+00
-4.25159978e-03 4.99181128e+00
-4.24444722e-03 4.99199820e+00
-4.26113652e-03 4.99188852e+00
-4.24921559e-03 4.99201632e+00
-4.27186536e-03 4.99193048e+00
-4.24444722e-03 4.99201012e+00
-4.26113652e-03 4.99190426e+00
-4.25636815e-03 4.99176836e+00
-4.27424954e-03 4.99185181e+00
-4.24444722e-03 4.99196625e+00
-4.25279187e-03 4.99189568e+00
-4.24802350e-03 4.99190187e+00
-4.23491048e-03 4.99183130e+00
-4.27067326e-03 4.99183273e+00
-4.26232861e-03 4.99191141e+00
-4.25159978e-03 4.99199963e+00
-4.24206303e-03 4.99189329e+00
-4.24683141e-03 4.99197197e+00
-4.24563931e-03 4.99181461e+00
-4.27186536e-03 4.99191475e+00
-4.25756024e-03 4.99187422e+00
-4.24802350e-03 4.99196148e+00
-4.26828908e-03 4.99183273e+00
-4.26948117e-03 4.99192333e+00
-4.25159978e-03 4.99193621e+00
-4.23729466e-03 4.99179697e+00
-4.26590489e-03 4.99190521e+00
-4.27186536e-03 4.99201250e+00
-4.25756024e-03 4.99197674e+00
-4.26113652e-03 4.99181366e+00
-4.23610257e-03 4.99184322e+00
-4.24683141e-03 4.99185658e+00
-4.26113652e-03 4.99184465e+00
-4.25040768e-03 4.99196005e+00
-4.24325513e-03 4.99195051e+00
-4.25517606e-03 4.99176121e+00
-4.25875233e-03 4.99185181e+00
-4.25517606e-03 4.99203873e+00
-4.24325513e-03 4.99199486e+00
-4.23967885e-03 4.99183130e+00
-4.27305745e-03 4.99203396e+00
-4.25636815e-03 4.99180031e+00
-4.25159978e-03 4.99184322e+00
-4.25994443e-03 4.99192810e+00
-4.25398396e-03 4.99190998e+00
-4.26113652e-03 4.99186230e+00
-4.26113652e-03 4.99181223e+00
-4.25279187e-03 4.99180269e+00
-4.25994443e-03 4.99195671e+00
-4.25398396e-03 4.99187326e+00
-4.26113652e-03 4.99196482e+00
-4.25994443e-03 4.99180508e+00
-4.25398396e-03 4.99190521e+00
-4.26471280e-03 4.99191236e+00
-4.25636815e-03 4.99195910e+00
-4.26471280e-03 4.99181843e+00
-4.27901791e-03 4.99186373e+00
-4.26113652e-03 4.99190998e+00
-4.24802350e-03 4.99188614e+00
-4.25994443e-03 4.99183035e+00
-4.23848676e-03 4.99188280e+00
-4.25279187e-03 4.99188757e+00
-4.25398396e-03 4.99189711e+00
-4.25636815e-03 4.99193287e+00
-4.26232861e-03 4.99183750e+00
-4.27544164e-03 4.99193525e+00
-4.25279187e-03 4.99186850e+00
-4.27186536e-03 4.99188280e+00
-4.24921559e-03 4.99180984e+00
-4.25756024e-03 4.99183750e+00
-4.26232861e-03 4.99187899e+00
-4.25398396e-03 4.99188614e+00
-4.25159978e-03 4.99197102e+00
-4.24325513e-03 4.99175978e+00
-4.25398396e-03 4.99180508e+00
-4.26352071e-03 4.99196625e+00
-4.28736256e-03 4.99180508e+00
-4.27424954e-03 4.99193287e+00
-4.25636815e-03 4.99183512e+00
-4.24802350e-03 4.99196243e+00
-4.24802350e-03 4.99185276e+00
-4.26828908e-03 4.99196148e+00
-4.26590489e-03 4.99192810e+00
-4.25279187e-03 4.99188519e+00
-4.26352071e-03 4.99193048e+00
-4.25279187e-03 4.99195528e+00
-4.26352071e-03 4.99188757e+00
-4.26948117e-03 4.99201965e+00
-4.26471280e-03 4.99193525e+00
-4.25994443e-03 4.99190664e+00
-4.25875233e-03 4.99190187e+00
-4.26948117e-03 4.99190283e+00
-4.25159978e-03 4.99183130e+00
-4.26113652e-03 4.99196148e+00
-4.25875233e-03 4.99190760e+00
-4.25636815e-03 4.99178600e+00
-4.26113652e-03 4.99190283e+00
-4.26590489e-03 4.99189806e+00
-4.25875233e-03 4.99198771e+00
-4.26828908e-03 4.99197340e+00
-4.25398396e-03 4.99189711e+00
-4.25159978e-03 4.99185038e+00
-4.23610257e-03 4.99188042e+00
-4.25875233e-03 4.99188042e+00
-4.27424954e-03 4.99201488e+00
-4.27067326e-03 4.99191380e+00
-4.25994443e-03 4.99199247e+00
-4.26352071e-03 4.99191856e+00
-4.25398396e-03 4.99184799e+00
-4.24563931e-03 4.99194098e+00
-4.25040768e-03 4.99183750e+00
-4.27067326e-03 4.99185991e+00
-4.24563931e-03 4.99186611e+00
-4.25756024e-03 4.99191618e+00
-4.27067326e-03 4.99185276e+00
-4.27544164e-03 4.99178362e+00
-4.25159978e-03 4.99193287e+00
-4.26113652e-03 4.99189329e+00
-4.24921559e-03 4.99190187e+00
-4.27305745e-03 4.99194479e+00
-4.26232861e-03 4.99188280e+00
-4.24325513e-03 4.99192810e+00
-4.26113652e-03 4.99192190e+00
-4.25398396e-03 4.99190044e+00
-4.24444722e-03 4.99194098e+00
-4.27067326e-03 4.99204731e+00
-4.26471280e-03 4.99199820e+00
-4.25040768e-03 4.99191618e+00
-4.25756024e-03 4.99183989e+00
-4.24802350e-03 4.99191380e+00
-4.26352071e-03 4.99189806e+00
-4.27067326e-03 4.99191713e+00
-4.26352071e-03 4.99194813e+00
-4.25994443e-03 4.99199820e+00
-4.24563931e-03 4.99198294e+00
-4.26948117e-03 4.99189711e+00
-4.27544164e-03 4.99188280e+00
-4.25398396e-03 4.99176693e+00
-4.26352071e-03 4.99183512e+00
-4.23133420e-03 4.99195194e+00
-4.23848676e-03 4.99191713e+00
-4.26471280e-03 4.99180984e+00
-4.26709699e-03 4.99175882e+00
-4.25517606e-03 4.99179697e+00
-4.24802350e-03 4.99176359e+00
-4.25756024e-03 4.99187326e+00
-4.25875233e-03 4.99190903e+00
-4.25040768e-03 4.99186468e+00
-4.25875233e-03 4.99195766e+00
-4.25756024e-03 4.99180984e+00
-4.27067326e-03 4.99188137e+00
-4.26113652e-03 4.99197102e+00
-4.25398396e-03 4.99185038e+00
-4.24683141e-03 4.99185276e+00
-4.25875233e-03 4.99193382e+00
-4.25756024e-03 4.99192429e+00
-4.26113652e-03 4.99183989e+00
-4.26828908e-03 4.99194241e+00
-4.25756024e-03 4.99178982e+00
-4.23252629e-03 4.99187803e+00
-4.25159978e-03 4.99188280e+00
-4.25159978e-03 4.99194717e+00
-4.27544164e-03 4.99200058e+00
-4.26113652e-03 4.99191856e+00
-4.24087094e-03 4.99190998e+00
-4.25994443e-03 4.99184084e+00
-4.25994443e-03 4.99191713e+00
-4.24206303e-03 4.99193382e+00
-4.26709699e-03 4.99190903e+00
-4.23729466e-03 4.99177313e+00
-4.27544164e-03 4.99185181e+00
-4.26471280e-03 4.99194002e+00
-4.24802350e-03 4.99176693e+00
-4.25398396e-03 4.99188614e+00
-4.25517606e-03 4.99186850e+00
-4.25159978e-03 4.99180651e+00
-4.26352071e-03 4.99191236e+00
-4.26352071e-03 4.99198151e+00
-4.24563931e-03 4.99186468e+00
-4.25040768e-03 4.99183273e+00
-4.24206303e-03 4.99200916e+00
-4.24802350e-03 4.99202919e+00
-4.25875233e-03 4.99201155e+00
-4.25994443e-03 4.99175024e+00
-4.25159978e-03 4.99195910e+00
-4.24325513e-03 4.99187183e+00
-4.24802350e-03 4.99209595e+00
-4.26113652e-03 4.99190044e+00
-4.25398396e-03 4.99180508e+00
-4.26113652e-03 4.99196005e+00
-4.27424954e-03 4.99197340e+00
-4.25875233e-03 4.99192190e+00
-4.26948117e-03 4.99192810e+00
-4.27186536e-03 4.99186373e+00
-4.28140210e-03 4.99194956e+00
-4.27782582e-03 4.99181128e+00
-4.26590489e-03 4.99201155e+00
-4.24206303e-03 4.99187660e+00
-4.25756024e-03 4.99199486e+00
-4.25517606e-03 4.99201155e+00
-4.23967885e-03 4.99200916e+00
-4.23491048e-03 4.99202681e+00
-4.25875233e-03 4.99190903e+00
-4.23014211e-03 4.99190426e+00
-4.25517606e-03 4.99189711e+00
-4.25994443e-03 4.99187899e+00
-4.23491048e-03 4.99194717e+00
-4.25517606e-03 4.99183607e+00
-4.25994443e-03 4.99193287e+00
-4.25159978e-03 4.99182177e+00
-4.25040768e-03 4.99180031e+00
-4.26113652e-03 4.99201870e+00
-4.26948117e-03 4.99200296e+00
-4.25159978e-03 4.99190664e+00
-4.26113652e-03 4.99197817e+00
-4.26352071e-03 4.99199486e+00
-4.25994443e-03 4.99201393e+00
-4.26828908e-03 4.99195910e+00
-4.25636815e-03 4.99190664e+00
-4.25398396e-03 4.99182177e+00
-4.26232861e-03 4.99188995e+00
-4.24802350e-03 4.99178267e+00
-4.24921559e-03 4.99186611e+00
-4.26113652e-03 4.99188042e+00
-4.24563931e-03 4.99184227e+00
-4.24921559e-03 4.99180889e+00
-4.26352071e-03 4.99185181e+00
-4.26948117e-03 4.99197674e+00
-4.25517606e-03 4.99189472e+00
-4.25517606e-03 4.99175978e+00
-4.25517606e-03 4.99187422e+00
-4.25994443e-03 4.99185038e+00
-4.27067326e-03 4.99185514e+00
-4.28617047e-03 4.99189806e+00
-4.23491048e-03 4.99199820e+00
-4.24802350e-03 4.99186945e+00
-4.26590489e-03 4.99192810e+00
-4.24802350e-03 4.99196720e+00
-4.26471280e-03 4.99181128e+00
-4.23133420e-03 4.99190521e+00
-4.24563931e-03 4.99199104e+00
-4.27067326e-03 4.99174547e+00
-4.25994443e-03 4.99186945e+00
-4.26590489e-03 4.99190903e+00
-4.25159978e-03 4.99192429e+00
-4.24683141e-03 4.99193287e+00
-4.25279187e-03 4.99198151e+00
-4.27186536e-03 4.99182415e+00
-4.23610257e-03 4.99183607e+00
-4.25875233e-03 4.99190998e+00
-4.26709699e-03 4.99189711e+00
-4.25398396e-03 4.99186134e+00
-4.26352071e-03 4.99194717e+00
-4.26113652e-03 4.99189949e+00
-4.26471280e-03 4.99188375e+00
-4.28378629e-03 4.99195290e+00
-4.26471280e-03 4.99197102e+00
-4.24444722e-03 4.99192190e+00
-4.26471280e-03 4.99185753e+00
-4.25279187e-03 4.99192190e+00
-4.26948117e-03 4.99195194e+00
-4.26709699e-03 4.99191141e+00
-4.26828908e-03 4.99198532e+00
-4.24563931e-03 4.99196959e+00
-4.26232861e-03 4.99182796e+00
-4.25994443e-03 4.99198389e+00
-4.25279187e-03 4.99183846e+00
-4.25994443e-03 4.99183035e+00
-4.26352071e-03 4.99183273e+00
-4.26232861e-03 4.99187803e+00
-4.26471280e-03 4.99186945e+00
-4.24802350e-03 4.99187565e+00
-4.25279187e-03 4.99194336e+00
-4.25517606e-03 4.99193048e+00
-4.25398396e-03 4.99193764e+00
-4.24444722e-03 4.99181128e+00
-4.24087094e-03 4.99188852e+00
-4.25875233e-03 4.99190426e+00
-4.25040768e-03 4.99194479e+00
-4.26828908e-03 4.99193287e+00
-4.24921559e-03 4.99194336e+00
-4.26113652e-03 4.99199009e+00
-4.25398396e-03 4.99194336e+00
-4.24325513e-03 4.99185514e+00
-4.26590489e-03 4.99180508e+00
-4.26948117e-03 4.99188519e+00
-4.26948117e-03 4.99200201e+00
-4.24921559e-03 4.99184942e+00
-4.25994443e-03 4.99199486e+00
-4.25756024e-03 4.99198055e+00
-4.25159978e-03 4.99180984e+00
-4.26352071e-03 4.99196005e+00
-4.27067326e-03 4.99184561e+00
-4.25279187e-03 4.99178600e+00
-4.26232861e-03 4.99188852e+00
-4.26352071e-03 4.99192572e+00
-4.26232861e-03 4.99199104e+00
-4.26709699e-03 4.99194717e+00
-4.25398396e-03 4.99208641e+00
-4.26232861e-03 4.99185896e+00
-4.25279187e-03 4.99192095e+00
-4.27544164e-03 4.99198055e+00
-4.25636815e-03 4.99203157e+00
-4.24563931e-03 4.99183130e+00
-4.23967885e-03 4.99201155e+00
-4.25398396e-03 4.99194813e+00
-4.28378629e-03 4.99190426e+00
-4.25159978e-03 4.99194479e+00
-4.26948117e-03 4.99201870e+00
-4.25756024e-03 4.99188137e+00
-4.26828908e-03 4.99193764e+00
-4.26709699e-03 4.99204254e+00
-4.25398396e-03 4.99178982e+00
-4.25398396e-03 4.99187326e+00
-4.26232861e-03 4.99190187e+00
-4.24444722e-03 4.99191952e+00
-4.25756024e-03 4.99196243e+00
-4.26828908e-03 4.99170494e+00
-4.25159978e-03 4.99205208e+00
-4.26828908e-03 4.99191952e+00
-4.25279187e-03 4.99196243e+00
-4.25159978e-03 4.99192667e+00
-4.25517606e-03 4.99184799e+00
-4.25398396e-03 4.99192810e+00
-4.25279187e-03 4.99194479e+00
-4.25994443e-03 4.99193525e+00
-4.25636815e-03 4.99186611e+00
-4.29570721e-03 4.99187899e+00
-4.26232861e-03 4.99180174e+00
-4.26352071e-03 4.99179077e+00
-4.27305745e-03 4.99193287e+00
-4.25875233e-03 4.99183607e+00
-4.25756024e-03 4.99177790e+00
-4.25994443e-03 4.99188280e+00
-4.26113652e-03 4.99194098e+00
-4.27782582e-03 4.99197674e+00
-4.25398396e-03 4.99199104e+00
-4.25994443e-03 4.99187088e+00
-4.24802350e-03 4.99194956e+00
-4.27901791e-03 4.99188614e+00
-4.26232861e-03 4.99194002e+00
-4.25040768e-03 4.99194002e+00
-4.25756024e-03 4.99196959e+00
-4.25159978e-03 4.99179459e+00
-4.25279187e-03 4.99200201e+00
-4.28378629e-03 4.99188757e+00
-4.26590489e-03 4.99198389e+00
-4.25994443e-03 4.99196005e+00
-4.24802350e-03 4.99190044e+00
-4.25875233e-03 4.99185419e+00
-4.27305745e-03 4.99192905e+00
-4.25517606e-03 4.99199581e+00
-4.25875233e-03 4.99202347e+00
-4.25159978e-03 4.99197817e+00
-4.26590489e-03 4.99192667e+00
-4.25756024e-03 4.99185991e+00
-4.26948117e-03 4.99190044e+00
-4.26113652e-03 4.99194336e+00
-4.26232861e-03 4.99190283e+00
-4.26352071e-03 4.99199963e+00
-4.25756024e-03 4.99197197e+00
-4.25040768e-03 4.99189091e+00
-4.25159978e-03 4.99201632e+00
-4.25994443e-03 4.99192429e+00
-4.24563931e-03 4.99199343e+00
-4.25994443e-03 4.99181700e+00
-4.25875233e-03 4.99186850e+00
-4.27186536e-03 4.99201250e+00
-4.23967885e-03 4.99194002e+00
-4.23610257e-03 4.99187088e+00
-4.25517606e-03 4.99188852e+00
-4.23371838e-03 4.99197197e+00
-4.26590489e-03 4.99191475e+00
-4.25875233e-03 4.99193764e+00
-4.25756024e-03 4.99194336e+00
-4.26709699e-03 4.99185753e+00
-4.25159978e-03 4.99192190e+00
-4.25398396e-03 4.99187660e+00
-4.25517606e-03 4.99193764e+00
-4.26232861e-03 4.99189234e+00
-4.26113652e-03 4.99196005e+00
-4.26948117e-03 4.99190044e+00
-4.28021001e-03 4.99195766e+00
-4.27544164e-03 4.99182558e+00
-4.24563931e-03 4.99193382e+00
-4.25398396e-03 4.99191856e+00
-4.25517606e-03 4.99192667e+00
-4.25994443e-03 4.99192905e+00
-4.25994443e-03 4.99190044e+00
-4.25994443e-03 4.99195194e+00
-4.26232861e-03 4.99194336e+00
-4.25517606e-03 4.99193287e+00
-4.26113652e-03 4.99193048e+00
-4.26113652e-03 4.99194336e+00
-4.25875233e-03 4.99191713e+00
-4.25279187e-03 4.99197578e+00
-4.25040768e-03 4.99194098e+00
-4.25756024e-03 4.99197817e+00
-4.27782582e-03 4.99186468e+00
-4.28497838e-03 4.99196625e+00
-4.25279187e-03 4.99190426e+00
-4.26709699e-03 4.99195194e+00
-4.26113652e-03 4.99195194e+00
-4.26471280e-03 4.99180651e+00
-4.25398396e-03 4.99194956e+00
-4.25875233e-03 4.99198627e+00
-4.26471280e-03 4.99191236e+00
-4.24683141e-03 4.99186373e+00
-4.26352071e-03 4.99199724e+00
-4.25994443e-03 4.99192333e+00
-4.25994443e-03 4.99188995e+00
-4.25040768e-03 4.99195433e+00
-4.25756024e-03 4.99185419e+00
-4.25159978e-03 4.99193382e+00
-4.25994443e-03 4.99187565e+00
-4.25279187e-03 4.99189234e+00
-4.27067326e-03 4.99184704e+00
-4.26709699e-03 4.99194717e+00
-4.24087094e-03 4.99180508e+00
-4.28497838e-03 4.99187660e+00
-4.26113652e-03 4.99181938e+00
-4.25994443e-03 4.99195194e+00
-4.24206303e-03 4.99193382e+00
-4.24683141e-03 4.99191141e+00
-4.25159978e-03 4.99198294e+00
-4.23133420e-03 4.99187565e+00
-4.25875233e-03 4.99188137e+00
-4.25994443e-03 4.99193382e+00
-4.25636815e-03 4.99198294e+00
-4.25159978e-03 4.99197435e+00
-4.26113652e-03 4.99191618e+00
-4.24206303e-03 4.99198532e+00
-4.23967885e-03 4.99204826e+00
-4.25040768e-03 4.99196482e+00
-4.25756024e-03 4.99192572e+00
-4.25994443e-03 4.99194241e+00
-4.26232861e-03 4.99190998e+00
-4.25398396e-03 4.99199581e+00
-4.27067326e-03 4.99200535e+00
-4.24087094e-03 4.99186611e+00
-4.25040768e-03 4.99200439e+00
-4.25517606e-03 4.99199820e+00
-4.25875233e-03 4.99204969e+00
-4.24444722e-03 4.99194813e+00
-4.25636815e-03 4.99196959e+00
-4.24921559e-03 4.99190283e+00
-4.24921559e-03 4.99206638e+00
-4.25279187e-03 4.99190426e+00
-4.25517606e-03 4.99178839e+00
-4.24683141e-03 4.99189472e+00
-4.26590489e-03 4.99185038e+00
-4.27305745e-03 4.99188519e+00
-4.24802350e-03 4.99181128e+00
-4.26590489e-03 4.99201870e+00
-4.25875233e-03 4.99197912e+00
-4.22537373e-03 4.99194717e+00
-4.26113652e-03 4.99191380e+00
-4.26471280e-03 4.99192429e+00
-4.24802350e-03 4.99182415e+00
-4.25756024e-03 4.99185181e+00
-4.26113652e-03 4.99184561e+00
-4.27663373e-03 4.99192810e+00
-4.24206303e-03 4.99196386e+00
-4.25994443e-03 4.99195671e+00
-4.26828908e-03 4.99205923e+00
-4.24206303e-03 4.99187660e+00
-4.25040768e-03 4.99192667e+00
-4.25756024e-03 4.99186611e+00
-4.24563931e-03 4.99201870e+00
-4.23252629e-03 4.99197674e+00
-4.24563931e-03 4.99191618e+00
-4.25994443e-03 4.99193525e+00
-4.25398396e-03 4.99182177e+00
-4.25994443e-03 4.99191380e+00
-4.24563931e-03 4.99188519e+00
-4.24563931e-03 4.99204111e+00
-4.24683141e-03 4.99191141e+00
-4.25517606e-03 4.99189568e+00
-4.24563931e-03 4.99193859e+00
-4.25636815e-03 4.99193764e+00
-4.24683141e-03 4.99195910e+00
-4.25517606e-03 4.99176598e+00
-4.28378629e-03 4.99177885e+00
-4.26709699e-03 4.99197340e+00
-4.25994443e-03 4.99191618e+00
-4.26590489e-03 4.99194813e+00
-4.25994443e-03 4.99203396e+00
-4.24802350e-03 4.99175262e+00
-4.27424954e-03 4.99192667e+00
-4.27186536e-03 4.99202204e+00
-4.26590489e-03 4.99195290e+00
-4.24563931e-03 4.99181366e+00
-4.25875233e-03 4.99182320e+00
-4.26948117e-03 4.99187565e+00
-4.24206303e-03 4.99193621e+00
-4.26471280e-03 4.99185514e+00
-4.24563931e-03 4.99201393e+00
-4.26232861e-03 4.99190903e+00
-4.24444722e-03 4.99188995e+00
-4.23729466e-03 4.99199963e+00
-4.26709699e-03 4.99195528e+00
-4.26352071e-03 4.99195528e+00
-4.24206303e-03 4.99193382e+00
-4.25279187e-03 4.99189329e+00
-4.27901791e-03 4.99186468e+00
-4.25756024e-03 4.99200773e+00
-4.26113652e-03 4.99188137e+00
-4.26590489e-03 4.99197102e+00
-4.24325513e-03 4.99185753e+00
-4.25875233e-03 4.99181223e+00
-4.27901791e-03 4.99183035e+00
-4.26471280e-03 4.99190760e+00
-4.25636815e-03 4.99205542e+00
-4.25398396e-03 4.99191618e+00
-4.26948117e-03 4.99191475e+00
-4.25636815e-03 4.99188852e+00
-4.25756024e-03 4.99182653e+00
-4.27663373e-03 4.99194479e+00
-4.25875233e-03 4.99195528e+00
-4.27901791e-03 4.99202204e+00
-4.24325513e-03 4.99186945e+00
-4.26113652e-03 4.99197674e+00
-4.24921559e-03 4.99199009e+00
-4.26590489e-03 4.99191236e+00
-4.25159978e-03 4.99183369e+00
-4.28736256e-03 4.99184799e+00
-4.24444722e-03 4.99196148e+00
-4.26471280e-03 4.99189568e+00
-4.25875233e-03 4.99196386e+00
-4.24802350e-03 4.99201870e+00
-4.25159978e-03 4.99197102e+00
-4.24325513e-03 4.99211645e+00
-4.25517606e-03 4.99182653e+00
-4.25636815e-03 4.99173832e+00
-4.24921559e-03 4.99201965e+00
-4.24802350e-03 4.99189949e+00
-4.25994443e-03 4.99192333e+00
-4.23610257e-03 4.99181223e+00
-4.24563931e-03 4.99187326e+00
-4.23729466e-03 4.99193287e+00
-4.23133420e-03 4.99199581e+00
-4.25756024e-03 4.99191618e+00
-4.26352071e-03 4.99189091e+00
-4.23848676e-03 4.99188375e+00
-4.24802350e-03 4.99188852e+00
-4.24444722e-03 4.99188042e+00
-4.26113652e-03 4.99190903e+00
-4.27424954e-03 4.99199486e+00
-4.25279187e-03 4.99186707e+00
-4.27186536e-03 4.99188280e+00
-4.27067326e-03 4.99195433e+00
-4.25756024e-03 4.99189234e+00
-4.24325513e-03 4.99194717e+00
-4.25994443e-03 4.99183035e+00
-4.26709699e-03 4.99194336e+00
-4.24444722e-03 4.99178743e+00
-4.24087094e-03 4.99187660e+00
-4.24087094e-03 4.99177074e+00
-4.26113652e-03 4.99192333e+00
-4.25279187e-03 4.99193048e+00
-4.27544164e-03 4.99197197e+00
-4.25279187e-03 4.99200678e+00
-4.25875233e-03 4.99188375e+00
-4.26709699e-03 4.99182320e+00
-4.25875233e-03 4.99187326e+00
-4.26709699e-03 4.99183512e+00
-4.26352071e-03 4.99195671e+00
-4.24087094e-03 4.99192095e+00
-4.25279187e-03 4.99194813e+00
-4.24563931e-03 4.99199104e+00
-4.24921559e-03 4.99194717e+00
-4.25756024e-03 4.99190998e+00
-4.24802350e-03 4.99201632e+00
-4.25756024e-03 4.99192810e+00
-4.25279187e-03 4.99190426e+00
-4.25279187e-03 4.99179316e+00
-4.27663373e-03 4.99183369e+00
-4.25279187e-03 4.99192667e+00
-4.25398396e-03 4.99203300e+00
-4.24802350e-03 4.99200773e+00
-4.25636815e-03 4.99193621e+00
-4.26828908e-03 4.99190664e+00
-4.26352071e-03 4.99185038e+00
-4.24444722e-03 4.99188757e+00
-4.25636815e-03 4.99197817e+00
-4.25517606e-03 4.99204254e+00
-4.28974675e-03 4.99198866e+00
-4.24325513e-03 4.99191141e+00
-4.26590489e-03 4.99194002e+00
-4.24563931e-03 4.99190664e+00
-4.26113652e-03 4.99187899e+00
-4.24087094e-03 4.99185896e+00
-4.25040768e-03 4.99182320e+00
-4.25756024e-03 4.99199104e+00
-4.24563931e-03 4.99188137e+00
-4.26232861e-03 4.99182415e+00
-4.26948117e-03 4.99193382e+00
-4.28021001e-03 4.99187183e+00
-4.25279187e-03 4.99191380e+00
-4.26471280e-03 4.99193144e+00
-4.25994443e-03 4.99187088e+00
-4.24921559e-03 4.99195910e+00
-4.24683141e-03 4.99193144e+00
-4.26828908e-03 4.99190044e+00
-4.24683141e-03 4.99193048e+00
-4.26709699e-03 4.99195433e+00
-4.25756024e-03 4.99194717e+00
-4.25636815e-03 4.99201965e+00
-4.25636815e-03 4.99196959e+00
-4.26352071e-03 4.99191618e+00
-4.26590489e-03 4.99192667e+00
-4.25040768e-03 4.99193048e+00
-4.26113652e-03 4.99196863e+00
-4.24563931e-03 4.99186945e+00
-4.24325513e-03 4.99197197e+00
-4.25517606e-03 4.99187422e+00
-4.25875233e-03 4.99186373e+00
-4.24087094e-03 4.99196243e+00
-4.26471280e-03 4.99184942e+00
-4.25994443e-03 4.99181700e+00
-4.25756024e-03 4.99185181e+00
-4.23610257e-03 4.99190903e+00
-4.25756024e-03 4.99186468e+00
-4.26471280e-03 4.99184561e+00
-4.24921559e-03 4.99187183e+00
-4.26352071e-03 4.99178982e+00
-4.23371838e-03 4.99189091e+00
-4.24921559e-03 4.99195194e+00
-4.25875233e-03 4.99200439e+00
-4.25040768e-03 4.99190521e+00
-4.25279187e-03 4.99185753e+00
-4.24444722e-03 4.99196482e+00
-4.25994443e-03 4.99182558e+00
-4.24683141e-03 4.99200773e+00
-4.24206303e-03 4.99181128e+00
-4.25040768e-03 4.99187183e+00
-4.25756024e-03 4.99192667e+00
-4.25040768e-03 4.99189711e+00
-4.24802350e-03 4.99198389e+00
-4.26352071e-03 4.99191475e+00
-4.25875233e-03 4.99196005e+00
-4.25279187e-03 4.99186850e+00
-4.25517606e-03 4.99197674e+00
-4.26709699e-03 4.99188852e+00
-4.26948117e-03 4.99184227e+00
-4.25636815e-03 4.99184704e+00
-4.24563931e-03 4.99188757e+00
-4.25994443e-03 4.99199247e+00
-4.26113652e-03 4.99185276e+00
-4.26828908e-03 4.99207354e+00
-4.26352071e-03 4.99194574e+00
-4.25517606e-03 4.99191856e+00
-4.26113652e-03 4.99183512e+00
-4.26948117e-03 4.99198389e+00
-4.25756024e-03 4.99196386e+00
-4.25159978e-03 4.99205208e+00
-4.26471280e-03 4.99208403e+00
-4.24325513e-03 4.99187326e+00
-4.25636815e-03 4.99201155e+00
-4.28021001e-03 4.99194813e+00
-4.24563931e-03 4.99191713e+00
-4.26352071e-03 4.99195051e+00
-4.24087094e-03 4.99194241e+00
-4.26590489e-03 4.99206972e+00
-4.25636815e-03 4.99195766e+00
-4.23848676e-03 4.99201632e+00
-4.25756024e-03 4.99183846e+00
-4.27901791e-03 4.99200535e+00
-4.25994443e-03 4.99196625e+00
-4.24921559e-03 4.99197340e+00
-4.25756024e-03 4.99190187e+00
-4.24206303e-03 4.99196148e+00
-4.28140210e-03 4.99194813e+00
-4.25517606e-03 4.99191856e+00
-4.27305745e-03 4.99188519e+00
-4.25636815e-03 4.99200773e+00
-4.26352071e-03 4.99206877e+00
-4.25875233e-03 4.99205065e+00
-4.24683141e-03 4.99200058e+00
-4.26352071e-03 4.99192333e+00
-4.24563931e-03 4.99192810e+00
-4.26471280e-03 4.99183512e+00
-4.25398396e-03 4.99196243e+00
-4.26709699e-03 4.99189568e+00
-4.25994443e-03 4.99196005e+00
-4.26113652e-03 4.99197340e+00
-4.25159978e-03 4.99185419e+00
-4.24683141e-03 4.99201965e+00
-4.25398396e-03 4.99204254e+00
-4.25279187e-03 4.99196005e+00
-4.25159978e-03 4.99188757e+00
-4.25040768e-03 4.99189329e+00
-4.25636815e-03 4.99202108e+00
-4.25636815e-03 4.99193287e+00
-4.25159978e-03 4.99191475e+00
-4.25875233e-03 4.99214745e+00
-4.25517606e-03 4.99204016e+00
-4.24683141e-03 4.99194813e+00
-4.26709699e-03 4.99193525e+00
-4.26590489e-03 4.99187565e+00
-4.25994443e-03 4.99195433e+00
-4.25040768e-03 4.99207449e+00
-4.24683141e-03 4.99198294e+00
-4.24325513e-03 4.99177313e+00
-4.25040768e-03 4.99190664e+00
-4.24683141e-03 4.99201632e+00
-4.25994443e-03 4.99200678e+00
-4.26232861e-03 4.99210310e+00
-4.24921559e-03 4.99187422e+00
-4.26828908e-03 4.99187660e+00
-4.25517606e-03 4.99188280e+00
-4.25875233e-03 4.99188519e+00
-4.26113652e-03 4.99204254e+00
-4.27305745e-03 4.99202824e+00
-4.25398396e-03 4.99210453e+00
-4.26709699e-03 4.99188280e+00
-4.25279187e-03 4.99197435e+00
-4.23967885e-03 4.99194956e+00
-4.25756024e-03 4.99209976e+00
-4.26113652e-03 4.99194479e+00
-4.26232861e-03 4.99195051e+00
-4.24563931e-03 4.99188995e+00
-4.24206303e-03 4.99202442e+00
-4.25994443e-03 4.99203062e+00
-4.26828908e-03 4.99187899e+00
-4.25636815e-03 4.99194479e+00
-4.25875233e-03 4.99195671e+00
-4.26948117e-03 4.99199581e+00
-4.26471280e-03 4.99199963e+00
-4.26709699e-03 4.99205303e+00
-4.24206303e-03 4.99196148e+00
-4.24921559e-03 4.99199581e+00
-4.26590489e-03 4.99196482e+00
-4.26590489e-03 4.99189329e+00
-4.26113652e-03 4.99189949e+00
-4.24921559e-03 4.99192572e+00
-4.27424954e-03 4.99207115e+00
-4.25159978e-03 4.99200678e+00
-4.25875233e-03 4.99187422e+00
-4.26590489e-03 4.99179077e+00
-4.25040768e-03 4.99188995e+00
-4.24563931e-03 4.99191141e+00
-4.24563931e-03 4.99188852e+00
-4.24087094e-03 4.99189949e+00
-4.26590489e-03 4.99190426e+00
-4.26352071e-03 4.99186945e+00
-4.25994443e-03 4.99194002e+00
-4.26590489e-03 4.99195910e+00
-4.24802350e-03 4.99189711e+00
-4.23491048e-03 4.99200916e+00
-4.26352071e-03 4.99187803e+00
-4.27067326e-03 4.99207211e+00
-4.25159978e-03 4.99183607e+00
-4.28378629e-03 4.99211407e+00
-4.25875233e-03 4.99198151e+00
-4.24206303e-03 4.99186850e+00
-4.26352071e-03 4.99196243e+00
-4.26828908e-03 4.99199343e+00
-4.25517606e-03 4.99199963e+00
-4.25517606e-03 4.99188757e+00
-4.24683141e-03 4.99196863e+00
-4.25040768e-03 4.99199247e+00
-4.24802350e-03 4.99210453e+00
-4.25994443e-03 4.99185753e+00
-4.26590489e-03 4.99199820e+00
-4.25398396e-03 4.99197817e+00
-4.26232861e-03 4.99207354e+00
-4.25994443e-03 4.99205065e+00
-4.25994443e-03 4.99191475e+00
-4.26113652e-03 4.99197674e+00
-4.25875233e-03 4.99188995e+00
-4.26352071e-03 4.99194336e+00
-4.24802350e-03 4.99204731e+00
-4.24087094e-03 4.99196959e+00
-4.28736256e-03 4.99203062e+00
-4.25398396e-03 4.99195290e+00
-4.23610257e-03 4.99189806e+00
-4.25517606e-03 4.99188375e+00
-4.28021001e-03 4.99203634e+00
-4.27305745e-03 4.99200296e+00
-4.25398396e-03 4.99188852e+00
-4.25875233e-03 4.99178600e+00
-4.26232861e-03 4.99182796e+00
-4.25875233e-03 4.99199104e+00
-4.27305745e-03 4.99198151e+00
-4.24444722e-03 4.99196863e+00
-4.26471280e-03 4.99202585e+00
-4.25636815e-03 4.99185753e+00
-4.26352071e-03 4.99197578e+00
-4.25279187e-03 4.99189472e+00
-4.25875233e-03 4.99190760e+00
-4.25517606e-03 4.99194336e+00
-4.26113652e-03 4.99182177e+00
-4.25517606e-03 4.99193287e+00
-4.25398396e-03 4.99187660e+00
-4.25994443e-03 4.99187565e+00
-4.27663373e-03 4.99198532e+00
-4.25040768e-03 4.99198294e+00
-4.25159978e-03 4.99192905e+00
-4.26709699e-03 4.99190664e+00
-4.26828908e-03 4.99190187e+00
-4.26828908e-03 4.99190044e+00
-4.26709699e-03 4.99190998e+00
-4.26471280e-03 4.99178839e+00
-4.26232861e-03 4.99194002e+00
-4.24683141e-03 4.99196386e+00
-4.27901791e-03 4.99187422e+00
-4.24683141e-03 4.99191713e+00
-4.24563931e-03 4.99186373e+00
-4.26590489e-03 4.99183369e+00
-4.24921559e-03 4.99187660e+00
-4.25636815e-03 4.99205065e+00
-4.26113652e-03 4.99190760e+00
-4.24802350e-03 4.99201632e+00
-4.25875233e-03 4.99194717e+00
-4.25398396e-03 4.99189568e+00
-4.26590489e-03 4.99207354e+00
-4.24444722e-03 4.99201965e+00
-4.27067326e-03 4.99204731e+00
-4.25756024e-03 4.99200535e+00
-4.24206303e-03 4.99192905e+00
-4.27305745e-03 4.99194336e+00
-4.23252629e-03 4.99204493e+00
-4.25875233e-03 4.99202824e+00
-4.24921559e-03 4.99196005e+00
-4.26709699e-03 4.99197435e+00
-4.24325513e-03 4.99198294e+00
-4.26232861e-03 4.99206018e+00
-4.23610257e-03 4.99191141e+00
-4.25040768e-03 4.99191475e+00
-4.24802350e-03 4.99192905e+00
-4.24921559e-03 4.99190903e+00
-4.26352071e-03 4.99196863e+00
-4.25756024e-03 4.99175262e+00
-4.25040768e-03 4.99186134e+00
-4.26232861e-03 4.99196243e+00
-4.25517606e-03 4.99200916e+00
-4.27544164e-03 4.99188995e+00
-4.25636815e-03 4.99188852e+00
-4.25040768e-03 4.99192905e+00
-4.24087094e-03 4.99190283e+00
-4.26113652e-03 4.99203157e+00
-4.25159978e-03 4.99192572e+00
-4.25040768e-03 4.99196148e+00
-4.25398396e-03 4.99186230e+00
-4.23371838e-03 4.99184942e+00
-4.25517606e-03 4.99186468e+00
-4.25994443e-03 4.99204588e+00
-4.25636815e-03 4.99192429e+00
-4.24921559e-03 4.99194479e+00
-4.24206303e-03 4.99197102e+00
-4.25517606e-03 4.99203062e+00
-4.24921559e-03 4.99195051e+00
-4.27186536e-03 4.99199963e+00
-4.26113652e-03 4.99198627e+00
-4.26232861e-03 4.99181223e+00
-4.26471280e-03 4.99196625e+00
-4.24206303e-03 4.99195433e+00
-4.24683141e-03 4.99202919e+00
-4.25517606e-03 4.99200678e+00
-4.25517606e-03 4.99201870e+00
-4.24802350e-03 4.99197102e+00
-4.25398396e-03 4.99192429e+00
-4.25875233e-03 4.99189234e+00
-4.25636815e-03 4.99201393e+00
-4.25279187e-03 4.99213791e+00
-4.26352071e-03 4.99201393e+00
-4.25517606e-03 4.99201632e+00
-4.26590489e-03 4.99184799e+00
-4.25517606e-03 4.99200535e+00
-4.24802350e-03 4.99191713e+00
-4.26948117e-03 4.99193621e+00
-4.23610257e-03 4.99202585e+00
-4.25040768e-03 4.99203634e+00
-4.24444722e-03 4.99197102e+00
-4.24563931e-03 4.99200916e+00
-4.25994443e-03 4.99207449e+00
-4.24921559e-03 4.99201250e+00
-4.26113652e-03 4.99196959e+00
-4.25517606e-03 4.99183750e+00
-4.25517606e-03 4.99203396e+00
-4.25994443e-03 4.99185276e+00
-4.27544164e-03 4.99192095e+00
-4.25517606e-03 4.99199247e+00
-4.26590489e-03 4.99199486e+00
-4.25875233e-03 4.99189949e+00
-4.26590489e-03 4.99205303e+00
-4.23967885e-03 4.99194098e+00
-4.25398396e-03 4.99190521e+00
-4.23014211e-03 4.99203539e+00
-4.24444722e-03 4.99202204e+00
-4.27067326e-03 4.99201393e+00
-4.26709699e-03 4.99196863e+00
-4.26828908e-03 4.99197102e+00
-4.26471280e-03 4.99184465e+00
-4.25279187e-03 4.99193525e+00
-4.25756024e-03 4.99187183e+00
-4.27782582e-03 4.99189091e+00
-4.25636815e-03 4.99196625e+00
-4.27424954e-03 4.99197102e+00
-4.25756024e-03 4.99203396e+00
-4.26113652e-03 4.99205685e+00
-4.26352071e-03 4.99190998e+00
-4.24921559e-03 4.99185038e+00
-4.24683141e-03 4.99203777e+00
-4.24683141e-03 4.99194336e+00
-4.25159978e-03 4.99185419e+00
-4.23610257e-03 4.99197578e+00
-4.25994443e-03 4.99199343e+00
-4.25279187e-03 4.99197912e+00
-4.25279187e-03 4.99198771e+00
-4.26590489e-03 4.99198294e+00
-4.26232861e-03 4.99193764e+00
-4.25636815e-03 4.99198151e+00
-4.24087094e-03 4.99194813e+00
-4.27424954e-03 4.99195194e+00
-4.25040768e-03 4.99188375e+00
-4.23967885e-03 4.99197102e+00
-4.26352071e-03 4.99200535e+00
-4.25875233e-03 4.99202919e+00
-4.26471280e-03 4.99201488e+00
-4.26590489e-03 4.99200916e+00
-4.26471280e-03 4.99196005e+00
-4.24921559e-03 4.99194002e+00
-4.25636815e-03 4.99192667e+00
-4.26471280e-03 4.99216032e+00
-4.25875233e-03 4.99181700e+00
-4.24921559e-03 4.99192429e+00
-4.26948117e-03 4.99204493e+00
-4.26828908e-03 4.99193525e+00
-4.25040768e-03 4.99217701e+00
-4.25756024e-03 4.99198771e+00
-4.25517606e-03 4.99210691e+00
-4.24087094e-03 4.99202585e+00
-4.28259419e-03 4.99199724e+00
-4.24921559e-03 4.99202681e+00
-4.25040768e-03 4.99180651e+00
-4.25636815e-03 4.99187565e+00
-4.26113652e-03 4.99201393e+00
-4.25040768e-03 4.99191952e+00
-4.27186536e-03 4.99194479e+00
-4.24683141e-03 4.99193382e+00
-4.24563931e-03 4.99206018e+00
-4.25040768e-03 4.99200916e+00
-4.25517606e-03 4.99193287e+00
-4.24206303e-03 4.99206972e+00
-4.25040768e-03 4.99195671e+00
-4.25279187e-03 4.99195194e+00
-4.25517606e-03 4.99195051e+00
-4.25994443e-03 4.99200773e+00
-4.25875233e-03 4.99188042e+00
-4.24802350e-03 4.99188280e+00
-4.24921559e-03 4.99196720e+00
-4.26232861e-03 4.99188519e+00
-4.26828908e-03 4.99201155e+00
-4.25279187e-03 4.99192429e+00
-4.27663373e-03 4.99187899e+00
-4.24206303e-03 4.99211264e+00
-4.26352071e-03 4.99221182e+00
-4.24921559e-03 4.99194336e+00
-4.26590489e-03 4.99214983e+00
-4.25159978e-03 4.99190521e+00
-4.24921559e-03 4.99200678e+00
-4.26232861e-03 4.99202442e+00
-4.23610257e-03 4.99203062e+00
-4.26232861e-03 4.99200678e+00
-4.27067326e-03 4.99188519e+00
-4.26113652e-03 4.99205446e+00
-4.24444722e-03 4.99208546e+00
-4.27424954e-03 4.99198627e+00
-4.27067326e-03 4.99193859e+00
-4.25040768e-03 4.99186945e+00
-4.25398396e-03 4.99195194e+00
-4.25756024e-03 4.99204016e+00
-4.25159978e-03 4.99207592e+00
-4.25994443e-03 4.99201632e+00
-4.25517606e-03 4.99198532e+00
-4.26828908e-03 4.99213076e+00
-4.25875233e-03 4.99193621e+00
-4.25159978e-03 4.99194717e+00
-4.25279187e-03 4.99218798e+00
-4.25875233e-03 4.99198532e+00
-4.28259419e-03 4.99187422e+00
-4.25398396e-03 4.99191856e+00
-4.24087094e-03 4.99201727e+00
-4.27663373e-03 4.99195766e+00
-4.27424954e-03 4.99189091e+00
-4.25040768e-03 4.99206877e+00
-4.25159978e-03 4.99212837e+00
-4.27544164e-03 4.99199581e+00
-4.25159978e-03 4.99195433e+00
-4.26232861e-03 4.99193525e+00
-4.25756024e-03 4.99197674e+00
-4.29928349e-03 4.99191380e+00
-4.25517606e-03 4.99205065e+00
-4.24921559e-03 4.99207115e+00
-4.25994443e-03 4.99196386e+00
-4.26352071e-03 4.99189711e+00
-4.24802350e-03 4.99193859e+00
-4.26948117e-03 4.99214363e+00
-4.26113652e-03 4.99197674e+00
-4.25756024e-03 4.99206734e+00
-4.25756024e-03 4.99214029e+00
-4.27067326e-03 4.99193287e+00
-4.25517606e-03 4.99196863e+00
-4.25756024e-03 4.99194813e+00
-4.26113652e-03 4.99195433e+00
-4.26232861e-03 4.99185181e+00
-4.23729466e-03 4.99193144e+00
-4.25875233e-03 4.99206495e+00
-4.26113652e-03 4.99191713e+00
-4.25279187e-03 4.99185181e+00
-4.27067326e-03 4.99182558e+00
-4.25040768e-03 4.99200201e+00
-4.25159978e-03 4.99193764e+00
-4.26948117e-03 4.99188614e+00
-4.25040768e-03 4.99197435e+00
-4.24683141e-03 4.99203634e+00
-4.27305745e-03 4.99197578e+00
-4.24444722e-03 4.99178505e+00
-4.26232861e-03 4.99198294e+00
-4.25875233e-03 4.99200439e+00
-4.24802350e-03 4.99201870e+00
-4.24921559e-03 4.99194241e+00
-4.27186536e-03 4.99201632e+00
-4.26828908e-03 4.99203873e+00
-4.26471280e-03 4.99195290e+00
-4.25636815e-03 4.99190044e+00
-4.27782582e-03 4.99203157e+00
-4.24802350e-03 4.99196005e+00
-4.25636815e-03 4.99200439e+00
-4.27782582e-03 4.99204588e+00
-4.24683141e-03 4.99185896e+00
-4.25398396e-03 4.99208879e+00
-4.26709699e-03 4.99206257e+00
-4.27544164e-03 4.99190187e+00
-4.25159978e-03 4.99194002e+00
-4.25159978e-03 4.99196148e+00
-4.26113652e-03 4.99193859e+00
-4.27663373e-03 4.99207115e+00
-4.26352071e-03 4.99202347e+00
-4.25159978e-03 4.99199009e+00
-4.25279187e-03 4.99195051e+00
-4.26828908e-03 4.99209499e+00
-4.24444722e-03 4.99197102e+00
-4.25398396e-03 4.99189949e+00
-4.25875233e-03 4.99199104e+00
-4.26232861e-03 4.99182081e+00
-4.24206303e-03 4.99206638e+00
-4.26352071e-03 4.99200296e+00
-4.26113652e-03 4.99201155e+00
-4.27544164e-03 4.99202347e+00
-4.24921559e-03 4.99196959e+00
-4.24921559e-03 4.99195433e+00
-4.25756024e-03 4.99194098e+00
-4.23848676e-03 4.99219275e+00
-4.25636815e-03 4.99209118e+00
-4.25636815e-03 4.99188375e+00
-4.25636815e-03 4.99191618e+00
-4.25875233e-03 4.99199104e+00
-4.24921559e-03 4.99204969e+00
-4.24802350e-03 4.99204350e+00
-4.29213094e-03 4.99189091e+00
-4.26709699e-03 4.99199724e+00
-4.25279187e-03 4.99190760e+00
-4.26590489e-03 4.99195290e+00
-4.28855466e-03 4.99195194e+00
-4.25279187e-03 4.99196482e+00
-4.24325513e-03 4.99202347e+00
-4.25517606e-03 4.99202681e+00
-4.26471280e-03 4.99189711e+00
-4.25398396e-03 4.99197578e+00
-4.26590489e-03 4.99194336e+00
-4.25398396e-03 4.99198055e+00
-4.24802350e-03 4.99202585e+00
-4.26709699e-03 4.99192810e+00
-4.26948117e-03 4.99202824e+00
-4.25994443e-03 4.99203300e+00
-4.26113652e-03 4.99212694e+00
-4.24563931e-03 4.99201965e+00
-4.25994443e-03 4.99201012e+00
-4.26709699e-03 4.99203062e+00
-4.27067326e-03 4.99209023e+00
-4.25279187e-03 4.99197674e+00
-4.25875233e-03 4.99185896e+00
-4.24921559e-03 4.99199486e+00
-4.28378629e-03 4.99189568e+00
-4.25159978e-03 4.99199820e+00
-4.25875233e-03 4.99204588e+00
-4.27901791e-03 4.99201155e+00
-4.26471280e-03 4.99207115e+00
-4.26471280e-03 4.99209738e+00
-4.24921559e-03 4.99202585e+00
-4.25398396e-03 4.99201632e+00
-4.26948117e-03 4.99184942e+00
-4.25756024e-03 4.99214125e+00
-4.25994443e-03 4.99203873e+00
-4.25756024e-03 4.99196959e+00
-4.24921559e-03 4.99204731e+00
-4.24802350e-03 4.99195433e+00
-4.25994443e-03 4.99222612e+00
-4.26471280e-03 4.99196386e+00
-4.23967885e-03 4.99192667e+00
-4.26113652e-03 4.99201965e+00
-4.26352071e-03 4.99204350e+00
-4.25517606e-03 4.99203634e+00
-4.26352071e-03 4.99199247e+00
-4.26471280e-03 4.99198294e+00
-4.25994443e-03 4.99186945e+00
-4.24921559e-03 4.99195194e+00
-4.23610257e-03 4.99198055e+00
-4.25517606e-03 4.99200296e+00
-4.26471280e-03 4.99191952e+00
-4.28617047e-03 4.99186945e+00
-4.26352071e-03 4.99199724e+00
-4.25636815e-03 4.99199247e+00
-4.26113652e-03 4.99191236e+00
-4.26709699e-03 4.99198055e+00
-4.26471280e-03 4.99195528e+00
-4.25279187e-03 4.99189234e+00
-4.28974675e-03 4.99197817e+00
-4.23610257e-03 4.99194813e+00
-4.25756024e-03 4.99209738e+00
-4.25279187e-03 4.99199247e+00
-4.26471280e-03 4.99191713e+00
-4.26709699e-03 4.99195051e+00
-4.25159978e-03 4.99194336e+00
-4.26828908e-03 4.99211979e+00
-4.25398396e-03 4.99209023e+00
-4.26113652e-03 4.99203634e+00
-4.25398396e-03 4.99192333e+00
-4.28378629e-03 4.99206638e+00
-4.25398396e-03 4.99212599e+00
-4.26232861e-03 4.99184322e+00
-4.24563931e-03 4.99197102e+00
-4.27067326e-03 4.99185896e+00
-4.24802350e-03 4.99197912e+00
-4.25517606e-03 4.99207592e+00
-4.25875233e-03 4.99196005e+00
-4.23014211e-03 4.99187803e+00
-4.26352071e-03 4.99197340e+00
-4.25994443e-03 4.99203396e+00
-4.24802350e-03 4.99208307e+00
-4.26471280e-03 4.99188042e+00
-4.24206303e-03 4.99194717e+00
-4.25636815e-03 4.99206495e+00
-4.25517606e-03 4.99207830e+00
-4.26352071e-03 4.99204493e+00
-4.25517606e-03 4.99190426e+00
-4.26709699e-03 4.99200296e+00
-4.26948117e-03 4.99201012e+00
-4.25517606e-03 4.99198771e+00
-4.24563931e-03 4.99206638e+00
-4.24206303e-03 4.99211025e+00
-4.25517606e-03 4.99200201e+00
-4.24802350e-03 4.99203300e+00
-4.25040768e-03 4.99203777e+00
-4.25159978e-03 4.99201012e+00
-4.25636815e-03 4.99191856e+00
-4.27305745e-03 4.99200535e+00
-4.25636815e-03 4.99189568e+00
-4.25517606e-03 4.99199104e+00
-4.25875233e-03 4.99201012e+00
-4.25994443e-03 4.99198627e+00
-4.27186536e-03 4.99198294e+00
-4.25159978e-03 4.99178505e+00
-4.24444722e-03 4.99195671e+00
-4.24802350e-03 4.99206638e+00
-4.26948117e-03 4.99202442e+00
-4.25636815e-03 4.99211884e+00
-4.26113652e-03 4.99204826e+00
-4.26113652e-03 4.99201632e+00
-4.24802350e-03 4.99199820e+00
-4.27067326e-03 4.99195290e+00
-4.25875233e-03 4.99207687e+00
-4.25756024e-03 4.99193525e+00
-4.26709699e-03 4.99212837e+00
-4.26232861e-03 4.99200535e+00
-4.27067326e-03 4.99210310e+00
-4.25159978e-03 4.99218559e+00
-4.26828908e-03 4.99206972e+00
-4.27424954e-03 4.99204969e+00
-4.25398396e-03 4.99198055e+00
-4.24206303e-03 4.99206877e+00
-4.25636815e-03 4.99201870e+00
-4.25398396e-03 4.99199724e+00
-4.25040768e-03 4.99206972e+00
-4.26232861e-03 4.99199581e+00
-4.24563931e-03 4.99203777e+00
-4.25040768e-03 4.99189568e+00
-4.26948117e-03 4.99191236e+00
-4.24444722e-03 4.99203539e+00
-4.26948117e-03 4.99202585e+00
-4.26471280e-03 4.99200535e+00
-4.25279187e-03 4.99201870e+00
-4.25875233e-03 4.99197912e+00
-4.24206303e-03 4.99202442e+00
-4.26352071e-03 4.99196863e+00
-4.24683141e-03 4.99194098e+00
-4.24563931e-03 4.99198151e+00
-4.26709699e-03 4.99202442e+00
-4.23729466e-03 4.99214983e+00
-4.25756024e-03 4.99196386e+00
-4.26471280e-03 4.99195766e+00
-4.25040768e-03 4.99196243e+00
-4.23610257e-03 4.99195910e+00
-4.25398396e-03 4.99207592e+00
-4.26709699e-03 4.99200916e+00
-4.24325513e-03 4.99213171e+00
-4.24802350e-03 4.99196243e+00
-4.24802350e-03 4.99210787e+00
-4.25994443e-03 4.99203062e+00
-4.26471280e-03 4.99195766e+00
-4.26113652e-03 4.99198055e+00
-4.24921559e-03 4.99197435e+00
-4.24683141e-03 4.99206161e+00
-4.24802350e-03 4.99200535e+00
-4.23729466e-03 4.99208546e+00
-4.25279187e-03 4.99205208e+00
-4.26232861e-03 4.99195910e+00
-4.27305745e-03 4.99201870e+00
-4.25756024e-03 4.99196482e+00
-4.26709699e-03 4.99209118e+00
-4.24444722e-03 4.99196959e+00
-4.26113652e-03 4.99189091e+00
-4.24802350e-03 4.99210453e+00
-4.25994443e-03 4.99196482e+00
-4.23967885e-03 4.99203062e+00
-4.25994443e-03 4.99198151e+00
-4.27424954e-03 4.99194336e+00
-4.25159978e-03 4.99187326e+00
-4.26232861e-03 4.99212599e+00
-4.24802350e-03 4.99196148e+00
-4.26471280e-03 4.99204350e+00
-4.26113652e-03 4.99212599e+00
-4.26590489e-03 4.99200678e+00
-4.24325513e-03 4.99194479e+00
-4.24206303e-03 4.99198627e+00
-4.26590489e-03 4.99194479e+00
-4.25994443e-03 4.99188852e+00
-4.24802350e-03 4.99204254e+00
-4.27305745e-03 4.99209261e+00
-4.25994443e-03 4.99201727e+00
-4.26352071e-03 4.99206257e+00
-4.26709699e-03 4.99198866e+00
-4.24802350e-03 4.99200058e+00
-4.25756024e-03 4.99201488e+00
-4.27424954e-03 4.99198055e+00
-4.24921559e-03 4.99195290e+00
-4.27186536e-03 4.99207354e+00
-4.26709699e-03 4.99185753e+00
-4.25994443e-03 4.99199009e+00
-4.28259419e-03 4.99197912e+00
-4.23967885e-03 4.99202108e+00
-4.26471280e-03 4.99197817e+00
-4.26113652e-03 4.99197674e+00
-4.23967885e-03 4.99203157e+00
-4.26352071e-03 4.99202585e+00
-4.25159978e-03 4.99194956e+00
-4.26113652e-03 4.99193382e+00
-4.26113652e-03 4.99189568e+00
-4.26113652e-03 4.99206495e+00
-4.25636815e-03 4.99198532e+00
-4.26828908e-03 4.99200535e+00
-4.26113652e-03 4.99206734e+00
-4.24563931e-03 4.99198627e+00
-4.24325513e-03 4.99203062e+00
-4.25756024e-03 4.99190903e+00
-4.25636815e-03 4.99193382e+00
-4.24206303e-03 4.99208307e+00
-4.26471280e-03 4.99199009e+00
-4.25398396e-03 4.99216270e+00
-4.25636815e-03 4.99191856e+00
-4.25756024e-03 4.99195290e+00
-4.25756024e-03 4.99202681e+00
-4.24683141e-03 4.99198151e+00
-4.26113652e-03 4.99195766e+00
-4.25756024e-03 4.99199820e+00
-4.26590489e-03 4.99208641e+00
-4.24325513e-03 4.99198532e+00
-4.25636815e-03 4.99197435e+00
-4.25875233e-03 4.99184227e+00
-4.24683141e-03 4.99212360e+00
-4.24921559e-03 4.99212122e+00
-4.25756024e-03 4.99193048e+00
-4.24444722e-03 4.99210072e+00
-4.26709699e-03 4.99201870e+00
-4.27067326e-03 4.99196720e+00
-4.25040768e-03 4.99200678e+00
-4.27067326e-03 4.99200678e+00
-4.27424954e-03 4.99192429e+00
-4.25756024e-03 4.99199009e+00
-4.27663373e-03 4.99203539e+00
-4.26828908e-03 4.99202585e+00
-4.25040768e-03 4.99201012e+00
-4.26471280e-03 4.99193048e+00
-4.26471280e-03 4.99203062e+00
-4.25875233e-03 4.99211884e+00
-4.25875233e-03 4.99202204e+00
-4.25875233e-03 4.99216175e+00
-4.26828908e-03 4.99190903e+00
-4.25875233e-03 4.99213076e+00
-4.25636815e-03 4.99200916e+00
-4.25517606e-03 4.99206638e+00
-4.26232861e-03 4.99200773e+00
-4.25398396e-03 4.99191618e+00
-4.25756024e-03 4.99200916e+00
-4.26352071e-03 4.99203634e+00
-4.26590489e-03 4.99204588e+00
-4.25756024e-03 4.99201727e+00
-4.25994443e-03 4.99202347e+00
-4.26352071e-03 4.99210072e+00
-4.26471280e-03 4.99199820e+00
-4.24444722e-03 4.99206400e+00
-4.23848676e-03 4.99205685e+00
-4.25756024e-03 4.99187326e+00
-4.25875233e-03 4.99204350e+00
-4.25517606e-03 4.99201870e+00
-4.23967885e-03 4.99190044e+00
-4.26828908e-03 4.99198866e+00
-4.24087094e-03 4.99201727e+00
-4.24444722e-03 4.99202919e+00
-4.24563931e-03 4.99203539e+00
-4.25279187e-03 4.99183512e+00
-4.26232861e-03 4.99210691e+00
-4.24921559e-03 4.99205208e+00
-4.25040768e-03 4.99207354e+00
-4.24087094e-03 4.99198389e+00
-4.25994443e-03 4.99207115e+00
-4.24087094e-03 4.99198866e+00
-4.26471280e-03 4.99200678e+00
-4.25636815e-03 4.99207592e+00
-4.24683141e-03 4.99204588e+00
-4.24802350e-03 4.99198294e+00
-4.25398396e-03 4.99203157e+00
-4.25279187e-03 4.99207830e+00
-4.27305745e-03 4.99200058e+00
-4.25279187e-03 4.99200535e+00
-4.25994443e-03 4.99208784e+00
-4.24683141e-03 4.99198151e+00
-4.26709699e-03 4.99198055e+00
-4.25636815e-03 4.99200296e+00
-4.26828908e-03 4.99187803e+00
-4.25875233e-03 4.99202824e+00
-4.26113652e-03 4.99199343e+00
-4.26232861e-03 4.99197435e+00
-4.24802350e-03 4.99196148e+00
-4.26590489e-03 4.99208307e+00
-4.25994443e-03 4.99199104e+00
-4.24444722e-03 4.99195051e+00
-4.27186536e-03 4.99214363e+00
-4.27782582e-03 4.99197435e+00
-4.28497838e-03 4.99209356e+00
-4.26352071e-03 4.99195433e+00
-4.26113652e-03 4.99185658e+00
-4.26232861e-03 4.99201155e+00
-4.23967885e-03 4.99198771e+00
-4.25636815e-03 4.99193859e+00
-4.24921559e-03 4.99202442e+00
-4.26232861e-03 4.99205065e+00
-4.25159978e-03 4.99202204e+00
-4.26352071e-03 4.99202585e+00
-4.25517606e-03 4.99194002e+00
-4.24802350e-03 4.99200439e+00
-4.23491048e-03 4.99195194e+00
-4.26232861e-03 4.99204254e+00
-4.24325513e-03 4.99215794e+00
-4.26352071e-03 4.99190521e+00
-4.24444722e-03 4.99206734e+00
-4.27186536e-03 4.99210072e+00
-4.24921559e-03 4.99194574e+00
-4.24683141e-03 4.99199581e+00
-4.24444722e-03 4.99195433e+00
-4.25159978e-03 4.99201870e+00
-4.23848676e-03 4.99198532e+00
-4.25159978e-03 4.99213076e+00
-4.25398396e-03 4.99200773e+00
-4.26828908e-03 4.99215460e+00
-4.25159978e-03 4.99196005e+00
-4.23967885e-03 4.99194002e+00
-4.25159978e-03 4.99202347e+00
-4.25517606e-03 4.99189329e+00
-4.25756024e-03 4.99186707e+00
-4.26113652e-03 4.99201155e+00
-4.26590489e-03 4.99189091e+00
-4.23610257e-03 4.99200535e+00
-4.24921559e-03 4.99196482e+00
-4.25517606e-03 4.99185181e+00
-4.24921559e-03 4.99200773e+00
-4.25994443e-03 4.99196243e+00
-4.24206303e-03 4.99200773e+00
-4.23967885e-03 4.99199247e+00
-4.27186536e-03 4.99194574e+00
-4.26948117e-03 4.99188995e+00
-4.25159978e-03 4.99200296e+00
-4.27067326e-03 4.99193287e+00
-4.26232861e-03 4.99205208e+00
-4.25279187e-03 4.99201250e+00
-4.24921559e-03 4.99204588e+00
-4.25994443e-03 4.99203157e+00
-4.24325513e-03 4.99195910e+00
-4.25875233e-03 4.99205780e+00
-4.26471280e-03 4.99193382e+00
-4.26590489e-03 4.99186707e+00
-4.25636815e-03 4.99207830e+00
-4.26352071e-03 4.99202204e+00
-4.25159978e-03 4.99207354e+00
-4.25517606e-03 4.99199104e+00
-4.24683141e-03 4.99194098e+00
-4.27067326e-03 4.99197912e+00
-4.25159978e-03 4.99191380e+00
-4.25875233e-03 4.99198151e+00
-4.24206303e-03 4.99199963e+00
-4.23967885e-03 4.99203777e+00
-4.24087094e-03 4.99194479e+00
-4.23729466e-03 4.99202824e+00
-4.25756024e-03 4.99200773e+00
-4.24921559e-03 4.99196720e+00
-4.25636815e-03 4.99194956e+00
-4.25040768e-03 4.99203873e+00
-4.25875233e-03 4.99201393e+00
-4.28021001e-03 4.99205303e+00
-4.25159978e-03 4.99199581e+00
-4.24206303e-03 4.99197912e+00
-4.25279187e-03 4.99205208e+00
-4.27186536e-03 4.99196386e+00
-4.23848676e-03 4.99185896e+00
-4.27424954e-03 4.99203396e+00
-4.25517606e-03 4.99194479e+00
-4.26232861e-03 4.99206400e+00
-4.25517606e-03 4.99195194e+00
-4.25159978e-03 4.99200678e+00
-4.25517606e-03 4.99209976e+00
-4.24087094e-03 4.99198389e+00
-4.25040768e-03 4.99197102e+00
-4.25398396e-03 4.99190187e+00
-4.26590489e-03 4.99189949e+00
-4.27782582e-03 4.99203777e+00
-4.26113652e-03 4.99201727e+00
-4.25994443e-03 4.99195766e+00
-4.23848676e-03 4.99202204e+00
-4.25398396e-03 4.99200678e+00
-4.26590489e-03 4.99193764e+00
-4.23848676e-03 4.99197578e+00
-4.25756024e-03 4.99195671e+00
-4.25875233e-03 4.99203634e+00
-4.26590489e-03 4.99203157e+00
-4.27544164e-03 4.99199247e+00
-4.24087094e-03 4.99219608e+00
-4.24325513e-03 4.99199486e+00
-4.24563931e-03 4.99203634e+00
-4.24683141e-03 4.99193382e+00
-4.26352071e-03 4.99190187e+00
-4.24325513e-03 4.99203634e+00
-4.25994443e-03 4.99206257e+00
-4.25875233e-03 4.99214745e+00
-4.25994443e-03 4.99211740e+00
-4.25875233e-03 4.99200535e+00
-4.23967885e-03 4.99191952e+00
-4.25279187e-03 4.99190760e+00
-4.25040768e-03 4.99200296e+00
-4.24325513e-03 4.99198866e+00
-4.22298955e-03 4.99193621e+00
-4.24683141e-03 4.99193048e+00
-4.25517606e-03 4.99199009e+00
-4.25636815e-03 4.99201250e+00
-4.25398396e-03 4.99203300e+00
-4.27067326e-03 4.99198627e+00
-4.26471280e-03 4.99199247e+00
-4.26828908e-03 4.99197102e+00
-4.26113652e-03 4.99212360e+00
-4.24921559e-03 4.99210548e+00
-4.25636815e-03 4.99202442e+00
-4.25994443e-03 4.99191236e+00
-4.26471280e-03 4.99189568e+00
-4.26590489e-03 4.99173498e+00
-4.26113652e-03 4.99190998e+00
-4.25517606e-03 4.99196482e+00
-4.27067326e-03 4.99190521e+00
-4.24683141e-03 4.99203062e+00
-4.25279187e-03 4.99194956e+00
-4.26113652e-03 4.99197912e+00
-4.24563931e-03 4.99201727e+00
-4.24921559e-03 4.99197912e+00
-4.26113652e-03 4.99191141e+00
-4.25517606e-03 4.99179554e+00
-4.25517606e-03 4.99202919e+00
-4.24802350e-03 4.99203873e+00
-4.24683141e-03 4.99204969e+00
-4.26948117e-03 4.99198151e+00
-4.25636815e-03 4.99191618e+00
-4.25994443e-03 4.99203634e+00
-4.25994443e-03 4.99198771e+00
-4.25636815e-03 4.99202824e+00
-4.26232861e-03 4.99196720e+00
-4.25875233e-03 4.99204969e+00
-4.26113652e-03 4.99197578e+00
-4.24325513e-03 4.99204588e+00
-4.25040768e-03 4.99197435e+00
-4.26948117e-03 4.99201965e+00
-4.25159978e-03 4.99210072e+00
-4.27663373e-03 4.99203539e+00
-4.25994443e-03 4.99188614e+00
-4.24325513e-03 4.99196863e+00
-4.25517606e-03 4.99197817e+00
-4.24206303e-03 4.99187803e+00
-4.25994443e-03 4.99190187e+00
-4.26113652e-03 4.99199104e+00
-4.24683141e-03 4.99190426e+00
-4.24683141e-03 4.99202347e+00
-4.24087094e-03 4.99187183e+00
-4.24087094e-03 4.99200773e+00
-4.26232861e-03 4.99203300e+00
-4.23014211e-03 4.99199963e+00
-4.24683141e-03 4.99190044e+00
-4.25994443e-03 4.99202108e+00
-4.25517606e-03 4.99202347e+00
-4.26590489e-03 4.99201488e+00
-4.23729466e-03 4.99192905e+00
-4.25994443e-03 4.99212122e+00
-4.26709699e-03 4.99194956e+00
-4.24563931e-03 4.99188042e+00
-4.26352071e-03 4.99203873e+00
-4.24444722e-03 4.99197578e+00
-4.25636815e-03 4.99185896e+00
-4.25279187e-03 4.99201393e+00
-4.25159978e-03 4.99197197e+00
-4.26471280e-03 4.99207211e+00
-4.26709699e-03 4.99191141e+00
-4.25279187e-03 4.99188995e+00
-4.25636815e-03 4.99196863e+00
-4.23133420e-03 4.99194813e+00
-4.25279187e-03 4.99190903e+00
-4.25636815e-03 4.99184799e+00
-4.25875233e-03 4.99190760e+00
-4.25636815e-03 4.99199247e+00
-4.25159978e-03 4.99186373e+00
-4.25279187e-03 4.99198055e+00
-4.25756024e-03 4.99194717e+00
-4.25279187e-03 4.99203062e+00
-4.26113652e-03 4.99189234e+00
-4.24683141e-03 4.99193621e+00
-4.25994443e-03 4.99196959e+00
-4.25636815e-03 4.99194098e+00
-4.25636815e-03 4.99198151e+00
-4.26590489e-03 4.99183846e+00
-4.26590489e-03 4.99194002e+00
-4.24683141e-03 4.99194717e+00
-4.26709699e-03 4.99193859e+00
-4.25159978e-03 4.99185419e+00
-4.26232861e-03 4.99189806e+00
-4.25040768e-03 4.99188375e+00
-4.25159978e-03 4.99180031e+00
-4.23729466e-03 4.99180984e+00
-4.25398396e-03 4.99185038e+00
-4.25636815e-03 4.99195528e+00
-4.25994443e-03 4.99198389e+00
-4.25398396e-03 4.99201250e+00
-4.24563931e-03 4.99204016e+00
-4.27186536e-03 4.99193048e+00
-4.25756024e-03 4.99197912e+00
-4.26590489e-03 4.99200058e+00
-4.25636815e-03 4.99197674e+00
-4.25279187e-03 4.99197102e+00
-4.26948117e-03 4.99205542e+00
-4.25756024e-03 4.99192095e+00
-4.24802350e-03 4.99192572e+00
-4.25636815e-03 4.99186707e+00
-4.25279187e-03 4.99189091e+00
-4.26590489e-03 4.99199104e+00
-4.25279187e-03 4.99194336e+00
-4.25636815e-03 4.99203300e+00
-4.25279187e-03 4.99203300e+00
-4.25279187e-03 4.99206257e+00
-4.24802350e-03 4.99193048e+00
-4.24444722e-03 4.99188280e+00
-4.25636815e-03 4.99201250e+00
-4.25517606e-03 4.99216032e+00
-4.24087094e-03 4.99199104e+00
-4.25279187e-03 4.99201727e+00
-4.24921559e-03 4.99204254e+00
-4.26709699e-03 4.99190187e+00
-4.24563931e-03 4.99190187e+00
-4.25875233e-03 4.99205446e+00
-4.25398396e-03 4.99202204e+00
-4.24921559e-03 4.99193621e+00
-4.26709699e-03 4.99202824e+00
-4.25636815e-03 4.99203634e+00
-4.25159978e-03 4.99202585e+00
-4.23967885e-03 4.99192667e+00
-4.25040768e-03 4.99199343e+00
-4.25756024e-03 4.99190760e+00
-4.24921559e-03 4.99188757e+00
-4.25159978e-03 4.99204731e+00
-4.26113652e-03 4.99202824e+00
-4.24563931e-03 4.99210691e+00
-4.25398396e-03 4.99204111e+00
-4.25756024e-03 4.99196625e+00
-4.25398396e-03 4.99185753e+00
-4.24563931e-03 4.99196243e+00
-4.26709699e-03 4.99201393e+00
-4.26471280e-03 4.99201727e+00
-4.26471280e-03 4.99207687e+00
-4.25398396e-03 4.99201393e+00
-4.25994443e-03 4.99191713e+00
-4.25756024e-03 4.99199963e+00
-4.24802350e-03 4.99199820e+00
-4.26590489e-03 4.99201250e+00
-4.26709699e-03 4.99195194e+00
-4.26948117e-03 4.99190521e+00
-4.25159978e-03 4.99201632e+00
-4.25756024e-03 4.99200773e+00
-4.25040768e-03 4.99193048e+00
-4.25159978e-03 4.99197197e+00
-4.26828908e-03 4.99188995e+00
-4.24921559e-03 4.99187899e+00
-4.23371838e-03 4.99193859e+00
-4.25994443e-03 4.99191713e+00
-4.24802350e-03 4.99191236e+00
-4.25279187e-03 4.99205923e+00
-4.26828908e-03 4.99205923e+00
-4.26232861e-03 4.99192429e+00
-4.25875233e-03 4.99193287e+00
-4.24802350e-03 4.99188042e+00
-4.25040768e-03 4.99193525e+00
-4.25994443e-03 4.99185038e+00
-4.24683141e-03 4.99204254e+00
-4.25159978e-03 4.99198866e+00
-4.26709699e-03 4.99205446e+00
-4.26471280e-03 4.99194479e+00
-4.24444722e-03 4.99189806e+00
-4.25398396e-03 4.99207830e+00
-4.26590489e-03 4.99206257e+00
-4.27663373e-03 4.99197817e+00
-4.26590489e-03 4.99204731e+00
-4.28021001e-03 4.99194336e+00
-4.24683141e-03 4.99187899e+00
-4.24325513e-03 4.99205542e+00
-4.25159978e-03 4.99196005e+00
-4.26352071e-03 4.99190521e+00
-4.25279187e-03 4.99189711e+00
-4.27186536e-03 4.99193621e+00
-4.24921559e-03 4.99211264e+00
-4.25875233e-03 4.99200058e+00
-4.25994443e-03 4.99194002e+00
-4.25875233e-03 4.99190187e+00
-4.28259419e-03 4.99196148e+00
-4.24683141e-03 4.99190521e+00
-4.24563931e-03 4.99209261e+00
-4.24802350e-03 4.99204493e+00
-4.25279187e-03 4.99183130e+00
-4.25159978e-03 4.99182892e+00
-4.25756024e-03 4.99202108e+00
-4.25398396e-03 4.99193144e+00
-4.24683141e-03 4.99203634e+00
-4.26232861e-03 4.99204969e+00
-4.24444722e-03 4.99192905e+00
-4.25279187e-03 4.99192333e+00
-4.25159978e-03 4.99194479e+00
-4.25398396e-03 4.99191236e+00
-4.23967885e-03 4.99190187e+00
-4.26828908e-03 4.99209261e+00
-4.25756024e-03 4.99193525e+00
-4.23252629e-03 4.99201870e+00
-4.26113652e-03 4.99190664e+00
-4.25517606e-03 4.99190521e+00
-4.24683141e-03 4.99206257e+00
-4.26471280e-03 4.99203157e+00
-4.26709699e-03 4.99196386e+00
-4.24087094e-03 4.99198532e+00
-4.25994443e-03 4.99205685e+00
-4.24563931e-03 4.99198532e+00
-4.26471280e-03 4.99187565e+00
-4.23371838e-03 4.99188757e+00
-4.23133420e-03 4.99200058e+00
-4.24802350e-03 4.99189711e+00
-4.24444722e-03 4.99210787e+00
-4.26113652e-03 4.99190760e+00
-4.26471280e-03 4.99195433e+00
-4.24563931e-03 4.99193621e+00
-4.25159978e-03 4.99197435e+00
-4.24444722e-03 4.99187660e+00
-4.25636815e-03 4.99193144e+00
-4.27186536e-03 4.99198294e+00
-4.25279187e-03 4.99183512e+00
-4.26471280e-03 4.99198294e+00
-4.25279187e-03 4.99200678e+00
-4.25398396e-03 4.99196863e+00
-4.24683141e-03 4.99190903e+00
-4.25636815e-03 4.99188280e+00
-4.25040768e-03 4.99194002e+00
-4.24206303e-03 4.99201393e+00
-4.23610257e-03 4.99200058e+00
-4.25875233e-03 4.99192572e+00
-4.25756024e-03 4.99193525e+00
-4.25875233e-03 4.99195766e+00
-4.25994443e-03 4.99195910e+00
-4.28736256e-03 4.99196386e+00
-4.25636815e-03 4.99202204e+00
-4.25159978e-03 4.99194336e+00
-4.26709699e-03 4.99192095e+00
-4.25159978e-03 4.99191141e+00
-4.25875233e-03 4.99189091e+00
-4.26113652e-03 4.99191475e+00
-4.25875233e-03 4.99196005e+00
-4.24802350e-03 4.99200439e+00
-4.24802350e-03 4.99188280e+00
-4.25756024e-03 4.99189949e+00
-4.24206303e-03 4.99196720e+00
-4.25159978e-03 4.99198151e+00
-4.26948117e-03 4.99201488e+00
-4.25398396e-03 4.99194479e+00
-4.25040768e-03 4.99197578e+00
-4.24444722e-03 4.99196386e+00
-4.24444722e-03 4.99194002e+00
-4.25517606e-03 4.99197197e+00
-4.24683141e-03 4.99193525e+00
-4.26590489e-03 4.99195910e+00
-4.23848676e-03 4.99197102e+00
-4.24683141e-03 4.99191952e+00
-4.23967885e-03 4.99205542e+00
-4.26709699e-03 4.99200773e+00
-4.24206303e-03 4.99197340e+00
-4.25636815e-03 4.99195910e+00
-4.25398396e-03 4.99197674e+00
-4.26232861e-03 4.99195910e+00
-4.26352071e-03 4.99198771e+00
-4.23848676e-03 4.99190903e+00
-4.24444722e-03 4.99194479e+00
-4.25994443e-03 4.99187422e+00
-4.25159978e-03 4.99193859e+00
-4.24563931e-03 4.99189472e+00
-4.26948117e-03 4.99205685e+00
-4.26709699e-03 4.99202824e+00
-4.25875233e-03 4.99194956e+00
-4.26352071e-03 4.99204350e+00
-4.24802350e-03 4.99202442e+00
-4.24921559e-03 4.99192572e+00
-4.24206303e-03 4.99198389e+00
-4.24087094e-03 4.99201250e+00
-4.26471280e-03 4.99205542e+00
-4.25636815e-03 4.99193048e+00
-4.25636815e-03 4.99200439e+00
-4.26232861e-03 4.99189091e+00
-4.24921559e-03 4.99196243e+00
-4.26590489e-03 4.99194002e+00
-4.25517606e-03 4.99203157e+00
-4.25159978e-03 4.99182558e+00
-4.24563931e-03 4.99185991e+00
-4.25279187e-03 4.99190187e+00
-4.24563931e-03 4.99190998e+00
-4.26232861e-03 4.99199963e+00
-4.24802350e-03 4.99198055e+00
-4.24325513e-03 4.99183607e+00
-4.25279187e-03 4.99191713e+00
-4.24563931e-03 4.99191236e+00
-4.24921559e-03 4.99194717e+00
-4.24921559e-03 4.99190760e+00
-4.24206303e-03 4.99183750e+00
-4.26113652e-03 4.99191618e+00
-4.25636815e-03 4.99191475e+00
-4.26113652e-03 4.99200201e+00
-4.25279187e-03 4.99200058e+00
-4.26471280e-03 4.99202204e+00
-4.24802350e-03 4.99193621e+00
-4.25517606e-03 4.99198771e+00
-4.25040768e-03 4.99194336e+00
-4.24921559e-03 4.99196243e+00
-4.25398396e-03 4.99205065e+00
-4.25279187e-03 4.99201155e+00
-4.24683141e-03 4.99210072e+00
-4.23610257e-03 4.99193621e+00
-4.24325513e-03 4.99188852e+00
-4.26471280e-03 4.99192190e+00
-4.25875233e-03 4.99187183e+00
-4.26828908e-03 4.99179459e+00
-4.25159978e-03 4.99188519e+00
-4.26352071e-03 4.99193764e+00
-4.25279187e-03 4.99189234e+00
-4.23014211e-03 4.99192810e+00
-4.27305745e-03 4.99196005e+00
-4.25994443e-03 4.99214745e+00
-4.27186536e-03 4.99199820e+00
-4.24206303e-03 4.99195194e+00
-4.26352071e-03 4.99196863e+00
-4.25994443e-03 4.99199104e+00
-4.24683141e-03 4.99206161e+00
-4.24444722e-03 4.99194002e+00
-4.25040768e-03 4.99196625e+00
-4.27067326e-03 4.99193525e+00
-4.25159978e-03 4.99193382e+00
-4.24444722e-03 4.99188757e+00
-4.25517606e-03 4.99194241e+00
-4.25398396e-03 4.99185896e+00
-4.25636815e-03 4.99197435e+00
-4.25636815e-03 4.99196959e+00
-4.26590489e-03 4.99194956e+00
-4.25279187e-03 4.99196720e+00
-4.25994443e-03 4.99183035e+00
-4.25875233e-03 4.99194002e+00
-4.22895001e-03 4.99204826e+00
-4.25875233e-03 4.99200678e+00
-4.24921559e-03 4.99201870e+00
-4.24802350e-03 4.99209261e+00
-4.23967885e-03 4.99191380e+00
-4.25159978e-03 4.99195910e+00
-4.24563931e-03 4.99201870e+00
-4.25994443e-03 4.99189329e+00
-4.26113652e-03 4.99191380e+00
-4.27305745e-03 4.99192667e+00
-4.27305745e-03 4.99206400e+00
-4.26590489e-03 4.99205685e+00
-4.24087094e-03 4.99200773e+00
-4.23967885e-03 4.99196720e+00
-4.25994443e-03 4.99202108e+00
-4.25398396e-03 4.99202108e+00
-4.23967885e-03 4.99203777e+00
-4.26352071e-03 4.99196959e+00
-4.25636815e-03 4.99209261e+00
-4.26709699e-03 4.99195194e+00
-4.23371838e-03 4.99205542e+00
-4.26352071e-03 4.99202347e+00
-4.24921559e-03 4.99196243e+00
-4.26471280e-03 4.99189234e+00
-4.27782582e-03 4.99202919e+00
-4.26709699e-03 4.99186611e+00
-4.23610257e-03 4.99192572e+00
-4.25517606e-03 4.99189091e+00
-4.27305745e-03 4.99195433e+00
-4.23014211e-03 4.99200916e+00
-4.24563931e-03 4.99195910e+00
-4.26471280e-03 4.99201393e+00
-4.24444722e-03 4.99190664e+00
-4.27186536e-03 4.99201632e+00
-4.25517606e-03 4.99193382e+00
-4.27424954e-03 4.99197435e+00
-4.26352071e-03 4.99193382e+00
-4.26113652e-03 4.99192190e+00
-4.25398396e-03 4.99206495e+00
-4.27186536e-03 4.99199343e+00
-4.23491048e-03 4.99204016e+00
-4.25279187e-03 4.99197817e+00
-4.26113652e-03 4.99196148e+00
-4.25875233e-03 4.99195194e+00
-4.26948117e-03 4.99195910e+00
-4.25517606e-03 4.99197817e+00
-4.25517606e-03 4.99189568e+00
-4.25398396e-03 4.99197197e+00
-4.25398396e-03 4.99196005e+00
-4.26352071e-03 4.99199724e+00
-4.25636815e-03 4.99201012e+00
-4.27067326e-03 4.99188995e+00
-4.27663373e-03 4.99195910e+00
-4.24563931e-03 4.99193859e+00
-4.26113652e-03 4.99192190e+00
-4.25517606e-03 4.99189091e+00
-4.26352071e-03 4.99202824e+00
-4.24802350e-03 4.99204016e+00
-4.24206303e-03 4.99194717e+00
-4.25517606e-03 4.99203157e+00
-4.27305745e-03 4.99192905e+00
-4.25279187e-03 4.99205685e+00
-4.25517606e-03 4.99189234e+00
-4.25636815e-03 4.99214125e+00
-4.26232861e-03 4.99190187e+00
-4.24802350e-03 4.99201727e+00
-4.27782582e-03 4.99210215e+00
-4.26471280e-03 4.99190760e+00
-4.26948117e-03 4.99201250e+00
-4.27544164e-03 4.99197435e+00
-4.26232861e-03 4.99188375e+00
-4.27067326e-03 4.99204493e+00
-4.24802350e-03 4.99202681e+00
-4.24921559e-03 4.99205065e+00
-4.27663373e-03 4.99208307e+00
-4.26232861e-03 4.99193859e+00
-4.25994443e-03 4.99195766e+00
-4.25636815e-03 4.99199486e+00
-4.25875233e-03 4.99202442e+00
-4.26113652e-03 4.99208403e+00
-4.26590489e-03 4.99199247e+00
-4.26828908e-03 4.99207926e+00
-4.24921559e-03 4.99191236e+00
-4.24802350e-03 4.99198151e+00
-4.25040768e-03 4.99193859e+00
-4.26948117e-03 4.99195194e+00
-4.26709699e-03 4.99187422e+00
-4.25636815e-03 4.99195051e+00
-4.25875233e-03 4.99195766e+00
-4.25994443e-03 4.99201012e+00
-4.25040768e-03 4.99195433e+00
-4.26948117e-03 4.99201965e+00
-4.28140210e-03 4.99211645e+00
-4.25040768e-03 4.99203634e+00
-4.25040768e-03 4.99198055e+00
-4.27186536e-03 4.99196863e+00
-4.26232861e-03 4.99193525e+00
-4.26232861e-03 4.99194479e+00
-4.25398396e-03 4.99197197e+00
-4.24921559e-03 4.99189711e+00
-4.27067326e-03 4.99174452e+00
-4.24802350e-03 4.99197102e+00
-4.25159978e-03 4.99200058e+00
-4.24087094e-03 4.99188757e+00
-4.26352071e-03 4.99196863e+00
-4.25636815e-03 4.99188852e+00
-4.27067326e-03 4.99190903e+00
-4.26471280e-03 4.99202442e+00
-4.24444722e-03 4.99195910e+00
-4.25398396e-03 4.99197197e+00
-4.25875233e-03 4.99214268e+00
-4.26113652e-03 4.99189949e+00
-4.25279187e-03 4.99206877e+00
-4.26828908e-03 4.99196625e+00
-4.25756024e-03 4.99197674e+00
-4.24921559e-03 4.99181366e+00
-4.24563931e-03 4.99191236e+00
-4.25756024e-03 4.99193859e+00
-4.25159978e-03 4.99200058e+00
-4.25994443e-03 4.99191618e+00
-4.25159978e-03 4.99205065e+00
-4.27186536e-03 4.99199581e+00
-4.26590489e-03 4.99204350e+00
-4.26471280e-03 4.99212360e+00
-4.27544164e-03 4.99189806e+00
-4.25756024e-03 4.99200439e+00
-4.23848676e-03 4.99195433e+00
-4.25636815e-03 4.99203873e+00
-4.25756024e-03 4.99191475e+00
-4.25279187e-03 4.99204111e+00
-4.25279187e-03 4.99208403e+00
-4.26828908e-03 4.99188519e+00
-4.24921559e-03 4.99209023e+00
-4.24563931e-03 4.99203157e+00
-4.25040768e-03 4.99202347e+00
-4.25636815e-03 4.99185514e+00
-4.25756024e-03 4.99196148e+00
-4.26828908e-03 4.99199104e+00
-4.26113652e-03 4.99195433e+00
-4.25875233e-03 4.99210930e+00
-4.27186536e-03 4.99211407e+00
-4.26590489e-03 4.99201393e+00
-4.26948117e-03 4.99203157e+00
-4.24921559e-03 4.99197817e+00
-4.23967885e-03 4.99194098e+00
-4.26113652e-03 4.99201393e+00
-4.25994443e-03 4.99194336e+00
-4.27067326e-03 4.99190998e+00
-4.27424954e-03 4.99194574e+00
-4.25756024e-03 4.99194813e+00
-4.24802350e-03 4.99194479e+00
-4.25756024e-03 4.99195528e+00
-4.24563931e-03 4.99195528e+00
-4.24563931e-03 4.99195528e+00
-4.25398396e-03 4.99196625e+00
-4.25159978e-03 4.99198532e+00
-4.25398396e-03 4.99185658e+00
-4.26232861e-03 4.99213648e+00
-4.23252629e-03 4.99188995e+00
-4.24325513e-03 4.99205542e+00
-4.26948117e-03 4.99189234e+00
-4.25159978e-03 4.99198389e+00
-4.25517606e-03 4.99187660e+00
-4.26709699e-03 4.99208307e+00
-4.26352071e-03 4.99194717e+00
-4.24325513e-03 4.99205303e+00
-4.26113652e-03 4.99206400e+00
-4.24921559e-03 4.99208307e+00
-4.24087094e-03 4.99207592e+00
-4.25159978e-03 4.99217129e+00
-4.26709699e-03 4.99199343e+00
-4.23729466e-03 4.99207211e+00
-4.25517606e-03 4.99199247e+00
-4.26709699e-03 4.99204254e+00
-4.25994443e-03 4.99214125e+00
-4.24087094e-03 4.99197435e+00
-4.26352071e-03 4.99197435e+00
-4.26352071e-03 4.99205446e+00
-4.25756024e-03 4.99198532e+00
-4.25517606e-03 4.99203062e+00
-4.24921559e-03 4.99198627e+00
-4.25517606e-03 4.99214363e+00
-4.26352071e-03 4.99207449e+00
-4.24802350e-03 4.99196005e+00
-4.26232861e-03 4.99191952e+00
-4.23610257e-03 4.99200535e+00
-4.24206303e-03 4.99201155e+00
-4.23729466e-03 4.99201155e+00
-4.25398396e-03 4.99200916e+00
-4.26232861e-03 4.99199009e+00
-4.26352071e-03 4.99211025e+00
-4.26352071e-03 4.99200201e+00
-4.24683141e-03 4.99210072e+00
-4.22775792e-03 4.99201155e+00
-4.27067326e-03 4.99205065e+00
-4.25040768e-03 4.99186945e+00
-4.24206303e-03 4.99204350e+00
-4.25875233e-03 4.99185753e+00
-4.24087094e-03 4.99199247e+00
-4.25040768e-03 4.99206972e+00
-4.26232861e-03 4.99211884e+00
-4.25159978e-03 4.99198389e+00
-4.25875233e-03 4.99204254e+00
-4.26232861e-03 4.99195051e+00
-4.27186536e-03 4.99205446e+00
-4.26590489e-03 4.99200916e+00
-4.25398396e-03 4.99196625e+00
-4.24921559e-03 4.99191141e+00
-4.26232861e-03 4.99189234e+00
-4.27424954e-03 4.99205303e+00
-4.26828908e-03 4.99195290e+00
-4.24206303e-03 4.99200535e+00
-4.25279187e-03 4.99189568e+00
-4.24683141e-03 4.99209118e+00
-4.24802350e-03 4.99200916e+00
-4.25279187e-03 4.99195290e+00
-4.25994443e-03 4.99208879e+00
-4.23729466e-03 4.99214268e+00
-4.26471280e-03 4.99181938e+00
-4.26232861e-03 4.99194479e+00
-4.27901791e-03 4.99213076e+00
-4.25159978e-03 4.99202919e+00
-4.25636815e-03 4.99204588e+00
-4.24802350e-03 4.99194574e+00
-4.23967885e-03 4.99192095e+00
-4.25875233e-03 4.99204969e+00
-4.26471280e-03 4.99192667e+00
-4.24325513e-03 4.99195433e+00
-4.25040768e-03 4.99201393e+00
-4.24563931e-03 4.99195290e+00
-4.25279187e-03 4.99188614e+00
-4.26471280e-03 4.99201965e+00
-4.26113652e-03 4.99187326e+00
-4.25040768e-03 4.99204826e+00
-4.25756024e-03 4.99193859e+00
-4.26232861e-03 4.99196005e+00
-4.26113652e-03 4.99205685e+00
-4.26352071e-03 4.99209261e+00
-4.24087094e-03 4.99201488e+00
-4.26113652e-03 4.99201393e+00
-4.24802350e-03 4.99202585e+00
-4.25517606e-03 4.99206877e+00
-4.23610257e-03 4.99202824e+00
-4.24206303e-03 4.99200916e+00
-4.25636815e-03 4.99201965e+00
-4.25279187e-03 4.99211884e+00
-4.25279187e-03 4.99200916e+00
-4.23133420e-03 4.99202108e+00
-4.24206303e-03 4.99204350e+00
-4.27424954e-03 4.99188375e+00
-4.25875233e-03 4.99201632e+00
-4.25040768e-03 4.99206400e+00
-4.25994443e-03 4.99186945e+00
-4.25756024e-03 4.99207449e+00
-4.23729466e-03 4.99195290e+00
-4.25279187e-03 4.99198627e+00
-4.27901791e-03 4.99201393e+00
-4.25040768e-03 4.99209595e+00
-4.25517606e-03 4.99216032e+00
-4.25517606e-03 4.99203873e+00
-4.25756024e-03 4.99191380e+00
-4.26948117e-03 4.99202919e+00
-4.24325513e-03 4.99210310e+00
-4.26590489e-03 4.99205685e+00
-4.27305745e-03 4.99197817e+00
-4.25398396e-03 4.99200296e+00
-4.25159978e-03 4.99190283e+00
-4.26113652e-03 4.99202681e+00
-4.24802350e-03 4.99201632e+00
-4.25636815e-03 4.99205208e+00
-4.26352071e-03 4.99202204e+00
-4.26471280e-03 4.99211025e+00
-4.25517606e-03 4.99197340e+00
-4.26352071e-03 4.99204111e+00
-4.25517606e-03 4.99210453e+00
-4.24921559e-03 4.99197674e+00
-4.25279187e-03 4.99211884e+00
-4.24802350e-03 4.99200439e+00
-4.27544164e-03 4.99204350e+00
-4.26232861e-03 4.99203873e+00
-4.23371838e-03 4.99206638e+00
-4.24444722e-03 4.99209738e+00
-4.26113652e-03 4.99205446e+00
-4.26828908e-03 4.99195766e+00
-4.25040768e-03 4.99201965e+00
-4.26948117e-03 4.99202347e+00
-4.27424954e-03 4.99199963e+00
-4.24683141e-03 4.99200678e+00
-4.25756024e-03 4.99207211e+00
-4.25756024e-03 4.99217129e+00
-4.26948117e-03 4.99198055e+00
-4.24683141e-03 4.99204826e+00
-4.25994443e-03 4.99206972e+00
-4.23491048e-03 4.99185514e+00
-4.25040768e-03 4.99215794e+00
-4.26113652e-03 4.99201965e+00
-4.25517606e-03 4.99195528e+00
-4.26113652e-03 4.99206495e+00
-4.25398396e-03 4.99201632e+00
-4.26471280e-03 4.99210072e+00
-4.26113652e-03 4.99204588e+00
-4.27544164e-03 4.99199486e+00
-4.25040768e-03 4.99199820e+00
-4.24325513e-03 4.99197817e+00
-4.26471280e-03 4.99201012e+00
-4.26232861e-03 4.99206161e+00
-4.26471280e-03 4.99204016e+00
-4.24802350e-03 4.99195433e+00
-4.26948117e-03 4.99209261e+00
-4.25994443e-03 4.99198627e+00
-4.25398396e-03 4.99207449e+00
-4.27424954e-03 4.99213171e+00
-4.25875233e-03 4.99207354e+00
-4.27424954e-03 4.99203396e+00
-4.26113652e-03 4.99205208e+00
-4.25040768e-03 4.99204826e+00
-4.26113652e-03 4.99199104e+00
-4.26113652e-03 4.99214983e+00
-4.26113652e-03 4.99199581e+00
-4.25636815e-03 4.99204111e+00
-4.25159978e-03 4.99203300e+00
-4.26948117e-03 4.99193287e+00
-4.25756024e-03 4.99200773e+00
-4.26590489e-03 4.99204350e+00
-4.25875233e-03 4.99205923e+00
-4.26948117e-03 4.99199724e+00
-4.26948117e-03 4.99203157e+00
-4.25398396e-03 4.99199963e+00
-4.26232861e-03 4.99213076e+00
-4.26590489e-03 4.99202681e+00
-4.26828908e-03 4.99202585e+00
-4.24683141e-03 4.99207449e+00
-4.27663373e-03 4.99200535e+00
-4.25756024e-03 4.99211168e+00
-4.24683141e-03 4.99201727e+00
-4.24683141e-03 4.99203873e+00
-4.25517606e-03 4.99208403e+00
-4.25756024e-03 4.99194717e+00
-4.27067326e-03 4.99202681e+00
-4.25517606e-03 4.99223900e+00
-4.25159978e-03 4.99201727e+00
-4.24802350e-03 4.99221182e+00
-4.25398396e-03 4.99197340e+00
-4.26590489e-03 4.99195194e+00
-4.27186536e-03 4.99210453e+00
-4.26232861e-03 4.99205303e+00
-4.25875233e-03 4.99218655e+00
-4.25398396e-03 4.99207211e+00
-4.25636815e-03 4.99204016e+00
-4.24802350e-03 4.99220562e+00
-4.25875233e-03 4.99203062e+00
-4.26113652e-03 4.99188137e+00
-4.25279187e-03 4.99190664e+00
-4.25756024e-03 4.99219036e+00
-4.26948117e-03 4.99205542e+00
-4.25398396e-03 4.99198866e+00
-4.24325513e-03 4.99192333e+00
-4.24325513e-03 4.99208879e+00
-4.24921559e-03 4.99198532e+00
-4.26471280e-03 4.99208069e+00
-4.26113652e-03 4.99205542e+00
-4.26709699e-03 4.99222946e+00
-4.25636815e-03 4.99202204e+00
-4.24325513e-03 4.99191475e+00
-4.25994443e-03 4.99208164e+00
-4.26828908e-03 4.99191952e+00
-4.25517606e-03 4.99211407e+00
-4.25756024e-03 4.99212456e+00
-4.25040768e-03 4.99198627e+00
-4.24206303e-03 4.99209833e+00
-4.26113652e-03 4.99219990e+00
-4.26471280e-03 4.99204111e+00
-4.24444722e-03 4.99204493e+00
-4.27424954e-03 4.99207211e+00
-4.24683141e-03 4.99199581e+00
-4.25994443e-03 4.99194813e+00
-4.24921559e-03 4.99202919e+00
-4.25279187e-03 4.99199343e+00
-4.25398396e-03 4.99200773e+00
-4.26709699e-03 4.99201155e+00
-4.25159978e-03 4.99196863e+00
-4.24563931e-03 4.99204111e+00
-4.25159978e-03 4.99194574e+00
-4.25994443e-03 4.99209976e+00
-4.25994443e-03 4.99211645e+00
-4.25994443e-03 4.99210691e+00
-4.24206303e-03 4.99202824e+00
-4.26590489e-03 4.99206257e+00
-4.27305745e-03 4.99209356e+00
-4.25756024e-03 4.99214602e+00
-4.26352071e-03 4.99214602e+00
-4.26828908e-03 4.99201632e+00
-4.25994443e-03 4.99205208e+00
-4.24444722e-03 4.99197435e+00
-4.26352071e-03 4.99201727e+00
-4.23967885e-03 4.99221992e+00
-4.25517606e-03 4.99204588e+00
-4.26709699e-03 4.99195528e+00
-4.26590489e-03 4.99205923e+00
-4.24683141e-03 4.99207115e+00
-4.26113652e-03 4.99207449e+00
-4.25994443e-03 4.99205303e+00
-4.25756024e-03 4.99207449e+00
-4.24206303e-03 4.99201727e+00
-4.24206303e-03 4.99206018e+00
-4.26709699e-03 4.99210310e+00
-4.26352071e-03 4.99210691e+00
-4.25994443e-03 4.99201727e+00
-4.26590489e-03 4.99218178e+00
-4.25756024e-03 4.99194956e+00
-4.26828908e-03 4.99214268e+00
-4.26113652e-03 4.99203062e+00
-4.25875233e-03 4.99204588e+00
-4.26709699e-03 4.99201155e+00
-4.27663373e-03 4.99199247e+00
-4.26113652e-03 4.99206018e+00
-4.26113652e-03 4.99205303e+00
-4.24683141e-03 4.99204016e+00
-4.26471280e-03 4.99197817e+00
-4.25875233e-03 4.99202442e+00
-4.25636815e-03 4.99208879e+00
-4.25398396e-03 4.99206400e+00
-4.26709699e-03 4.99195051e+00
-4.26590489e-03 4.99202442e+00
-4.26471280e-03 4.99194241e+00
-4.25279187e-03 4.99207449e+00
-4.25875233e-03 4.99216175e+00
-4.25636815e-03 4.99203777e+00
-4.26352071e-03 4.99210310e+00
-4.27424954e-03 4.99203777e+00
-4.26709699e-03 4.99203777e+00
-4.25875233e-03 4.99199486e+00
-4.25159978e-03 4.99203634e+00
-4.25636815e-03 4.99214745e+00
-4.26948117e-03 4.99213409e+00
-4.23491048e-03 4.99217939e+00
-4.24563931e-03 4.99192190e+00
-4.28021001e-03 4.99195910e+00
-4.24563931e-03 4.99189949e+00
-4.25756024e-03 4.99199343e+00
-4.27782582e-03 4.99202108e+00
-4.26590489e-03 4.99211502e+00
-4.26352071e-03 4.99197102e+00
-4.27067326e-03 4.99210548e+00
-4.25398396e-03 4.99211264e+00
-4.28378629e-03 4.99211884e+00
-4.26590489e-03 4.99210310e+00
-4.24683141e-03 4.99204588e+00
-4.24444722e-03 4.99212694e+00
-4.25398396e-03 4.99192905e+00
-4.24683141e-03 4.99212456e+00
-4.27782582e-03 4.99217224e+00
-4.25279187e-03 4.99194098e+00
-4.25994443e-03 4.99201632e+00
-4.25636815e-03 4.99212694e+00
-4.25994443e-03 4.99199581e+00
-4.23848676e-03 4.99214125e+00
-4.25875233e-03 4.99204588e+00
-4.25159978e-03 4.99211168e+00
-4.26352071e-03 4.99191618e+00
-4.26590489e-03 4.99201250e+00
-4.26948117e-03 4.99205446e+00
-4.26709699e-03 4.99196863e+00
-4.25994443e-03 4.99204969e+00
-4.24563931e-03 4.99206018e+00
-4.24921559e-03 4.99207449e+00
-4.24683141e-03 4.99216890e+00
-4.24683141e-03 4.99198389e+00
-4.26471280e-03 4.99206734e+00
-4.25875233e-03 4.99197197e+00
-4.25756024e-03 4.99198294e+00
-4.26113652e-03 4.99196243e+00
-4.26590489e-03 4.99192190e+00
-4.24921559e-03 4.99204493e+00
-4.26352071e-03 4.99204016e+00
-4.25159978e-03 4.99199343e+00
-4.26828908e-03 4.99222136e+00
-4.25517606e-03 4.99192810e+00
-4.25398396e-03 4.99199247e+00
-4.25040768e-03 4.99209356e+00
-4.25159978e-03 4.99208784e+00
-4.25636815e-03 4.99207687e+00
-4.24683141e-03 4.99212456e+00
-4.27305745e-03 4.99198055e+00
-4.27186536e-03 4.99192905e+00
-4.26471280e-03 4.99198055e+00
-4.26113652e-03 4.99207449e+00
-4.25517606e-03 4.99200058e+00
-4.27186536e-03 4.99210691e+00
-4.24206303e-03 4.99211979e+00
-4.24444722e-03 4.99215937e+00
-4.23491048e-03 4.99216175e+00
-4.27901791e-03 4.99201012e+00
-4.26828908e-03 4.99203157e+00
-4.26113652e-03 4.99219275e+00
-4.25040768e-03 4.99216413e+00
-4.25994443e-03 4.99203634e+00
-4.24206303e-03 4.99211168e+00
-4.25279187e-03 4.99190426e+00
-4.27424954e-03 4.99213552e+00
-4.25040768e-03 4.99205685e+00
-4.25875233e-03 4.99219370e+00
-4.26352071e-03 4.99202347e+00
-4.25517606e-03 4.99200535e+00
-4.25875233e-03 4.99201727e+00
-4.23967885e-03 4.99203634e+00
-4.25040768e-03 4.99194956e+00
-4.26948117e-03 4.99211884e+00
-4.25875233e-03 4.99204493e+00
-4.27067326e-03 4.99203157e+00
-4.25756024e-03 4.99198389e+00
-4.24087094e-03 4.99214363e+00
-4.26828908e-03 4.99207592e+00
-4.25040768e-03 4.99211979e+00
-4.27305745e-03 4.99215078e+00
-4.26113652e-03 4.99209356e+00
-4.25756024e-03 4.99204350e+00
-4.25398396e-03 4.99209118e+00
-4.25994443e-03 4.99216747e+00
-4.25159978e-03 4.99214602e+00
-4.25875233e-03 4.99207211e+00
-4.26232861e-03 4.99198866e+00
-4.25040768e-03 4.99215794e+00
-4.24802350e-03 4.99206495e+00
-4.25875233e-03 4.99197340e+00
-4.25875233e-03 4.99199009e+00
-4.25756024e-03 4.99207926e+00
-4.24563931e-03 4.99210072e+00
-4.25517606e-03 4.99206400e+00
-4.25279187e-03 4.99213171e+00
-4.25756024e-03 4.99211645e+00
-4.26709699e-03 4.99212122e+00
-4.24444722e-03 4.99202919e+00
-4.25159978e-03 4.99198627e+00
-4.25159978e-03 4.99212599e+00
-4.26709699e-03 4.99210787e+00
-4.25875233e-03 4.99198627e+00
-4.27782582e-03 4.99209976e+00
-4.24683141e-03 4.99202681e+00
-4.25517606e-03 4.99197197e+00
-4.25398396e-03 4.99213076e+00
-4.24325513e-03 4.99215460e+00
-4.25875233e-03 4.99205780e+00
-4.26232861e-03 4.99201393e+00
-4.24802350e-03 4.99210215e+00
-4.24444722e-03 4.99198627e+00
-4.25040768e-03 4.99211168e+00
-4.26113652e-03 4.99209023e+00
-4.25040768e-03 4.99216032e+00
-4.25636815e-03 4.99216032e+00
-4.25517606e-03 4.99209118e+00
-4.25994443e-03 4.99204111e+00
-4.24921559e-03 4.99206400e+00
-4.25279187e-03 4.99211740e+00
-4.25636815e-03 4.99214602e+00
-4.23252629e-03 4.99206734e+00
-4.27186536e-03 4.99199820e+00
-4.24802350e-03 4.99215317e+00
-4.26352071e-03 4.99204254e+00
-4.24563931e-03 4.99205446e+00
-4.25756024e-03 4.99194574e+00
-4.26948117e-03 4.99219370e+00
-4.26471280e-03 4.99212122e+00
-4.25040768e-03 4.99204111e+00
-4.26709699e-03 4.99209976e+00
-4.25279187e-03 4.99211025e+00
-4.26352071e-03 4.99213791e+00
-4.27186536e-03 4.99211502e+00
-4.26113652e-03 4.99210072e+00
-4.26232861e-03 4.99198151e+00
-4.25398396e-03 4.99201393e+00
-4.25756024e-03 4.99217463e+00
-4.24087094e-03 4.99198866e+00
-4.25517606e-03 4.99205446e+00
-4.26828908e-03 4.99208403e+00
-4.25756024e-03 4.99201870e+00
-4.24444722e-03 4.99208546e+00
-4.26113652e-03 4.99201488e+00
-4.25159978e-03 4.99214029e+00
-4.26709699e-03 4.99206734e+00
-4.25398396e-03 4.99204731e+00
-4.27424954e-03 4.99214029e+00
-4.27544164e-03 4.99196863e+00
-4.25159978e-03 4.99201965e+00
-4.25756024e-03 4.99210691e+00
-4.27186536e-03 4.99208641e+00
-4.26590489e-03 4.99198771e+00
-4.26590489e-03 4.99204731e+00
-4.25994443e-03 4.99207449e+00
-4.25040768e-03 4.99207830e+00
-4.25636815e-03 4.99197340e+00
-4.25040768e-03 4.99201965e+00
-4.24802350e-03 4.99200201e+00
-4.25875233e-03 4.99194717e+00
-4.26232861e-03 4.99207115e+00
-4.27782582e-03 4.99196243e+00
-4.25994443e-03 4.99208403e+00
-4.24325513e-03 4.99207449e+00
-4.24921559e-03 4.99185753e+00
-4.25994443e-03 4.99202108e+00
-4.25994443e-03 4.99193287e+00
-4.24921559e-03 4.99205685e+00
-4.24683141e-03 4.99192429e+00
-4.24444722e-03 4.99213314e+00
-4.26948117e-03 4.99201012e+00
-4.26590489e-03 4.99205780e+00
-4.24563931e-03 4.99191380e+00
-4.26948117e-03 4.99204588e+00
-4.25756024e-03 4.99215317e+00
-4.26709699e-03 4.99199247e+00
-4.26590489e-03 4.99216747e+00
-4.25398396e-03 4.99206495e+00
-4.23371838e-03 4.99203062e+00
-4.23967885e-03 4.99199963e+00
-4.25875233e-03 4.99204016e+00
-4.24444722e-03 4.99216986e+00
-4.26232861e-03 4.99217463e+00
-4.25756024e-03 4.99200296e+00
-4.25517606e-03 4.99203873e+00
-4.25279187e-03 4.99204254e+00
-4.25398396e-03 4.99211884e+00
-4.24802350e-03 4.99221516e+00
-4.25875233e-03 4.99215317e+00
-4.23967885e-03 4.99194717e+00
-4.26709699e-03 4.99212122e+00
-4.23967885e-03 4.99218082e+00
-4.26590489e-03 4.99208307e+00
-4.25756024e-03 4.99204588e+00
-4.24802350e-03 4.99211264e+00
-4.26471280e-03 4.99216747e+00
-4.26113652e-03 4.99211025e+00
-4.24921559e-03 4.99208879e+00
-4.25756024e-03 4.99213171e+00
-4.25994443e-03 4.99208069e+00
-4.26828908e-03 4.99206495e+00
-4.25994443e-03 4.99206161e+00
-4.26828908e-03 4.99209738e+00
-4.25517606e-03 4.99212122e+00
-4.25517606e-03 4.99219990e+00
-4.25636815e-03 4.99208164e+00
-4.25636815e-03 4.99211168e+00
-4.27782582e-03 4.99191236e+00
-4.26113652e-03 4.99226761e+00
-4.25398396e-03 4.99215221e+00
-4.26590489e-03 4.99221039e+00
-4.26113652e-03 4.99211645e+00
-4.27305745e-03 4.99202585e+00
-4.25994443e-03 4.99212360e+00
-4.25279187e-03 4.99219131e+00
-4.23610257e-03 4.99215937e+00
-4.25040768e-03 4.99211979e+00
-4.25159978e-03 4.99212837e+00
-4.25279187e-03 4.99201965e+00
-4.25279187e-03 4.99206400e+00
-4.24921559e-03 4.99210691e+00
-4.23729466e-03 4.99207926e+00
-4.26232861e-03 4.99199486e+00
-4.26113652e-03 4.99205780e+00
-4.25398396e-03 4.99197197e+00
-4.23967885e-03 4.99219275e+00
-4.26709699e-03 4.99206018e+00
-4.25159978e-03 4.99196863e+00
-4.24921559e-03 4.99224281e+00
-4.25398396e-03 4.99193144e+00
-4.24921559e-03 4.99202919e+00
-4.26828908e-03 4.99208307e+00
-4.24683141e-03 4.99201488e+00
-4.25517606e-03 4.99217129e+00
-4.25279187e-03 4.99204493e+00
-4.26828908e-03 4.99209499e+00
-4.25994443e-03 4.99214125e+00
-4.23967885e-03 4.99191380e+00
-4.24921559e-03 4.99213886e+00
-4.25756024e-03 4.99212217e+00
-4.26352071e-03 4.99203396e+00
-4.25994443e-03 4.99214602e+00
-4.26590489e-03 4.99207687e+00
-4.23848676e-03 4.99216652e+00
-4.26113652e-03 4.99211979e+00
-4.26828908e-03 4.99193621e+00
-4.25875233e-03 4.99208164e+00
-4.27305745e-03 4.99194479e+00
-4.25040768e-03 4.99211264e+00
-4.25040768e-03 4.99208307e+00
-4.26948117e-03 4.99210930e+00
-4.26828908e-03 4.99200678e+00
-4.26828908e-03 4.99186134e+00
-4.26232861e-03 4.99198389e+00
-4.24206303e-03 4.99213076e+00
-4.23967885e-03 4.99217844e+00
-4.25517606e-03 4.99210691e+00
-4.28021001e-03 4.99210930e+00
-4.26709699e-03 4.99207354e+00
-4.23371838e-03 4.99208164e+00
-4.25875233e-03 4.99208879e+00
-4.25159978e-03 4.99198771e+00
-4.26352071e-03 4.99198294e+00
-4.26113652e-03 4.99207687e+00
-4.24683141e-03 4.99198151e+00
-4.26828908e-03 4.99203539e+00
-4.24802350e-03 4.99207354e+00
-4.26948117e-03 4.99209356e+00
-4.25159978e-03 4.99215698e+00
-4.25517606e-03 4.99192572e+00
-4.25398396e-03 4.99199820e+00
-4.24921559e-03 4.99215794e+00
-4.25517606e-03 4.99208879e+00
-4.26590489e-03 4.99204826e+00
-4.25517606e-03 4.99208403e+00
-4.25159978e-03 4.99196482e+00
-4.24563931e-03 4.99198055e+00
-4.24683141e-03 4.99208784e+00
-4.25159978e-03 4.99206018e+00
-4.24444722e-03 4.99205685e+00
-4.28140210e-03 4.99205780e+00
-4.26352071e-03 4.99215794e+00
-4.25517606e-03 4.99211264e+00
-4.25636815e-03 4.99213886e+00
-4.24444722e-03 4.99217129e+00
-4.26471280e-03 4.99200058e+00
-4.26709699e-03 4.99205303e+00
-4.28259419e-03 4.99208879e+00
-4.26948117e-03 4.99203300e+00
-4.24921559e-03 4.99204731e+00
-4.27305745e-03 4.99210453e+00
-4.25636815e-03 4.99203539e+00
-4.25994443e-03 4.99201727e+00
-4.25875233e-03 4.99195290e+00
-4.25994443e-03 4.99210453e+00
-4.26709699e-03 4.99205685e+00
-4.25279187e-03 4.99209356e+00
-4.25279187e-03 4.99199820e+00
-4.26948117e-03 4.99212837e+00
-4.25159978e-03 4.99204969e+00
-4.27663373e-03 4.99197102e+00
-4.26471280e-03 4.99207115e+00
-4.25517606e-03 4.99206734e+00
-4.26113652e-03 4.99201632e+00
-4.25159978e-03 4.99190187e+00
-4.25875233e-03 4.99195194e+00
-4.25279187e-03 4.99196148e+00
-4.25398396e-03 4.99201012e+00
-4.26232861e-03 4.99212456e+00
-4.27067326e-03 4.99205542e+00
-4.27186536e-03 4.99201632e+00
-4.26471280e-03 4.99208164e+00
-4.26709699e-03 4.99210787e+00
-4.28378629e-03 4.99203634e+00
-4.26352071e-03 4.99193048e+00
-4.26113652e-03 4.99204588e+00
-4.25994443e-03 4.99209118e+00
-4.26471280e-03 4.99206257e+00
-4.26948117e-03 4.99201727e+00
-4.27424954e-03 4.99212456e+00
-4.27782582e-03 4.99209595e+00
-4.27186536e-03 4.99206638e+00
-4.24563931e-03 4.99198055e+00
-4.25040768e-03 4.99200201e+00
-4.25636815e-03 4.99200535e+00
-4.24921559e-03 4.99204254e+00
-4.27067326e-03 4.99199486e+00
-4.26471280e-03 4.99209023e+00
-4.27067326e-03 4.99203062e+00
-4.25636815e-03 4.99207354e+00
-4.25756024e-03 4.99209023e+00
-4.24921559e-03 4.99213076e+00
-4.25159978e-03 4.99198627e+00
-4.25994443e-03 4.99201012e+00
-4.25756024e-03 4.99196959e+00
-4.26232861e-03 4.99191236e+00
-4.24563931e-03 4.99193859e+00
-4.25279187e-03 4.99211740e+00
-4.26113652e-03 4.99202204e+00
-4.24921559e-03 4.99187899e+00
-4.25636815e-03 4.99191952e+00
-4.27544164e-03 4.99190283e+00
-4.24921559e-03 4.99207926e+00
-4.28617047e-03 4.99204969e+00
-4.25159978e-03 4.99207926e+00
-4.25398396e-03 4.99202442e+00
-4.25875233e-03 4.99194241e+00
-4.25040768e-03 4.99201012e+00
-4.23729466e-03 4.99209595e+00
-4.27663373e-03 4.99191236e+00
-4.26352071e-03 4.99207354e+00
-4.26113652e-03 4.99204254e+00
-4.27424954e-03 4.99193764e+00
-4.26590489e-03 4.99204588e+00
-4.25398396e-03 4.99198532e+00
-4.22060536e-03 4.99204016e+00
-4.27663373e-03 4.99208546e+00
-4.25517606e-03 4.99199581e+00
-4.24325513e-03 4.99205542e+00
-4.26828908e-03 4.99203873e+00
-4.24921559e-03 4.99204016e+00
-4.25279187e-03 4.99207687e+00
-4.25636815e-03 4.99205303e+00
-4.27186536e-03 4.99209023e+00
-4.25875233e-03 4.99209833e+00
-4.25159978e-03 4.99189091e+00
-4.24444722e-03 4.99208164e+00
-4.25279187e-03 4.99192095e+00
-4.25159978e-03 4.99182796e+00
-4.24325513e-03 4.99203157e+00
-4.24921559e-03 4.99194336e+00
-4.25159978e-03 4.99199343e+00
-4.25875233e-03 4.99218321e+00
-4.25279187e-03 4.99204731e+00
-4.26709699e-03 4.99208403e+00
-4.25040768e-03 4.99200439e+00
-4.26709699e-03 4.99205780e+00
-4.24206303e-03 4.99211025e+00
-4.27305745e-03 4.99203396e+00
-4.24444722e-03 4.99202919e+00
-4.25636815e-03 4.99212599e+00
-4.25994443e-03 4.99200678e+00
-4.24206303e-03 4.99209023e+00
-4.25398396e-03 4.99206734e+00
-4.25159978e-03 4.99202585e+00
-4.27186536e-03 4.99191475e+00
-4.25279187e-03 4.99193764e+00
-4.26352071e-03 4.99220085e+00
-4.25279187e-03 4.99199009e+00
-4.23133420e-03 4.99211168e+00
-4.24921559e-03 4.99190521e+00
-4.26232861e-03 4.99208879e+00
-4.26352071e-03 4.99192905e+00
-4.25040768e-03 4.99185896e+00
-4.25994443e-03 4.99203873e+00
-4.24206303e-03 4.99204493e+00
-4.26590489e-03 4.99202919e+00
-4.25994443e-03 4.99208069e+00
-4.25994443e-03 4.99204111e+00
-4.25875233e-03 4.99212837e+00
-4.25756024e-03 4.99187899e+00
-4.24206303e-03 4.99223185e+00
-4.26709699e-03 4.99204493e+00
-4.24206303e-03 4.99207687e+00
-4.25398396e-03 4.99185658e+00
-4.26709699e-03 4.99203634e+00
-4.24206303e-03 4.99214840e+00
-4.27544164e-03 4.99208641e+00
-4.25279187e-03 4.99207687e+00
-4.26113652e-03 4.99214506e+00
-4.27186536e-03 4.99207211e+00
-4.24087094e-03 4.99203777e+00
-4.25279187e-03 4.99201632e+00
-4.25756024e-03 4.99206638e+00
-4.24921559e-03 4.99197817e+00
-4.25279187e-03 4.99196959e+00
-4.25517606e-03 4.99202442e+00
-4.26232861e-03 4.99203157e+00
-4.26709699e-03 4.99214268e+00
-4.26948117e-03 4.99197674e+00
-4.25756024e-03 4.99212217e+00
-4.25636815e-03 4.99210310e+00
-4.27186536e-03 4.99208307e+00
-4.24206303e-03 4.99198294e+00
-4.25875233e-03 4.99201012e+00
-4.27424954e-03 4.99198532e+00
-4.26232861e-03 4.99194717e+00
-4.25040768e-03 4.99210215e+00
-4.25159978e-03 4.99191713e+00
-4.27067326e-03 4.99196386e+00
-4.25994443e-03 4.99199247e+00
-4.26352071e-03 4.99196386e+00
-4.25517606e-03 4.99190664e+00
-4.25875233e-03 4.99207449e+00
-4.26948117e-03 4.99201012e+00
-4.26590489e-03 4.99199963e+00
-4.24444722e-03 4.99185181e+00
-4.26471280e-03 4.99194574e+00
-4.24087094e-03 4.99194813e+00
-4.24325513e-03 4.99213171e+00
-4.25875233e-03 4.99207211e+00
-4.25279187e-03 4.99186707e+00
-4.24802350e-03 4.99207830e+00
-4.25159978e-03 4.99194813e+00
-4.26828908e-03 4.99201155e+00
-4.25398396e-03 4.99193859e+00
-4.26828908e-03 4.99203539e+00
-4.25636815e-03 4.99191856e+00
-4.25994443e-03 4.99195671e+00
-4.26471280e-03 4.99201632e+00
-4.24087094e-03 4.99202347e+00
-4.26709699e-03 4.99200535e+00
-4.25398396e-03 4.99202585e+00
-4.25994443e-03 4.99196625e+00
-4.25756024e-03 4.99203157e+00
-4.25398396e-03 4.99206161e+00
-4.25636815e-03 4.99208403e+00
-4.25398396e-03 4.99193764e+00
-4.25398396e-03 4.99207354e+00
-4.25398396e-03 4.99207211e+00
-4.25159978e-03 4.99201488e+00
-4.25756024e-03 4.99203157e+00
-4.26590489e-03 4.99203539e+00
-4.27305745e-03 4.99197340e+00
-4.25398396e-03 4.99187183e+00
-4.26471280e-03 4.99187660e+00
-4.25517606e-03 4.99194336e+00
-4.25517606e-03 4.99205685e+00
-4.26828908e-03 4.99188042e+00
-4.27424954e-03 4.99200916e+00
-4.25994443e-03 4.99187803e+00
-4.26590489e-03 4.99199009e+00
-4.24206303e-03 4.99201488e+00
-4.25517606e-03 4.99192667e+00
-4.26471280e-03 4.99188995e+00
-4.25398396e-03 4.99196863e+00
-4.27186536e-03 4.99188137e+00
-4.24921559e-03 4.99199820e+00
-4.23252629e-03 4.99199820e+00
-4.26232861e-03 4.99196482e+00
-4.27067326e-03 4.99204731e+00
-4.24683141e-03 4.99199820e+00
-4.25517606e-03 4.99207211e+00
-4.27901791e-03 4.99189806e+00
-4.24802350e-03 4.99200296e+00
-4.27305745e-03 4.99194336e+00
-4.27424954e-03 4.99183035e+00
-4.27663373e-03 4.99196959e+00
-4.26113652e-03 4.99202108e+00
-4.24206303e-03 4.99189949e+00
-4.26590489e-03 4.99197912e+00
-4.25875233e-03 4.99194336e+00
-4.24206303e-03 4.99199343e+00
-4.27901791e-03 4.99192572e+00
-4.26113652e-03 4.99200439e+00
-4.25398396e-03 4.99202824e+00
-4.24802350e-03 4.99201870e+00
-4.26948117e-03 4.99199104e+00
-4.24325513e-03 4.99204111e+00
-4.26232861e-03 4.99208164e+00
-4.25040768e-03 4.99204111e+00
-4.24206303e-03 4.99214029e+00
-4.25398396e-03 4.99196148e+00
-4.26590489e-03 4.99195671e+00
-4.27424954e-03 4.99200773e+00
-4.25875233e-03 4.99199963e+00
-4.26828908e-03 4.99205208e+00
-4.25279187e-03 4.99212933e+00
-4.25636815e-03 4.99191856e+00
-4.26590489e-03 4.99204350e+00
-4.25159978e-03 4.99203300e+00
-4.27424954e-03 4.99193525e+00
-4.27544164e-03 4.99201250e+00
-4.25398396e-03 4.99205303e+00
-4.26352071e-03 4.99203062e+00
-4.26113652e-03 4.99199963e+00
-4.26471280e-03 4.99186134e+00
-4.24444722e-03 4.99206400e+00
-4.26828908e-03 4.99192667e+00
-4.25994443e-03 4.99214363e+00
-4.25994443e-03 4.99203062e+00
-4.25398396e-03 4.99215555e+00
-4.25636815e-03 4.99190998e+00
-4.24325513e-03 4.99192333e+00
-4.25159978e-03 4.99192905e+00
-4.26590489e-03 4.99204493e+00
-4.23252629e-03 4.99193048e+00
-4.25636815e-03 4.99205542e+00
-4.25636815e-03 4.99191141e+00
-4.25398396e-03 4.99201012e+00
-4.24206303e-03 4.99204969e+00
-4.25994443e-03 4.99198151e+00
-4.24087094e-03 4.99220324e+00
-4.25994443e-03 4.99208879e+00
-4.26709699e-03 4.99192095e+00
-4.26113652e-03 4.99202585e+00
-4.26113652e-03 4.99203539e+00
-4.26352071e-03 4.99204969e+00
-4.25159978e-03 4.99188042e+00
-4.25875233e-03 4.99175024e+00
-4.27782582e-03 4.99201488e+00
-4.25636815e-03 4.99204731e+00
-4.26590489e-03 4.99201632e+00
-4.26828908e-03 4.99210787e+00
-4.25398396e-03 4.99179220e+00
-4.25398396e-03 4.99194241e+00
-4.23491048e-03 4.99196863e+00
-4.26113652e-03 4.99196243e+00
-4.25636815e-03 4.99188757e+00
-4.28021001e-03 4.99193144e+00
-4.26232861e-03 4.99201393e+00
-4.26352071e-03 4.99188852e+00
-4.25756024e-03 4.99195194e+00
-4.24683141e-03 4.99202585e+00
-4.26232861e-03 4.99195671e+00
-4.23967885e-03 4.99204969e+00
-4.26709699e-03 4.99204111e+00
-4.26709699e-03 4.99194813e+00
-4.24802350e-03 4.99202681e+00
-4.25398396e-03 4.99189568e+00
-4.26709699e-03 4.99197912e+00
-4.25636815e-03 4.99201155e+00
-4.27305745e-03 4.99210930e+00
-4.26590489e-03 4.99197817e+00
-4.25875233e-03 4.99188519e+00
-4.27544164e-03 4.99181223e+00
-4.26113652e-03 4.99209976e+00
-4.25040768e-03 4.99200678e+00
-4.25994443e-03 4.99209023e+00
-4.25517606e-03 4.99197674e+00
-4.27067326e-03 4.99197912e+00
-4.25279187e-03 4.99210691e+00
-4.26113652e-03 4.99204493e+00
-4.28617047e-03 4.99189568e+00
-4.24683141e-03 4.99201870e+00
-4.26113652e-03 4.99209976e+00
-4.25875233e-03 4.99202681e+00
-4.25875233e-03 4.99196482e+00
-4.26471280e-03 4.99203396e+00
-4.25159978e-03 4.99208641e+00
-4.25756024e-03 4.99206972e+00
-4.26948117e-03 4.99188852e+00
-4.27305745e-03 4.99200439e+00
-4.24921559e-03 4.99198389e+00
-4.23967885e-03 4.99194956e+00
-4.24444722e-03 4.99192429e+00
-4.25756024e-03 4.99204731e+00
-4.26709699e-03 4.99187088e+00
-4.24325513e-03 4.99205685e+00
-4.25398396e-03 4.99210310e+00
-4.26590489e-03 4.99204826e+00
-4.27067326e-03 4.99187565e+00
-4.24802350e-03 4.99202442e+00
-4.25159978e-03 4.99205685e+00
-4.25756024e-03 4.99198532e+00
-4.25279187e-03 4.99192333e+00
-4.24087094e-03 4.99192572e+00
-4.25159978e-03 4.99188042e+00
-4.26590489e-03 4.99194717e+00
-4.25279187e-03 4.99201727e+00
-4.26590489e-03 4.99187660e+00
-4.25756024e-03 4.99204350e+00
-4.24802350e-03 4.99190426e+00
-4.27305745e-03 4.99199581e+00
-4.25517606e-03 4.99180651e+00
-4.25994443e-03 4.99203634e+00
-4.26471280e-03 4.99187422e+00
-4.24802350e-03 4.99200296e+00
-4.26352071e-03 4.99194717e+00
-4.25756024e-03 4.99195766e+00
-4.24683141e-03 4.99200678e+00
-4.25159978e-03 4.99189568e+00
-4.25279187e-03 4.99203777e+00
-4.25636815e-03 4.99201488e+00
-4.25279187e-03 4.99186611e+00
-4.26709699e-03 4.99193525e+00
-4.26709699e-03 4.99195671e+00
-4.25517606e-03 4.99205065e+00
-4.25636815e-03 4.99192429e+00
-4.27305745e-03 4.99210930e+00
-4.26352071e-03 4.99193048e+00
-4.23729466e-03 4.99188042e+00
-4.25636815e-03 4.99212122e+00
-4.22298955e-03 4.99208069e+00
-4.25517606e-03 4.99196243e+00
-4.25279187e-03 4.99191141e+00
-4.24444722e-03 4.99212217e+00
-4.26590489e-03 4.99200201e+00
-4.25279187e-03 4.99185419e+00
-4.25994443e-03 4.99200201e+00
-4.26113652e-03 4.99193048e+00
-4.25040768e-03 4.99202204e+00
-4.24683141e-03 4.99190998e+00
-4.25279187e-03 4.99199581e+00
-4.25636815e-03 4.99203062e+00
-4.25517606e-03 4.99198151e+00
-4.25159978e-03 4.99190664e+00
-4.27782582e-03 4.99196386e+00
-4.27663373e-03 4.99192667e+00
-4.27305745e-03 4.99188519e+00
-4.25636815e-03 4.99202108e+00
-4.25279187e-03 4.99199247e+00
-4.26352071e-03 4.99201393e+00
-4.26232861e-03 4.99193048e+00
-4.27424954e-03 4.99196482e+00
-4.25159978e-03 4.99190998e+00
-4.24087094e-03 4.99189472e+00
-4.26232861e-03 4.99194574e+00
-4.26590489e-03 4.99190903e+00
-4.25756024e-03 4.99194479e+00
-4.26948117e-03 4.99191618e+00
-4.26232861e-03 4.99204826e+00
-4.24921559e-03 4.99187803e+00
-4.26113652e-03 4.99190187e+00
-4.25159978e-03 4.99190664e+00
-4.25875233e-03 4.99199104e+00
-4.26113652e-03 4.99199963e+00
-4.26828908e-03 4.99209118e+00
-4.25517606e-03 4.99205923e+00
-4.26828908e-03 4.99200773e+00
-4.25159978e-03 4.99191952e+00
-4.25040768e-03 4.99206018e+00
-4.25279187e-03 4.99189234e+00
-4.26471280e-03 4.99193764e+00
-4.25517606e-03 4.99187183e+00
-4.25279187e-03 4.99196863e+00
-4.26590489e-03 4.99221516e+00
-4.27067326e-03 4.99196959e+00
-4.25875233e-03 4.99198866e+00
-4.26113652e-03 4.99195910e+00
-4.25994443e-03 4.99201870e+00
-4.25875233e-03 4.99190521e+00
-4.27663373e-03 4.99196720e+00
-4.25517606e-03 4.99200535e+00
-4.24802350e-03 4.99197435e+00
-4.28259419e-03 4.99193287e+00
-4.25159978e-03 4.99197912e+00
-4.26232861e-03 4.99198532e+00
-4.25040768e-03 4.99204969e+00
-4.26232861e-03 4.99197197e+00
-4.25279187e-03 4.99209261e+00
-4.24683141e-03 4.99203873e+00
-4.24563931e-03 4.99194717e+00
-4.24563931e-03 4.99190664e+00
-4.25159978e-03 4.99188614e+00
-4.28140210e-03 4.99187660e+00
-4.27901791e-03 4.99201965e+00
-4.25636815e-03 4.99206495e+00
-4.24802350e-03 4.99201393e+00
-4.26828908e-03 4.99206734e+00
-4.24921559e-03 4.99200535e+00
-4.25636815e-03 4.99195290e+00
-4.26113652e-03 4.99199581e+00
-4.25040768e-03 4.99205685e+00
-4.24206303e-03 4.99190760e+00
-4.25875233e-03 4.99191141e+00
-4.25159978e-03 4.99189949e+00
-4.25159978e-03 4.99184084e+00
-4.26471280e-03 4.99204254e+00
-4.26828908e-03 4.99204111e+00
-4.25875233e-03 4.99214602e+00
-4.26471280e-03 4.99193144e+00
-4.26113652e-03 4.99209261e+00
-4.25040768e-03 4.99201727e+00
-4.26828908e-03 4.99195528e+00
-4.24087094e-03 4.99185991e+00
-4.26590489e-03 4.99186850e+00
-4.25517606e-03 4.99190760e+00
-4.25040768e-03 4.99183989e+00
-4.26709699e-03 4.99197912e+00
-4.27186536e-03 4.99199581e+00
-4.24921559e-03 4.99195433e+00
-4.25279187e-03 4.99205303e+00
-4.23252629e-03 4.99204493e+00
-4.25756024e-03 4.99192095e+00
-4.25279187e-03 4.99202824e+00
-4.26590489e-03 4.99199820e+00
-4.25398396e-03 4.99190283e+00
-4.25636815e-03 4.99203539e+00
-4.26948117e-03 4.99198151e+00
-4.26471280e-03 4.99190521e+00
-4.25517606e-03 4.99204731e+00
-4.26113652e-03 4.99201250e+00
-4.27424954e-03 4.99196482e+00
-4.24683141e-03 4.99189472e+00
-4.24921559e-03 4.99179792e+00
-4.24802350e-03 4.99194717e+00
-4.24087094e-03 4.99206257e+00
-4.26471280e-03 4.99204969e+00
-4.25756024e-03 4.99192333e+00
-4.25636815e-03 4.99195290e+00
-4.27663373e-03 4.99193525e+00
-4.26232861e-03 4.99192190e+00
-4.25994443e-03 4.99203396e+00
-4.25279187e-03 4.99198294e+00
-4.25159978e-03 4.99195671e+00
-4.26471280e-03 4.99192095e+00
-4.26113652e-03 4.99193144e+00
-4.26471280e-03 4.99203873e+00
-4.25994443e-03 4.99200439e+00
-4.23252629e-03 4.99182320e+00
-4.25159978e-03 4.99193287e+00
-4.25875233e-03 4.99191380e+00
-4.25040768e-03 4.99196148e+00
-4.27424954e-03 4.99210453e+00
-4.26352071e-03 4.99204588e+00
-4.25279187e-03 4.99194956e+00
-4.24325513e-03 4.99201727e+00
-4.27067326e-03 4.99198866e+00
-4.24563931e-03 4.99194479e+00
-4.26232861e-03 4.99183846e+00
-4.24563931e-03 4.99192095e+00
-4.25875233e-03 4.99204969e+00
-4.26471280e-03 4.99215794e+00
-4.26828908e-03 4.99202108e+00
-4.26590489e-03 4.99194813e+00
-4.25279187e-03 4.99192190e+00
-4.24921559e-03 4.99195910e+00
-4.26709699e-03 4.99190903e+00
-4.26232861e-03 4.99202347e+00
-4.26232861e-03 4.99195671e+00
-4.27067326e-03 4.99198866e+00
-4.26590489e-03 4.99190760e+00
-4.24563931e-03 4.99206734e+00
-4.26590489e-03 4.99210072e+00
-4.26352071e-03 4.99198389e+00
-4.27186536e-03 4.99205780e+00
-4.25398396e-03 4.99184322e+00
-4.24087094e-03 4.99188042e+00
-4.23610257e-03 4.99201870e+00
-4.27186536e-03 4.99201250e+00
-4.26113652e-03 4.99198055e+00
-4.23967885e-03 4.99194717e+00
-4.24683141e-03 4.99213409e+00
-4.24325513e-03 4.99207687e+00
-4.27663373e-03 4.99207830e+00
-4.24802350e-03 4.99206400e+00
-4.25517606e-03 4.99191380e+00
-4.23848676e-03 4.99203539e+00
-4.26352071e-03 4.99199009e+00
-4.25398396e-03 4.99204826e+00
-4.24683141e-03 4.99193048e+00
-4.26709699e-03 4.99192095e+00
-4.25994443e-03 4.99200296e+00
-4.26828908e-03 4.99209833e+00
-4.23967885e-03 4.99200916e+00
-4.24802350e-03 4.99183989e+00
-4.26709699e-03 4.99204254e+00
-4.25994443e-03 4.99203777e+00
-4.26352071e-03 4.99208069e+00
-4.27186536e-03 4.99200916e+00
-4.26590489e-03 4.99208069e+00
-4.27186536e-03 4.99218082e+00
-4.25756024e-03 4.99197817e+00
-4.24444722e-03 4.99195290e+00
-4.27305745e-03 4.99207592e+00
-4.26113652e-03 4.99207115e+00
-4.26232861e-03 4.99185419e+00
-4.27544164e-03 4.99204969e+00
-4.26828908e-03 4.99204826e+00
-4.26471280e-03 4.99205780e+00
-4.25159978e-03 4.99200201e+00
-4.25994443e-03 4.99197435e+00
-4.24563931e-03 4.99197817e+00
-4.25875233e-03 4.99207115e+00
-4.25994443e-03 4.99201012e+00
-4.25756024e-03 4.99197435e+00
-4.24802350e-03 4.99194956e+00
-4.27305745e-03 4.99206972e+00
-4.26113652e-03 4.99199581e+00
-4.24087094e-03 4.99206400e+00
-4.25517606e-03 4.99204826e+00
-4.25040768e-03 4.99204969e+00
-4.25517606e-03 4.99210215e+00
-4.25398396e-03 4.99213314e+00
-4.24683141e-03 4.99201870e+00
-4.26709699e-03 4.99205685e+00
-4.25159978e-03 4.99198866e+00
-4.27901791e-03 4.99197674e+00
-4.25994443e-03 4.99205685e+00
-4.24802350e-03 4.99213648e+00
-4.25875233e-03 4.99202681e+00
-4.25994443e-03 4.99198389e+00
-4.26948117e-03 4.99195194e+00
-4.26471280e-03 4.99209356e+00
-4.25756024e-03 4.99202204e+00
-4.28021001e-03 4.99201870e+00
-4.26709699e-03 4.99203873e+00
-4.25398396e-03 4.99203300e+00
-4.25517606e-03 4.99201632e+00
-4.25636815e-03 4.99203634e+00
-4.25040768e-03 4.99205685e+00
-4.24802350e-03 4.99198294e+00
-4.26352071e-03 4.99183989e+00
-4.24444722e-03 4.99199724e+00
-4.25756024e-03 4.99197912e+00
-4.27782582e-03 4.99202442e+00
-4.25994443e-03 4.99203300e+00
-4.25159978e-03 4.99189711e+00
-4.26471280e-03 4.99193859e+00
-4.24802350e-03 4.99203157e+00
-4.25517606e-03 4.99182892e+00
-4.25636815e-03 4.99200916e+00
-4.26113652e-03 4.99195766e+00
-4.24921559e-03 4.99204969e+00
-4.26232861e-03 4.99199343e+00
-4.25517606e-03 4.99196005e+00
-4.25994443e-03 4.99204731e+00
-4.26352071e-03 4.99201488e+00
-4.25279187e-03 4.99205208e+00
-4.25875233e-03 4.99198055e+00
-4.24921559e-03 4.99216413e+00
-4.27424954e-03 4.99199724e+00
-4.24921559e-03 4.99201393e+00
-4.24206303e-03 4.99203396e+00
-4.27186536e-03 4.99209595e+00
-4.26232861e-03 4.99213409e+00
-4.28140210e-03 4.99196148e+00
-4.25875233e-03 4.99198866e+00
-4.25159978e-03 4.99201870e+00
-4.26709699e-03 4.99197674e+00
-4.27305745e-03 4.99203396e+00
-4.25279187e-03 4.99214363e+00
-4.26828908e-03 4.99199247e+00
-4.26232861e-03 4.99201870e+00
-4.25517606e-03 4.99201488e+00
-4.24563931e-03 4.99206877e+00
-4.25159978e-03 4.99205446e+00
-4.26471280e-03 4.99203396e+00
-4.26709699e-03 4.99208784e+00
-4.26232861e-03 4.99215555e+00
-4.25875233e-03 4.99206877e+00
-4.25636815e-03 4.99186134e+00
-4.25279187e-03 4.99212694e+00
-4.25875233e-03 4.99194002e+00
-4.27663373e-03 4.99203539e+00
-4.25994443e-03 4.99213886e+00
-4.27424954e-03 4.99200916e+00
-4.25398396e-03 4.99211740e+00
-4.24802350e-03 4.99205065e+00
-4.26352071e-03 4.99200439e+00
-4.25517606e-03 4.99198055e+00
-4.27067326e-03 4.99215221e+00
-4.26471280e-03 4.99202919e+00
-4.25756024e-03 4.99204493e+00
-4.26590489e-03 4.99209833e+00
-4.25279187e-03 4.99212122e+00
-4.26352071e-03 4.99199247e+00
-4.28378629e-03 4.99208164e+00
-4.24444722e-03 4.99214268e+00
-4.24206303e-03 4.99188280e+00
-4.27424954e-03 4.99217606e+00
-4.26113652e-03 4.99219370e+00
-4.23967885e-03 4.99184942e+00
-4.27067326e-03 4.99196386e+00
-4.24206303e-03 4.99207687e+00
-4.26113652e-03 4.99212933e+00
-4.24325513e-03 4.99203873e+00
-4.26352071e-03 4.99192429e+00
-4.25040768e-03 4.99212360e+00
-4.27544164e-03 4.99198866e+00
-4.26113652e-03 4.99201870e+00
-4.25875233e-03 4.99201632e+00
-4.26948117e-03 4.99207449e+00
-4.25994443e-03 4.99198866e+00
-4.27424954e-03 4.99201870e+00
-4.24563931e-03 4.99199963e+00
-4.25517606e-03 4.99203396e+00
-4.24921559e-03 4.99201155e+00
-4.27305745e-03 4.99191618e+00
-4.27067326e-03 4.99210787e+00
-4.25875233e-03 4.99185991e+00
-4.25756024e-03 4.99211979e+00
-4.26590489e-03 4.99204493e+00
-4.25040768e-03 4.99202681e+00
-4.24921559e-03 4.99196720e+00
-4.25040768e-03 4.99197197e+00
-4.25994443e-03 4.99194336e+00
-4.25040768e-03 4.99212360e+00
-4.26709699e-03 4.99211168e+00
-4.27544164e-03 4.99208784e+00
-4.25040768e-03 4.99205542e+00
-4.24683141e-03 4.99202824e+00
-4.26232861e-03 4.99203062e+00
-4.26948117e-03 4.99207592e+00
-4.24921559e-03 4.99204969e+00
-4.25040768e-03 4.99204350e+00
-4.24563931e-03 4.99212694e+00
-4.25517606e-03 4.99206638e+00
-4.25756024e-03 4.99209023e+00
-4.26709699e-03 4.99196386e+00
-4.24206303e-03 4.99207211e+00
-4.27186536e-03 4.99180889e+00
-4.26828908e-03 4.99216413e+00
-4.26113652e-03 4.99196482e+00
-4.26352071e-03 4.99198866e+00
-4.25040768e-03 4.99203777e+00
-4.26352071e-03 4.99206495e+00
-4.25398396e-03 4.99196482e+00
-4.27424954e-03 4.99205446e+00
-4.25517606e-03 4.99196959e+00
-4.26113652e-03 4.99200058e+00
-4.25875233e-03 4.99204493e+00
-4.24563931e-03 4.99207592e+00
-4.26232861e-03 4.99199247e+00
-4.25756024e-03 4.99208784e+00
-4.25517606e-03 4.99203634e+00
-4.26232861e-03 4.99204111e+00
-4.25040768e-03 4.99190283e+00
-4.26113652e-03 4.99206161e+00
-4.25159978e-03 4.99207687e+00
-4.25875233e-03 4.99211168e+00
-4.25994443e-03 4.99202919e+00
-4.25040768e-03 4.99205303e+00
-4.26113652e-03 4.99212933e+00
-4.23729466e-03 4.99209595e+00
-4.25398396e-03 4.99212360e+00
-4.26352071e-03 4.99206734e+00
-4.25159978e-03 4.99204016e+00
-4.25875233e-03 4.99206734e+00
-4.26113652e-03 4.99209595e+00
-4.26471280e-03 4.99202681e+00
-4.25994443e-03 4.99202347e+00
-4.26471280e-03 4.99202681e+00
-4.27305745e-03 4.99197435e+00
-4.25994443e-03 4.99200535e+00
-4.26828908e-03 4.99211884e+00
-4.25875233e-03 4.99198055e+00
-4.23729466e-03 4.99210215e+00
-4.25875233e-03 4.99196720e+00
-4.24802350e-03 4.99211407e+00
-4.25756024e-03 4.99220228e+00
-4.25756024e-03 4.99205208e+00
-4.26113652e-03 4.99203539e+00
-4.25756024e-03 4.99214363e+00
-4.26709699e-03 4.99200535e+00
-4.24683141e-03 4.99198866e+00
-4.26471280e-03 4.99197674e+00
-4.26352071e-03 4.99205923e+00
-4.26113652e-03 4.99190760e+00
-4.26709699e-03 4.99201870e+00
-4.25756024e-03 4.99198627e+00
-4.24802350e-03 4.99200678e+00
-4.26352071e-03 4.99203062e+00
-4.26709699e-03 4.99200773e+00
-4.25756024e-03 4.99204254e+00
-4.26352071e-03 4.99210691e+00
-4.27067326e-03 4.99203300e+00
-4.27305745e-03 4.99206018e+00
-4.26709699e-03 4.99194098e+00
-4.26948117e-03 4.99199009e+00
-4.26709699e-03 4.99206161e+00
-4.24921559e-03 4.99202681e+00
-4.25994443e-03 4.99199820e+00
-4.26590489e-03 4.99221277e+00
-4.24683141e-03 4.99199820e+00
-4.26590489e-03 4.99188042e+00
-4.23014211e-03 4.99197435e+00
-4.25040768e-03 4.99194002e+00
-4.26232861e-03 4.99197197e+00
-4.26352071e-03 4.99209595e+00
-4.25994443e-03 4.99213886e+00
-4.24563931e-03 4.99197102e+00
-4.24206303e-03 4.99198151e+00
-4.26471280e-03 4.99201393e+00
-4.24921559e-03 4.99201870e+00
-4.24683141e-03 4.99190903e+00
-4.26590489e-03 4.99199581e+00
-4.25875233e-03 4.99209356e+00
-4.25994443e-03 4.99204254e+00
-4.26590489e-03 4.99207449e+00
-4.25040768e-03 4.99199724e+00
-4.27186536e-03 4.99211645e+00
-4.24802350e-03 4.99205542e+00
-4.26590489e-03 4.99183369e+00
-4.26232861e-03 4.99209356e+00
-4.25636815e-03 4.99194813e+00
-4.25756024e-03 4.99194098e+00
-4.25398396e-03 4.99202347e+00
-4.24683141e-03 4.99196482e+00
-4.25159978e-03 4.99199724e+00
-4.27305745e-03 4.99201488e+00
-4.24563931e-03 4.99195671e+00
-4.26948117e-03 4.99205446e+00
-4.23014211e-03 4.99190426e+00
-4.26232861e-03 4.99199820e+00
-4.25875233e-03 4.99200439e+00
-4.27067326e-03 4.99204254e+00
-4.26590489e-03 4.99201155e+00
-4.25159978e-03 4.99210072e+00
-4.26113652e-03 4.99201393e+00
-4.25636815e-03 4.99212694e+00
-4.25517606e-03 4.99203300e+00
-4.25636815e-03 4.99193525e+00
-4.25756024e-03 4.99204731e+00
-4.25040768e-03 4.99211645e+00
-4.24921559e-03 4.99194098e+00
-4.25040768e-03 4.99206734e+00
-4.26471280e-03 4.99194241e+00
-4.27186536e-03 4.99191475e+00
-4.25994443e-03 4.99206638e+00
-4.26471280e-03 4.99196386e+00
-4.24683141e-03 4.99207592e+00
-4.26590489e-03 4.99199963e+00
-4.25994443e-03 4.99208307e+00
-4.25994443e-03 4.99194813e+00
-4.24206303e-03 4.99198294e+00
-4.27305745e-03 4.99207354e+00
-4.26352071e-03 4.99203062e+00
-4.25040768e-03 4.99191856e+00
-4.27067326e-03 4.99197197e+00
-4.23729466e-03 4.99203634e+00
-4.27186536e-03 4.99187088e+00
-4.25756024e-03 4.99193764e+00
-4.26590489e-03 4.99199486e+00
-4.26828908e-03 4.99202347e+00
-4.25398396e-03 4.99213552e+00
-4.26471280e-03 4.99192429e+00
-4.26113652e-03 4.99202824e+00
-4.26352071e-03 4.99194717e+00
-4.25040768e-03 4.99196148e+00
-4.26590489e-03 4.99203300e+00
-4.24444722e-03 4.99195290e+00
-4.24206303e-03 4.99208784e+00
-4.26590489e-03 4.99206734e+00
-4.26948117e-03 4.99199963e+00
-4.24802350e-03 4.99212456e+00
-4.25756024e-03 4.99207449e+00
-4.23729466e-03 4.99198866e+00
-4.26232861e-03 4.99201250e+00
-4.25279187e-03 4.99189568e+00
-4.27544164e-03 4.99189472e+00
-4.26232861e-03 4.99210691e+00
-4.25636815e-03 4.99192667e+00
-4.25636815e-03 4.99198866e+00
-4.25398396e-03 4.99213791e+00
-4.26709699e-03 4.99190903e+00
-4.24683141e-03 4.99190664e+00
-4.26232861e-03 4.99199486e+00
-4.25994443e-03 4.99199724e+00
-4.26590489e-03 4.99184942e+00
-4.25159978e-03 4.99203157e+00
-4.24683141e-03 4.99191141e+00
-4.25279187e-03 4.99206400e+00
-4.24444722e-03 4.99201250e+00
-4.26352071e-03 4.99201155e+00
-4.26471280e-03 4.99201632e+00
-4.26590489e-03 4.99190521e+00
-4.26828908e-03 4.99199820e+00
-4.26590489e-03 4.99202108e+00
-4.25756024e-03 4.99197578e+00
-4.26948117e-03 4.99200201e+00
-4.25398396e-03 4.99204826e+00
-4.24683141e-03 4.99195290e+00
-4.26590489e-03 4.99192905e+00
-4.25517606e-03 4.99202442e+00
-4.27186536e-03 4.99195528e+00
-4.25636815e-03 4.99199581e+00
-4.24206303e-03 4.99190426e+00
-4.23967885e-03 4.99198151e+00
-4.24563931e-03 4.99199009e+00
-4.23967885e-03 4.99203300e+00
-4.24683141e-03 4.99205923e+00
-4.25279187e-03 4.99201632e+00
-4.25040768e-03 4.99197435e+00
-4.25517606e-03 4.99201393e+00
-4.23967885e-03 4.99211264e+00
-4.24921559e-03 4.99196720e+00
-4.26709699e-03 4.99198866e+00
-4.25398396e-03 4.99187660e+00
-4.24325513e-03 4.99197674e+00
-4.25159978e-03 4.99206638e+00
-4.25040768e-03 4.99198627e+00
-4.26232861e-03 4.99206972e+00
-4.25756024e-03 4.99202585e+00
-4.25517606e-03 4.99200439e+00
-4.24802350e-03 4.99198294e+00
-4.24921559e-03 4.99210691e+00
-4.26828908e-03 4.99186945e+00
-4.26352071e-03 4.99207830e+00
-4.24802350e-03 4.99205065e+00
-4.25517606e-03 4.99199963e+00
-4.26471280e-03 4.99199247e+00
-4.25517606e-03 4.99199104e+00
-4.25636815e-03 4.99203157e+00
-4.25159978e-03 4.99205208e+00
-4.25636815e-03 4.99200916e+00
-4.25875233e-03 4.99194479e+00
-4.24325513e-03 4.99199247e+00
-4.24444722e-03 4.99213171e+00
-4.23610257e-03 4.99198151e+00
-4.25279187e-03 4.99209023e+00
-4.25875233e-03 4.99205065e+00
-4.25994443e-03 4.99217463e+00
-4.24921559e-03 4.99204493e+00
-4.26352071e-03 4.99213886e+00
-4.23729466e-03 4.99178982e+00
-4.25159978e-03 4.99200296e+00
-4.26948117e-03 4.99201632e+00
-4.26113652e-03 4.99198771e+00
-4.25875233e-03 4.99210072e+00
-4.25517606e-03 4.99210930e+00
-4.24683141e-03 4.99203396e+00
-4.26352071e-03 4.99192810e+00
-4.26113652e-03 4.99199009e+00
-4.25159978e-03 4.99201965e+00
-4.25875233e-03 4.99205208e+00
-4.25279187e-03 4.99198294e+00
-4.24802350e-03 4.99204493e+00
-4.25756024e-03 4.99195671e+00
-4.26590489e-03 4.99192429e+00
-4.25875233e-03 4.99201012e+00
-4.23967885e-03 4.99195194e+00
-4.26471280e-03 4.99202347e+00
-4.26352071e-03 4.99198532e+00
-4.25398396e-03 4.99194336e+00
-4.27067326e-03 4.99196005e+00
-4.25517606e-03 4.99191856e+00
-4.25636815e-03 4.99209356e+00
-4.26352071e-03 4.99199486e+00
-4.25398396e-03 4.99191713e+00
-4.25517606e-03 4.99205208e+00
-4.25875233e-03 4.99189949e+00
-4.25994443e-03 4.99196959e+00
-4.26828908e-03 4.99195528e+00
-4.24921559e-03 4.99209023e+00
-4.25279187e-03 4.99201488e+00
-4.26828908e-03 4.99199724e+00
-4.25994443e-03 4.99184322e+00
-4.25517606e-03 4.99195528e+00
-4.22537373e-03 4.99195194e+00
-4.24683141e-03 4.99190187e+00
-4.25994443e-03 4.99200916e+00
-4.26948117e-03 4.99205685e+00
-4.25040768e-03 4.99192095e+00
-4.24921559e-03 4.99196720e+00
-4.26471280e-03 4.99202585e+00
-4.24087094e-03 4.99204111e+00
-4.26113652e-03 4.99199104e+00
-4.25994443e-03 4.99192095e+00
-4.25517606e-03 4.99189329e+00
-4.25875233e-03 4.99191713e+00
-4.23252629e-03 4.99196959e+00
-4.26471280e-03 4.99209976e+00
-4.24802350e-03 4.99194813e+00
-4.26709699e-03 4.99194574e+00
-4.27663373e-03 4.99190903e+00
-4.25636815e-03 4.99190664e+00
-4.24087094e-03 4.99200296e+00
-4.24206303e-03 4.99198294e+00
-4.27424954e-03 4.99188757e+00
-4.24921559e-03 4.99185276e+00
-4.25517606e-03 4.99201250e+00
-4.25279187e-03 4.99210930e+00
-4.24802350e-03 4.99193048e+00
-4.23729466e-03 4.99196148e+00
-4.23967885e-03 4.99205065e+00
-4.26352071e-03 4.99196482e+00
-4.24206303e-03 4.99205923e+00
-4.26113652e-03 4.99209833e+00
-4.27305745e-03 4.99196148e+00
-4.24325513e-03 4.99198055e+00
-4.24921559e-03 4.99201632e+00
-4.25756024e-03 4.99199247e+00
-4.26352071e-03 4.99199581e+00
-4.25159978e-03 4.99194574e+00
-4.25636815e-03 4.99209356e+00
-4.25517606e-03 4.99202824e+00
-4.24444722e-03 4.99201870e+00
-4.24683141e-03 4.99209738e+00
-4.25517606e-03 4.99202824e+00
-4.23967885e-03 4.99194241e+00
-4.25636815e-03 4.99199724e+00
-4.25875233e-03 4.99201632e+00
-4.24087094e-03 4.99200678e+00
-4.25756024e-03 4.99192667e+00
-4.24683141e-03 4.99201250e+00
-4.25636815e-03 4.99196005e+00
-4.25994443e-03 4.99195910e+00
-4.24087094e-03 4.99203634e+00
-4.26352071e-03 4.99213409e+00
-4.25756024e-03 4.99211025e+00
-4.24206303e-03 4.99199724e+00
-4.26828908e-03 4.99196625e+00
-4.25636815e-03 4.99201155e+00
-4.23967885e-03 4.99215937e+00
-4.23610257e-03 4.99208546e+00
-4.27663373e-03 4.99204350e+00
-4.24563931e-03 4.99199247e+00
-4.24325513e-03 4.99193525e+00
-4.25159978e-03 4.99206638e+00
-4.24802350e-03 4.99199486e+00
-4.24683141e-03 4.99201155e+00
-4.26352071e-03 4.99196720e+00
-4.25636815e-03 4.99196482e+00
-4.25279187e-03 4.99214363e+00
-4.25636815e-03 4.99197674e+00
-4.26590489e-03 4.99200201e+00
-4.24563931e-03 4.99202204e+00
-4.24325513e-03 4.99210691e+00
-4.25040768e-03 4.99203300e+00
-4.24683141e-03 4.99210691e+00
-4.24921559e-03 4.99214745e+00
-4.23848676e-03 4.99211168e+00
-4.24206303e-03 4.99200296e+00
-4.26828908e-03 4.99206638e+00
-4.25636815e-03 4.99206638e+00
-4.25398396e-03 4.99221039e+00
-4.25279187e-03 4.99199486e+00
-4.26113652e-03 4.99196005e+00
-4.25040768e-03 4.99199486e+00
-4.26828908e-03 4.99195194e+00
-4.24802350e-03 4.99197102e+00
-4.25040768e-03 4.99193144e+00
-4.26113652e-03 4.99212360e+00
-4.24683141e-03 4.99222374e+00
-4.25159978e-03 4.99205446e+00
-4.24206303e-03 4.99204350e+00
-4.25279187e-03 4.99203157e+00
-4.27424954e-03 4.99204254e+00
-4.26709699e-03 4.99193859e+00
-4.23967885e-03 4.99193287e+00
-4.25756024e-03 4.99203634e+00
-4.27782582e-03 4.99210691e+00
-4.24683141e-03 4.99195766e+00
-4.25279187e-03 4.99202204e+00
-4.24683141e-03 4.99203634e+00
-4.25040768e-03 4.99197102e+00
-4.25398396e-03 4.99200201e+00
-4.26828908e-03 4.99204350e+00
-4.25517606e-03 4.99206400e+00
-4.26828908e-03 4.99207830e+00
-4.25636815e-03 4.99203396e+00
-4.25994443e-03 4.99209976e+00
-4.24206303e-03 4.99203396e+00
-4.24087094e-03 4.99209738e+00
-4.26590489e-03 4.99210787e+00
-4.25040768e-03 4.99221659e+00
-4.24325513e-03 4.99206638e+00
-4.26113652e-03 4.99215460e+00
-4.24802350e-03 4.99199104e+00
-4.26590489e-03 4.99212933e+00
-4.25875233e-03 4.99214983e+00
-4.25756024e-03 4.99214840e+00
-4.25398396e-03 4.99205303e+00
-4.24683141e-03 4.99219608e+00
-4.24563931e-03 4.99209261e+00
-4.24444722e-03 4.99198771e+00
-4.24444722e-03 4.99202681e+00
-4.26113652e-03 4.99201965e+00
-4.24802350e-03 4.99195290e+00
-4.24325513e-03 4.99210072e+00
-4.25279187e-03 4.99195433e+00
-4.26113652e-03 4.99203539e+00
-4.25398396e-03 4.99203300e+00
-4.26232861e-03 4.99208307e+00
-4.25994443e-03 4.99189091e+00
-4.26948117e-03 4.99205780e+00
-4.27186536e-03 4.99209595e+00
-4.26471280e-03 4.99203539e+00
-4.25398396e-03 4.99209499e+00
-4.25159978e-03 4.99209023e+00
-4.24921559e-03 4.99206877e+00
-4.24921559e-03 4.99205685e+00
-4.26113652e-03 4.99210072e+00
-4.23729466e-03 4.99194574e+00
-4.25994443e-03 4.99207211e+00
-4.24444722e-03 4.99210215e+00
-4.24325513e-03 4.99209738e+00
-4.24563931e-03 4.99217606e+00
-4.25636815e-03 4.99203300e+00
-4.25040768e-03 4.99206161e+00
-4.25636815e-03 4.99203396e+00
-4.25756024e-03 4.99220562e+00
-4.26113652e-03 4.99200296e+00
-4.24325513e-03 4.99197435e+00
-4.25159978e-03 4.99202919e+00
-4.25279187e-03 4.99196148e+00
-4.26471280e-03 4.99206257e+00
-4.25159978e-03 4.99206734e+00
-4.25159978e-03 4.99194479e+00
-4.23491048e-03 4.99187088e+00
-4.26828908e-03 4.99199581e+00
-4.25517606e-03 4.99201393e+00
-4.26352071e-03 4.99199963e+00
-4.27305745e-03 4.99201870e+00
-4.25636815e-03 4.99198151e+00
-4.25994443e-03 4.99207211e+00
-4.26232861e-03 4.99205923e+00
-4.25994443e-03 4.99204111e+00
-4.25756024e-03 4.99192190e+00
-4.25159978e-03 4.99199343e+00
-4.26948117e-03 4.99197578e+00
-4.26232861e-03 4.99196005e+00
-4.26113652e-03 4.99205685e+00
-4.24087094e-03 4.99205542e+00
-4.26471280e-03 4.99212456e+00
-4.24802350e-03 4.99197674e+00
-4.26232861e-03 4.99194956e+00
-4.27663373e-03 4.99191856e+00
-4.25875233e-03 4.99200916e+00
-4.24802350e-03 4.99209356e+00
-4.26352071e-03 4.99206734e+00
-4.25756024e-03 4.99203062e+00
-4.25875233e-03 4.99196005e+00
-4.26232861e-03 4.99196720e+00
-4.24921559e-03 4.99208546e+00
-4.23729466e-03 4.99197674e+00
-4.25756024e-03 4.99191952e+00
-4.27305745e-03 4.99208164e+00
-4.26232861e-03 4.99200439e+00
-4.24444722e-03 4.99197340e+00
-4.23491048e-03 4.99207211e+00
-4.25517606e-03 4.99197578e+00
-4.26948117e-03 4.99203539e+00
-4.25279187e-03 4.99194956e+00
-4.25517606e-03 4.99200916e+00
-4.27186536e-03 4.99212933e+00
-4.27663373e-03 4.99201870e+00
-4.26232861e-03 4.99201488e+00
-4.27186536e-03 4.99197435e+00
-4.25398396e-03 4.99210548e+00
-4.25636815e-03 4.99212694e+00
-4.26113652e-03 4.99202919e+00
-4.25875233e-03 4.99203062e+00
-4.25756024e-03 4.99198771e+00
-4.24563931e-03 4.99207687e+00
-4.23491048e-03 4.99202681e+00
-4.24444722e-03 4.99202347e+00
-4.26232861e-03 4.99196720e+00
-4.25517606e-03 4.99203300e+00
-4.25517606e-03 4.99204493e+00
-4.25517606e-03 4.99186230e+00
-4.24921559e-03 4.99204969e+00
-4.26709699e-03 4.99200058e+00
-4.26352071e-03 4.99201393e+00
-4.25756024e-03 4.99199009e+00
-4.25875233e-03 4.99190426e+00
-4.25756024e-03 4.99214602e+00
-4.25636815e-03 4.99211740e+00
-4.25636815e-03 4.99195290e+00
-4.26471280e-03 4.99207354e+00
-4.23848676e-03 4.99208641e+00
-4.25398396e-03 4.99197912e+00
-4.26590489e-03 4.99213791e+00
-4.26232861e-03 4.99198627e+00
-4.25159978e-03 4.99207449e+00
-4.25756024e-03 4.99190426e+00
-4.25517606e-03 4.99201155e+00
-4.24683141e-03 4.99203300e+00
-4.25159978e-03 4.99214029e+00
-4.25398396e-03 4.99198866e+00
-4.24921559e-03 4.99212456e+00
-4.25279187e-03 4.99213552e+00
-4.23610257e-03 4.99194956e+00
-4.26590489e-03 4.99203396e+00
-4.24444722e-03 4.99201870e+00
-4.25875233e-03 4.99209023e+00
-4.24325513e-03 4.99205923e+00
-4.28497838e-03 4.99209833e+00
-4.25756024e-03 4.99210310e+00
-4.26471280e-03 4.99224281e+00
-4.27544164e-03 4.99202681e+00
-4.24802350e-03 4.99207687e+00
-4.25398396e-03 4.99197102e+00
-4.27067326e-03 4.99209976e+00
-4.25875233e-03 4.99194813e+00
-4.25040768e-03 4.99205065e+00
-4.25636815e-03 4.99206972e+00
-4.25756024e-03 4.99212933e+00
-4.25994443e-03 4.99217701e+00
-4.24921559e-03 4.99213314e+00
-4.25398396e-03 4.99222231e+00
-4.24444722e-03 4.99192572e+00
-4.24921559e-03 4.99207449e+00
-4.24087094e-03 4.99206638e+00
-4.24563931e-03 4.99212837e+00
-4.25636815e-03 4.99205065e+00
-4.26471280e-03 4.99194241e+00
-4.26113652e-03 4.99201488e+00
-4.25994443e-03 4.99196482e+00
-4.25517606e-03 4.99209118e+00
-4.25875233e-03 4.99192667e+00
-4.27544164e-03 4.99217701e+00
-4.25279187e-03 4.99201250e+00
-4.25279187e-03 4.99194574e+00
-4.24325513e-03 4.99206495e+00
-4.26828908e-03 4.99215078e+00
-4.23967885e-03 4.99218082e+00
-4.25517606e-03 4.99194813e+00
-4.26232861e-03 4.99205208e+00
-4.26590489e-03 4.99221182e+00
-4.25040768e-03 4.99210453e+00
-4.27544164e-03 4.99200916e+00
-4.24802350e-03 4.99201965e+00
-4.26113652e-03 4.99209356e+00
-4.25040768e-03 4.99206972e+00
-4.24206303e-03 4.99209118e+00
-4.25636815e-03 4.99213648e+00
-4.26352071e-03 4.99192095e+00
-4.28378629e-03 4.99211884e+00
-4.25517606e-03 4.99202919e+00
-4.26113652e-03 4.99212217e+00
-4.25756024e-03 4.99205542e+00
-4.26113652e-03 4.99206638e+00
-4.26471280e-03 4.99198389e+00
-4.24563931e-03 4.99208069e+00
-4.25756024e-03 4.99204493e+00
-4.26352071e-03 4.99214125e+00
-4.27186536e-03 4.99198151e+00
-4.26232861e-03 4.99199343e+00
-4.24802350e-03 4.99205065e+00
-4.25040768e-03 4.99197340e+00
-4.26113652e-03 4.99198771e+00
-4.26352071e-03 4.99204969e+00
-4.26948117e-03 4.99205923e+00
-4.24921559e-03 4.99212837e+00
-4.25398396e-03 4.99222374e+00
-4.24683141e-03 4.99193525e+00
-4.25279187e-03 4.99206734e+00
-4.25994443e-03 4.99210310e+00
-4.24325513e-03 4.99201727e+00
-4.25398396e-03 4.99219847e+00
-4.23848676e-03 4.99209023e+00
-4.25279187e-03 4.99198055e+00
-4.27067326e-03 4.99204111e+00
-4.24444722e-03 4.99215317e+00
-4.24683141e-03 4.99221182e+00
-4.24921559e-03 4.99209499e+00
-4.24683141e-03 4.99216413e+00
-4.28140210e-03 4.99211264e+00
-4.24444722e-03 4.99206018e+00
-4.26709699e-03 4.99201155e+00
-4.23729466e-03 4.99206877e+00
-4.25994443e-03 4.99210787e+00
-4.25756024e-03 4.99200296e+00
-4.26471280e-03 4.99215794e+00
-4.27186536e-03 4.99210930e+00
-4.24802350e-03 4.99217463e+00
-4.26828908e-03 4.99217129e+00
-4.23967885e-03 4.99196720e+00
-4.25994443e-03 4.99213076e+00
-4.26590489e-03 4.99197340e+00
-4.24683141e-03 4.99201393e+00
-4.25994443e-03 4.99206638e+00
-4.24921559e-03 4.99214745e+00
-4.25756024e-03 4.99211645e+00
-4.25398396e-03 4.99215555e+00
-4.26232861e-03 4.99209595e+00
-4.23610257e-03 4.99200201e+00
-4.25040768e-03 4.99212456e+00
-4.26232861e-03 4.99211884e+00
-4.24683141e-03 4.99208403e+00
-4.25040768e-03 4.99212933e+00
-4.24563931e-03 4.99204493e+00
-4.26828908e-03 4.99212360e+00
-4.26471280e-03 4.99207115e+00
-4.24087094e-03 4.99216747e+00
-4.26948117e-03 4.99209261e+00
-4.26232861e-03 4.99216509e+00
-4.24921559e-03 4.99203062e+00
-4.25517606e-03 4.99204111e+00
-4.25875233e-03 4.99213076e+00
-4.25159978e-03 4.99220943e+00
-4.25517606e-03 4.99215078e+00
-4.24325513e-03 4.99222469e+00
-4.26471280e-03 4.99206877e+00
-4.26232861e-03 4.99203396e+00
-4.26232861e-03 4.99214268e+00
-4.27305745e-03 4.99216175e+00
-4.26709699e-03 4.99209499e+00
-4.25040768e-03 4.99216986e+00
-4.24802350e-03 4.99220705e+00
-4.24921559e-03 4.99212599e+00
-4.25398396e-03 4.99208403e+00
-4.25756024e-03 4.99216747e+00
-4.24444722e-03 4.99223328e+00
-4.23967885e-03 4.99214363e+00
-4.26352071e-03 4.99206257e+00
-4.26113652e-03 4.99212360e+00
-4.26113652e-03 4.99209356e+00
-4.25756024e-03 4.99196482e+00
-4.26828908e-03 4.99184465e+00
-4.25279187e-03 4.99206161e+00
-4.25159978e-03 4.99204016e+00
-4.27424954e-03 4.99199724e+00
-4.25875233e-03 4.99198627e+00
-4.25994443e-03 4.99200296e+00
-4.25040768e-03 4.99201727e+00
-4.23967885e-03 4.99199581e+00
-4.25636815e-03 4.99211407e+00
-4.25398396e-03 4.99202204e+00
-4.25756024e-03 4.99202347e+00
-4.25994443e-03 4.99199581e+00
-4.26113652e-03 4.99200678e+00
-4.26590489e-03 4.99201488e+00
-4.25756024e-03 4.99210310e+00
-4.25398396e-03 4.99202585e+00
-4.24563931e-03 4.99206877e+00
-4.24802350e-03 4.99207449e+00
-4.25159978e-03 4.99208546e+00
-4.25756024e-03 4.99200201e+00
-4.25159978e-03 4.99204731e+00
-4.25517606e-03 4.99204111e+00
-4.26828908e-03 4.99194336e+00
-4.27901791e-03 4.99195910e+00
-4.25517606e-03 4.99212456e+00
-4.27901791e-03 4.99206972e+00
-4.25040768e-03 4.99216032e+00
-4.27067326e-03 4.99194241e+00
-4.27782582e-03 4.99202442e+00
-4.25279187e-03 4.99200439e+00
-4.27067326e-03 4.99206495e+00
-4.24921559e-03 4.99201870e+00
-4.24563931e-03 4.99192810e+00
-4.25756024e-03 4.99197102e+00
-4.25398396e-03 4.99201155e+00
-4.26232861e-03 4.99205542e+00
-4.25159978e-03 4.99208069e+00
-4.25159978e-03 4.99198294e+00
-4.26948117e-03 4.99200296e+00
-4.25040768e-03 4.99200678e+00
-4.25517606e-03 4.99209356e+00
-4.24921559e-03 4.99199820e+00
-4.25636815e-03 4.99197578e+00
-4.25994443e-03 4.99199581e+00
-4.26709699e-03 4.99201155e+00
-4.25040768e-03 4.99202919e+00
-4.25756024e-03 4.99194241e+00
-4.24325513e-03 4.99197102e+00
-4.25875233e-03 4.99193859e+00
-4.27901791e-03 4.99198389e+00
-4.26113652e-03 4.99188852e+00
-4.26352071e-03 4.99202919e+00
-4.25040768e-03 4.99197340e+00
-4.25875233e-03 4.99207830e+00
-4.24683141e-03 4.99201012e+00
-4.24802350e-03 4.99206495e+00
-4.26113652e-03 4.99198866e+00
-4.24802350e-03 4.99194336e+00
-4.26828908e-03 4.99194336e+00
-4.27305745e-03 4.99201870e+00
-4.26590489e-03 4.99187803e+00
-4.25756024e-03 4.99200773e+00
-4.26232861e-03 4.99206161e+00
-4.25636815e-03 4.99193382e+00
-4.24325513e-03 4.99211407e+00
-4.25398396e-03 4.99204826e+00
-4.25636815e-03 4.99199581e+00
-4.26471280e-03 4.99189329e+00
-4.25279187e-03 4.99192572e+00
-4.25994443e-03 4.99205208e+00
-4.25279187e-03 4.99195528e+00
-4.26352071e-03 4.99211407e+00
-4.25636815e-03 4.99193859e+00
-4.25040768e-03 4.99196482e+00
-4.23848676e-03 4.99189329e+00
-4.25636815e-03 4.99205446e+00
-4.25040768e-03 4.99190283e+00
-4.25517606e-03 4.99193764e+00
-4.24563931e-03 4.99200678e+00
-4.25994443e-03 4.99203539e+00
-4.24921559e-03 4.99179554e+00
-4.26352071e-03 4.99196243e+00
-4.25875233e-03 4.99205303e+00
-4.25279187e-03 4.99201155e+00
-4.26232861e-03 4.99197102e+00
-4.26471280e-03 4.99199009e+00
-4.26948117e-03 4.99198866e+00
-4.25875233e-03 4.99195194e+00
-4.25636815e-03 4.99185419e+00
-4.25875233e-03 4.99204350e+00
-4.25279187e-03 4.99188519e+00
-4.26232861e-03 4.99198627e+00
-4.27186536e-03 4.99190426e+00
-4.27424954e-03 4.99195433e+00
-4.25636815e-03 4.99202204e+00
-4.25159978e-03 4.99188375e+00
-4.25756024e-03 4.99191236e+00
-4.24444722e-03 4.99190998e+00
-4.23967885e-03 4.99190187e+00
-4.25756024e-03 4.99186945e+00
-4.26709699e-03 4.99191856e+00
-4.25159978e-03 4.99199009e+00
-4.26590489e-03 4.99196863e+00
-4.25159978e-03 4.99202585e+00
-4.28140210e-03 4.99204016e+00
-4.27663373e-03 4.99203062e+00
-4.25279187e-03 4.99197674e+00
-4.25756024e-03 4.99184227e+00
-4.24921559e-03 4.99201393e+00
-4.24802350e-03 4.99193382e+00
-4.25994443e-03 4.99192905e+00
-4.25636815e-03 4.99207687e+00
-4.24087094e-03 4.99210453e+00
-4.25279187e-03 4.99198771e+00
-4.25040768e-03 4.99195671e+00
-4.26352071e-03 4.99194479e+00
-4.24206303e-03 4.99198771e+00
-4.25994443e-03 4.99200439e+00
-4.26709699e-03 4.99198055e+00
-4.26352071e-03 4.99207115e+00
-4.24563931e-03 4.99201965e+00
-4.24802350e-03 4.99199820e+00
-4.25994443e-03 4.99182320e+00
-4.26471280e-03 4.99197912e+00
-4.26232861e-03 4.99195528e+00
-4.25875233e-03 4.99202347e+00
-4.25517606e-03 4.99204969e+00
-4.26948117e-03 4.99200058e+00
-4.25517606e-03 4.99195528e+00
-4.23967885e-03 4.99195671e+00
-4.26113652e-03 4.99208641e+00
-4.25517606e-03 4.99203300e+00
-4.26948117e-03 4.99186611e+00
-4.25994443e-03 4.99205542e+00
-4.25517606e-03 4.99204254e+00
-4.25159978e-03 4.99196005e+00
-4.23848676e-03 4.99191952e+00
-4.24921559e-03 4.99188519e+00
-4.27186536e-03 4.99198389e+00
-4.25398396e-03 4.99191236e+00
-4.26709699e-03 4.99203539e+00
-4.25040768e-03 4.99198771e+00
-4.25994443e-03 4.99197674e+00
-4.25517606e-03 4.99201488e+00
-4.25636815e-03 4.99200773e+00
-4.26232861e-03 4.99210930e+00
-4.26828908e-03 4.99218655e+00
-4.24087094e-03 4.99196863e+00
-4.25398396e-03 4.99208641e+00
-4.23967885e-03 4.99202681e+00
-4.25994443e-03 4.99197912e+00
-4.26232861e-03 4.99212599e+00
-4.26709699e-03 4.99201393e+00
-4.27067326e-03 4.99207449e+00
-4.24206303e-03 4.99199247e+00
-4.26113652e-03 4.99198389e+00
-4.24921559e-03 4.99189806e+00
-4.26590489e-03 4.99198771e+00
-4.26352071e-03 4.99199724e+00
-4.26709699e-03 4.99190664e+00
-4.24325513e-03 4.99200439e+00
-4.27424954e-03 4.99200916e+00
-4.24206303e-03 4.99190426e+00
-4.26232861e-03 4.99207354e+00
-4.23967885e-03 4.99199581e+00
-4.26471280e-03 4.99207115e+00
-4.25040768e-03 4.99205923e+00
-4.25875233e-03 4.99190998e+00
-4.27186536e-03 4.99208879e+00
-4.27067326e-03 4.99197340e+00
-4.23967885e-03 4.99202108e+00
-4.27663373e-03 4.99191856e+00
-4.26709699e-03 4.99195194e+00
-4.25517606e-03 4.99203300e+00
-4.27544164e-03 4.99193859e+00
-4.26232861e-03 4.99197197e+00
-4.23252629e-03 4.99223328e+00
-4.25517606e-03 4.99202824e+00
-4.25636815e-03 4.99200678e+00
-4.25279187e-03 4.99199009e+00
-4.26352071e-03 4.99204016e+00
-4.25994443e-03 4.99203634e+00
-4.24683141e-03 4.99202108e+00
-4.26352071e-03 4.99209833e+00
-4.25756024e-03 4.99209118e+00
-4.26828908e-03 4.99188757e+00
-4.25279187e-03 4.99208879e+00
-4.25040768e-03 4.99198627e+00
-4.26352071e-03 4.99213791e+00
-4.25994443e-03 4.99206400e+00
-4.24206303e-03 4.99199724e+00
-4.24325513e-03 4.99215698e+00
-4.24206303e-03 4.99211407e+00
-4.25517606e-03 4.99213552e+00
-4.25636815e-03 4.99196482e+00
-4.26471280e-03 4.99195290e+00
-4.25875233e-03 4.99205542e+00
-4.25756024e-03 4.99207592e+00
-4.25636815e-03 4.99197102e+00
-4.27186536e-03 4.99196005e+00
-4.26232861e-03 4.99196625e+00
-4.25756024e-03 4.99212360e+00
-4.26948117e-03 4.99214983e+00
-4.26232861e-03 4.99206018e+00
-4.26352071e-03 4.99216747e+00
-4.25756024e-03 4.99206734e+00
-4.27544164e-03 4.99207449e+00
-4.25159978e-03 4.99214983e+00
-4.23848676e-03 4.99214840e+00
-4.25875233e-03 4.99201012e+00
-4.27186536e-03 4.99213886e+00
-4.26828908e-03 4.99218655e+00
-4.25756024e-03 4.99200773e+00
-4.24802350e-03 4.99207115e+00
-4.27663373e-03 4.99216032e+00
-4.27067326e-03 4.99211645e+00
-4.25279187e-03 4.99208879e+00
-4.27424954e-03 4.99208641e+00
-4.27305745e-03 4.99204969e+00
-4.24563931e-03 4.99207926e+00
-4.26232861e-03 4.99204111e+00
-4.25756024e-03 4.99209833e+00
-4.25875233e-03 4.99210453e+00
-4.26590489e-03 4.99201155e+00
-4.25159978e-03 4.99197912e+00
-4.27663373e-03 4.99224758e+00
-4.25994443e-03 4.99202919e+00
-4.24683141e-03 4.99206257e+00
-4.25159978e-03 4.99224043e+00
-4.26948117e-03 4.99209738e+00
-4.26113652e-03 4.99213409e+00
-4.25517606e-03 4.99205923e+00
-4.27067326e-03 4.99204588e+00
-4.27424954e-03 4.99210930e+00
-4.26590489e-03 4.99200058e+00
-4.25636815e-03 4.99208164e+00
-4.24325513e-03 4.99229383e+00
-4.27782582e-03 4.99211025e+00
-4.24563931e-03 4.99210787e+00
-4.24683141e-03 4.99207115e+00
-4.27305745e-03 4.99208164e+00
-4.26948117e-03 4.99207354e+00
-4.25517606e-03 4.99199247e+00
-4.26232861e-03 4.99207926e+00
-4.26471280e-03 4.99200535e+00
-4.24921559e-03 4.99201632e+00
-4.26590489e-03 4.99198294e+00
-4.27305745e-03 4.99206495e+00
-4.23729466e-03 4.99210548e+00
-4.27305745e-03 4.99204493e+00
-4.25875233e-03 4.99194336e+00
-4.23610257e-03 4.99199724e+00
-4.25159978e-03 4.99209595e+00
-4.26948117e-03 4.99210215e+00
-4.26709699e-03 4.99218321e+00
-4.27782582e-03 4.99204350e+00
-4.24206303e-03 4.99211502e+00
-4.26232861e-03 4.99205208e+00
-4.23729466e-03 4.99208546e+00
-4.25636815e-03 4.99198627e+00
-4.27186536e-03 4.99205685e+00
-4.26828908e-03 4.99215460e+00
-4.26828908e-03 4.99202824e+00
-4.25517606e-03 4.99201965e+00
-4.26352071e-03 4.99200773e+00
-4.27901791e-03 4.99207211e+00
-4.26590489e-03 4.99207830e+00
-4.26948117e-03 4.99201250e+00
-4.25279187e-03 4.99204493e+00
-4.26352071e-03 4.99215698e+00
-4.25875233e-03 4.99217129e+00
-4.27305745e-03 4.99201393e+00
-4.25756024e-03 4.99210787e+00
-4.24921559e-03 4.99203157e+00
-4.26113652e-03 4.99212599e+00
-4.24444722e-03 4.99204588e+00
-4.27305745e-03 4.99220228e+00
-4.25040768e-03 4.99210691e+00
-4.24563931e-03 4.99216986e+00
-4.25994443e-03 4.99209595e+00
-4.26709699e-03 4.99211407e+00
-4.26828908e-03 4.99192190e+00
-4.24683141e-03 4.99201727e+00
-4.25159978e-03 4.99206257e+00
-4.25636815e-03 4.99197340e+00
-4.25517606e-03 4.99194956e+00
-4.27544164e-03 4.99194956e+00
-4.25756024e-03 4.99206257e+00
-4.28617047e-03 4.99196959e+00
-4.25875233e-03 4.99202919e+00
-4.26709699e-03 4.99216032e+00
-4.24087094e-03 4.99206638e+00
-4.25517606e-03 4.99201727e+00
-4.24206303e-03 4.99217844e+00
-4.26352071e-03 4.99222469e+00
-4.27782582e-03 4.99203396e+00
-4.24683141e-03 4.99196482e+00
-4.27901791e-03 4.99214268e+00
-4.25875233e-03 4.99203396e+00
-4.23967885e-03 4.99211740e+00
-4.24802350e-03 4.99211264e+00
-4.26232861e-03 4.99206161e+00
-4.26590489e-03 4.99218655e+00
-4.27067326e-03 4.99207830e+00
-4.26828908e-03 4.99205923e+00
-4.25517606e-03 4.99197912e+00
-4.25756024e-03 4.99204254e+00
-4.25159978e-03 4.99206257e+00
-4.25636815e-03 4.99212837e+00
-4.27544164e-03 4.99204826e+00
-4.27544164e-03 4.99211502e+00
-4.24802350e-03 4.99188852e+00
-4.23848676e-03 4.99213791e+00
-4.27305745e-03 4.99211740e+00
-4.26232861e-03 4.99204731e+00
-4.25756024e-03 4.99190521e+00
-4.26232861e-03 4.99214840e+00
-4.26352071e-03 4.99202824e+00
-4.27901791e-03 4.99210072e+00
-4.25398396e-03 4.99219275e+00
-4.25994443e-03 4.99214506e+00
-4.25279187e-03 4.99207354e+00
-4.27901791e-03 4.99201250e+00
-4.26113652e-03 4.99206161e+00
-4.25756024e-03 4.99196482e+00
-4.26590489e-03 4.99195290e+00
-4.24802350e-03 4.99208403e+00
-4.26471280e-03 4.99215794e+00
-4.25517606e-03 4.99210310e+00
-4.28140210e-03 4.99208546e+00
-4.25756024e-03 4.99207830e+00
-4.24563931e-03 4.99199343e+00
-4.27544164e-03 4.99209023e+00
-4.26352071e-03 4.99211025e+00
-4.27186536e-03 4.99215460e+00
-4.25279187e-03 4.99205923e+00
-4.26352071e-03 4.99204111e+00
-4.25636815e-03 4.99211740e+00
-4.25279187e-03 4.99216986e+00
-4.24921559e-03 4.99218082e+00
-4.26590489e-03 4.99213314e+00
-4.25279187e-03 4.99202919e+00
-4.25159978e-03 4.99206018e+00
-4.24444722e-03 4.99201250e+00
-4.26709699e-03 4.99214745e+00
-4.26352071e-03 4.99198532e+00
-4.27186536e-03 4.99208784e+00
-4.25159978e-03 4.99216270e+00
-4.27305745e-03 4.99207592e+00
-4.24802350e-03 4.99202919e+00
-4.25040768e-03 4.99214268e+00
-4.25159978e-03 4.99209738e+00
-4.25398396e-03 4.99203777e+00
-4.25875233e-03 4.99221516e+00
-4.26590489e-03 4.99208307e+00
-4.25994443e-03 4.99225235e+00
-4.25875233e-03 4.99209499e+00
-4.25636815e-03 4.99202585e+00
-4.26232861e-03 4.99198627e+00
-4.24802350e-03 4.99200916e+00
-4.26948117e-03 4.99212360e+00
-4.25159978e-03 4.99200773e+00
-4.25159978e-03 4.99209976e+00
-4.24444722e-03 4.99219608e+00
-4.26352071e-03 4.99204350e+00
-4.25875233e-03 4.99212456e+00
-4.26352071e-03 4.99208546e+00
-4.25279187e-03 4.99216509e+00
-4.25636815e-03 4.99203300e+00
-4.27424954e-03 4.99206018e+00
-4.26590489e-03 4.99211740e+00
-4.26709699e-03 4.99205780e+00
-4.26590489e-03 4.99224520e+00
-4.26352071e-03 4.99210310e+00
-4.24563931e-03 4.99214983e+00
-4.27782582e-03 4.99205303e+00
-4.23371838e-03 4.99207211e+00
-4.25159978e-03 4.99198294e+00
-4.25517606e-03 4.99203873e+00
-4.27544164e-03 4.99202919e+00
-4.24683141e-03 4.99204493e+00
-4.25756024e-03 4.99206734e+00
-4.26352071e-03 4.99200678e+00
-4.26590489e-03 4.99198627e+00
-4.25994443e-03 4.99212217e+00
-4.26471280e-03 4.99200439e+00
-4.26113652e-03 4.99210691e+00
-4.25398396e-03 4.99220943e+00
-4.26948117e-03 4.99209738e+00
-4.28140210e-03 4.99204111e+00
-4.25159978e-03 4.99207449e+00
-4.26709699e-03 4.99214363e+00
-4.27067326e-03 4.99192190e+00
-4.27067326e-03 4.99219370e+00
-4.26352071e-03 4.99202442e+00
-4.24683141e-03 4.99206400e+00
-4.26828908e-03 4.99219036e+00
-4.25756024e-03 4.99216890e+00
-4.24802350e-03 4.99209833e+00
-4.26590489e-03 4.99205780e+00
-4.26352071e-03 4.99216890e+00
-4.23133420e-03 4.99204969e+00
-4.26232861e-03 4.99205685e+00
-4.26352071e-03 4.99208403e+00
-4.26948117e-03 4.99211645e+00
-4.26471280e-03 4.99206638e+00
-4.24563931e-03 4.99201155e+00
-4.26352071e-03 4.99212933e+00
-4.27186536e-03 4.99207211e+00
-4.25636815e-03 4.99198771e+00
-4.24802350e-03 4.99207211e+00
-4.26471280e-03 4.99206734e+00
-4.26352071e-03 4.99201012e+00
-4.27424954e-03 4.99227381e+00
-4.25756024e-03 4.99215698e+00
-4.25636815e-03 4.99195671e+00
-4.23371838e-03 4.99206161e+00
-4.25875233e-03 4.99204588e+00
-4.26709699e-03 4.99198055e+00
-4.26590489e-03 4.99204111e+00
-4.26471280e-03 4.99215698e+00
-4.26471280e-03 4.99197817e+00
-4.25756024e-03 4.99207926e+00
-4.25636815e-03 4.99208784e+00
-4.25994443e-03 4.99201012e+00
-4.25279187e-03 4.99206495e+00
-4.25756024e-03 4.99200916e+00
-4.25398396e-03 4.99212122e+00
-4.26828908e-03 4.99204588e+00
-4.26590489e-03 4.99204254e+00
-4.24683141e-03 4.99198866e+00
-4.26352071e-03 4.99212217e+00
-4.26471280e-03 4.99218655e+00
-4.24563931e-03 4.99206734e+00
-4.26113652e-03 4.99191618e+00
-4.27186536e-03 4.99207687e+00
-4.28378629e-03 4.99218416e+00
-4.24683141e-03 4.99201155e+00
-4.23491048e-03 4.99200916e+00
-4.24921559e-03 4.99191475e+00
-4.28497838e-03 4.99194717e+00
-4.25279187e-03 4.99214363e+00
-4.24921559e-03 4.99200058e+00
-4.25279187e-03 4.99203062e+00
-4.24563931e-03 4.99194956e+00
-4.25875233e-03 4.99201727e+00
-4.26352071e-03 4.99201870e+00
-4.26232861e-03 4.99213791e+00
-4.25279187e-03 4.99204350e+00
-4.28497838e-03 4.99194241e+00
-4.24087094e-03 4.99203157e+00
-4.25756024e-03 4.99192572e+00
-4.25279187e-03 4.99207687e+00
-4.28259419e-03 4.99201250e+00
-4.27424954e-03 4.99201488e+00
-4.24325513e-03 4.99198055e+00
-4.26948117e-03 4.99212837e+00
-4.24802350e-03 4.99202347e+00
-4.26828908e-03 4.99192810e+00
-4.26113652e-03 4.99199343e+00
-4.26828908e-03 4.99202442e+00
-4.25875233e-03 4.99210930e+00
-4.23848676e-03 4.99198389e+00
-4.27424954e-03 4.99198389e+00
-4.25756024e-03 4.99220085e+00
-4.25994443e-03 4.99209499e+00
-4.24444722e-03 4.99190521e+00
-4.25636815e-03 4.99204731e+00
-4.26948117e-03 4.99210453e+00
-4.27663373e-03 4.99197674e+00
-4.23133420e-03 4.99194574e+00
-4.24683141e-03 4.99208879e+00
-4.25994443e-03 4.99202919e+00
-4.25040768e-03 4.99204969e+00
-4.27186536e-03 4.99212456e+00
-4.24683141e-03 4.99209261e+00
-4.25040768e-03 4.99219131e+00
-4.24563931e-03 4.99196386e+00
-4.26232861e-03 4.99189234e+00
-4.25279187e-03 4.99210453e+00
-4.25756024e-03 4.99206400e+00
-4.24802350e-03 4.99214840e+00
-4.26828908e-03 4.99204588e+00
-4.26590489e-03 4.99208069e+00
-4.25636815e-03 4.99206400e+00
-4.25517606e-03 4.99200058e+00
-4.26352071e-03 4.99198866e+00
-4.25398396e-03 4.99192429e+00
-4.26113652e-03 4.99199247e+00
-4.25636815e-03 4.99190521e+00
-4.27544164e-03 4.99204254e+00
-4.25875233e-03 4.99194717e+00
-4.26113652e-03 4.99208403e+00
-4.25636815e-03 4.99199009e+00
-4.27663373e-03 4.99198294e+00
-4.26113652e-03 4.99194336e+00
-4.25994443e-03 4.99214602e+00
-4.26828908e-03 4.99206877e+00
-4.25875233e-03 4.99207115e+00
-4.26113652e-03 4.99200535e+00
-4.25756024e-03 4.99197340e+00
-4.27186536e-03 4.99198771e+00
-4.25636815e-03 4.99204969e+00
-4.25517606e-03 4.99214745e+00
-4.26232861e-03 4.99196959e+00
-4.26232861e-03 4.99188375e+00
-4.26948117e-03 4.99207592e+00
-4.26948117e-03 4.99201727e+00
-4.26352071e-03 4.99204969e+00
-4.27186536e-03 4.99211168e+00
-4.24683141e-03 4.99196005e+00
-4.26352071e-03 4.99207449e+00
-4.26948117e-03 4.99212837e+00
-4.26352071e-03 4.99199486e+00
-4.27305745e-03 4.99199009e+00
-4.25756024e-03 4.99189568e+00
-4.25398396e-03 4.99189091e+00
-4.27186536e-03 4.99201870e+00
-4.23967885e-03 4.99197817e+00
-4.24444722e-03 4.99199247e+00
-4.26113652e-03 4.99208546e+00
-4.25159978e-03 4.99191856e+00
-4.27067326e-03 4.99194479e+00
-4.26709699e-03 4.99204969e+00
-4.26590489e-03 4.99201870e+00
-4.24921559e-03 4.99203062e+00
-4.25517606e-03 4.99204111e+00
-4.25756024e-03 4.99199486e+00
-4.24921559e-03 4.99209595e+00
-4.25159978e-03 4.99196863e+00
-4.25279187e-03 4.99199486e+00
-4.26352071e-03 4.99205446e+00
-4.26352071e-03 4.99204016e+00
-4.28855466e-03 4.99199820e+00
-4.26590489e-03 4.99201393e+00
-4.27067326e-03 4.99207354e+00
-4.27663373e-03 4.99208784e+00
-4.27067326e-03 4.99201727e+00
-4.26828908e-03 4.99198627e+00
-4.25517606e-03 4.99194956e+00
-4.25756024e-03 4.99193144e+00
-4.26948117e-03 4.99208546e+00
-4.27544164e-03 4.99205923e+00
-4.25994443e-03 4.99205446e+00
-4.25159978e-03 4.99215555e+00
-4.26709699e-03 4.99197340e+00
-4.26709699e-03 4.99201965e+00
-4.26232861e-03 4.99192429e+00
-4.26113652e-03 4.99197340e+00
-4.26352071e-03 4.99196959e+00
-4.25040768e-03 4.99200773e+00
-4.25159978e-03 4.99215221e+00
-4.25040768e-03 4.99209023e+00
-4.23848676e-03 4.99192333e+00
-4.24563931e-03 4.99194098e+00
-4.27424954e-03 4.99184227e+00
-4.24563931e-03 4.99197674e+00
-4.25159978e-03 4.99192572e+00
-4.27544164e-03 4.99193525e+00
-4.25636815e-03 4.99207211e+00
-4.26828908e-03 4.99207926e+00
-4.25875233e-03 4.99206638e+00
-4.24444722e-03 4.99199486e+00
-4.27305745e-03 4.99203873e+00
-4.26352071e-03 4.99195051e+00
-4.25875233e-03 4.99205446e+00
-4.26352071e-03 4.99194479e+00
-4.25279187e-03 4.99194336e+00
-4.26828908e-03 4.99198294e+00
-4.23967885e-03 4.99196625e+00
-4.27663373e-03 4.99206161e+00
-4.24802350e-03 4.99204826e+00
-4.26590489e-03 4.99188757e+00
-4.27901791e-03 4.99198389e+00
-4.26709699e-03 4.99199486e+00
-4.26948117e-03 4.99179792e+00
-4.25756024e-03 4.99188519e+00
-4.24325513e-03 4.99205208e+00
-4.25756024e-03 4.99196005e+00
-4.27663373e-03 4.99196959e+00
-4.25517606e-03 4.99207115e+00
-4.24444722e-03 4.99206734e+00
-4.25994443e-03 4.99204254e+00
-4.26113652e-03 4.99194956e+00
-4.26948117e-03 4.99199963e+00
-4.25636815e-03 4.99206161e+00
-4.26709699e-03 4.99197817e+00
-4.24444722e-03 4.99206734e+00
-4.25756024e-03 4.99206877e+00
-4.27782582e-03 4.99191952e+00
-4.25279187e-03 4.99195766e+00
-4.25636815e-03 4.99198771e+00
-4.26471280e-03 4.99209118e+00
-4.25398396e-03 4.99190760e+00
-4.24206303e-03 4.99190521e+00
-4.26232861e-03 4.99183512e+00
-4.24802350e-03 4.99198294e+00
-4.24683141e-03 4.99199820e+00
-4.24325513e-03 4.99196959e+00
-4.25159978e-03 4.99199820e+00
-4.25994443e-03 4.99199963e+00
-4.27901791e-03 4.99197102e+00
-4.27186536e-03 4.99201727e+00
-4.26828908e-03 4.99193382e+00
-4.25398396e-03 4.99206972e+00
-4.24802350e-03 4.99197578e+00
-4.26709699e-03 4.99210310e+00
-4.23967885e-03 4.99193048e+00
-4.27544164e-03 4.99192333e+00
-4.26471280e-03 4.99209595e+00
-4.27067326e-03 4.99199724e+00
-4.26828908e-03 4.99206972e+00
-4.25875233e-03 4.99205446e+00
-4.24325513e-03 4.99194241e+00
-4.27901791e-03 4.99205065e+00
-4.26232861e-03 4.99197102e+00
-4.22179746e-03 4.99195051e+00
-4.26590489e-03 4.99200773e+00
-4.26948117e-03 4.99195290e+00
-4.25159978e-03 4.99187660e+00
-4.27305745e-03 4.99190664e+00
-4.26352071e-03 4.99202824e+00
-4.25994443e-03 4.99199104e+00
-4.26471280e-03 4.99199820e+00
-4.27067326e-03 4.99202919e+00
-4.26828908e-03 4.99207211e+00
-4.27186536e-03 4.99199104e+00
-4.26828908e-03 4.99193144e+00
-4.25398396e-03 4.99195433e+00
-4.27544164e-03 4.99210787e+00
-4.26232861e-03 4.99209356e+00
-4.26352071e-03 4.99198771e+00
-4.26471280e-03 4.99192905e+00
-4.26709699e-03 4.99190664e+00
-4.26828908e-03 4.99201488e+00
-4.25517606e-03 4.99209833e+00
-4.26113652e-03 4.99202585e+00
-4.27186536e-03 4.99190760e+00
-4.26232861e-03 4.99198627e+00
-4.26113652e-03 4.99199581e+00
-4.28021001e-03 4.99195051e+00
-4.26113652e-03 4.99204350e+00
-4.26113652e-03 4.99200678e+00
-4.25875233e-03 4.99205065e+00
-4.26352071e-03 4.99197578e+00
-4.25517606e-03 4.99199820e+00
-4.24921559e-03 4.99187803e+00
-4.26352071e-03 4.99192667e+00
-4.25756024e-03 4.99197435e+00
-4.25756024e-03 4.99199963e+00
-4.25994443e-03 4.99198532e+00
-4.25040768e-03 4.99190998e+00
-4.27544164e-03 4.99195051e+00
-4.25875233e-03 4.99196386e+00
-4.25875233e-03 4.99198866e+00
-4.27424954e-03 4.99194956e+00
-4.25756024e-03 4.99198771e+00
-4.26709699e-03 4.99206018e+00
-4.25279187e-03 4.99201965e+00
-4.27305745e-03 4.99200678e+00
-4.26113652e-03 4.99202108e+00
-4.25875233e-03 4.99202108e+00
-4.27067326e-03 4.99192810e+00
-4.25398396e-03 4.99196863e+00
-4.25398396e-03 4.99201488e+00
-4.26232861e-03 4.99195671e+00
-4.26709699e-03 4.99195766e+00
-4.25636815e-03 4.99209976e+00
-4.23967885e-03 4.99210215e+00
-4.25636815e-03 4.99198389e+00
-4.27424954e-03 4.99199820e+00
-4.27901791e-03 4.99190903e+00
-4.26590489e-03 4.99203873e+00
-4.26352071e-03 4.99191618e+00
-4.26709699e-03 4.99184561e+00
-4.26232861e-03 4.99197817e+00
-4.23967885e-03 4.99193859e+00
-4.26828908e-03 4.99208546e+00
-4.24921559e-03 4.99192572e+00
-4.24683141e-03 4.99201727e+00
-4.25875233e-03 4.99193382e+00
-4.25398396e-03 4.99207354e+00
-4.27305745e-03 4.99200535e+00
-4.26590489e-03 4.99205065e+00
-4.28021001e-03 4.99203396e+00
-4.26471280e-03 4.99213076e+00
-4.27186536e-03 4.99184799e+00
-4.26590489e-03 4.99207354e+00
-4.26709699e-03 4.99204731e+00
-4.26709699e-03 4.99193621e+00
-4.26828908e-03 4.99207687e+00
-4.26590489e-03 4.99199247e+00
-4.24921559e-03 4.99204350e+00
-4.25636815e-03 4.99207115e+00
-4.24683141e-03 4.99191618e+00
-4.25398396e-03 4.99203634e+00
-4.24802350e-03 4.99204969e+00
-4.26590489e-03 4.99192095e+00
-4.25994443e-03 4.99206638e+00
-4.26828908e-03 4.99201727e+00
-4.23967885e-03 4.99198151e+00
-4.27305745e-03 4.99193525e+00
-4.24325513e-03 4.99199724e+00
-4.26232861e-03 4.99204826e+00
-4.26828908e-03 4.99218416e+00
-4.27067326e-03 4.99187660e+00
-4.26113652e-03 4.99216032e+00
-4.26471280e-03 4.99200678e+00
-4.25875233e-03 4.99203396e+00
-4.26471280e-03 4.99196482e+00
-4.25040768e-03 4.99195766e+00
-4.25875233e-03 4.99196005e+00
-4.27186536e-03 4.99198532e+00
-4.26709699e-03 4.99201488e+00
-4.25398396e-03 4.99188614e+00
-4.25279187e-03 4.99202585e+00
-4.26352071e-03 4.99197340e+00
-4.26471280e-03 4.99203634e+00
-4.28021001e-03 4.99204969e+00
-4.27186536e-03 4.99205780e+00
-4.27782582e-03 4.99202204e+00
-4.27305745e-03 4.99214268e+00
-4.25279187e-03 4.99198055e+00
-4.24087094e-03 4.99189091e+00
-4.25875233e-03 4.99191618e+00
-4.26709699e-03 4.99199581e+00
-4.25636815e-03 4.99196720e+00
-4.27782582e-03 4.99208403e+00
-4.25875233e-03 4.99204350e+00
-4.25517606e-03 4.99204588e+00
-4.26590489e-03 4.99192810e+00
-4.25040768e-03 4.99198151e+00
-4.26113652e-03 4.99194717e+00
-4.27663373e-03 4.99197817e+00
-4.25159978e-03 4.99205208e+00
-4.25279187e-03 4.99211264e+00
-4.25756024e-03 4.99201250e+00
-4.26471280e-03 4.99207354e+00
-4.26709699e-03 4.99200439e+00
-4.25756024e-03 4.99197340e+00
-4.24206303e-03 4.99188280e+00
-4.24087094e-03 4.99197912e+00
-4.26352071e-03 4.99182081e+00
-4.25636815e-03 4.99202204e+00
-4.26471280e-03 4.99190187e+00
-4.25040768e-03 4.99191713e+00
-4.26352071e-03 4.99205208e+00
-4.25398396e-03 4.99193048e+00
-4.25756024e-03 4.99195766e+00
-4.28259419e-03 4.99199009e+00
-4.25517606e-03 4.99187899e+00
-4.25279187e-03 4.99196959e+00
-4.27186536e-03 4.99194956e+00
-4.26828908e-03 4.99202824e+00
-4.26709699e-03 4.99213076e+00
-4.25040768e-03 4.99194002e+00
-4.25159978e-03 4.99188995e+00
-4.27901791e-03 4.99187326e+00
-4.26828908e-03 4.99205923e+00
-4.25040768e-03 4.99205685e+00
-4.24563931e-03 4.99191236e+00
-4.25159978e-03 4.99197578e+00
-4.26709699e-03 4.99214745e+00
-4.25994443e-03 4.99195433e+00
-4.25398396e-03 4.99194574e+00
-4.25875233e-03 4.99181223e+00
-4.24206303e-03 4.99197102e+00
-4.25279187e-03 4.99205780e+00
-4.26828908e-03 4.99194717e+00
-4.26709699e-03 4.99188137e+00
-4.24087094e-03 4.99192095e+00
-4.25398396e-03 4.99191618e+00
-4.26232861e-03 4.99202824e+00
-4.26590489e-03 4.99202919e+00
-4.27544164e-03 4.99187183e+00
-4.23371838e-03 4.99191713e+00
-4.26232861e-03 4.99193048e+00
-4.27424954e-03 4.99191856e+00
-4.23729466e-03 4.99200678e+00
-4.26352071e-03 4.99194717e+00
-4.26590489e-03 4.99207592e+00
-4.26709699e-03 4.99188280e+00
-4.25756024e-03 4.99194336e+00
-4.24921559e-03 4.99184322e+00
-4.26352071e-03 4.99196482e+00
-4.24921559e-03 4.99192810e+00
-4.25636815e-03 4.99208784e+00
-4.25756024e-03 4.99196625e+00
-4.27782582e-03 4.99203300e+00
-4.28021001e-03 4.99192095e+00
-4.26232861e-03 4.99205542e+00
-4.25040768e-03 4.99205685e+00
-4.24802350e-03 4.99193859e+00
-4.26352071e-03 4.99194956e+00
-4.27424954e-03 4.99194717e+00
-4.25517606e-03 4.99196625e+00
-4.26232861e-03 4.99192333e+00
-4.25279187e-03 4.99208784e+00
-4.24206303e-03 4.99201012e+00
-4.23967885e-03 4.99204016e+00
-4.26471280e-03 4.99198294e+00
-4.24444722e-03 4.99191713e+00
-4.25040768e-03 4.99202442e+00
-4.25636815e-03 4.99203539e+00
-4.27067326e-03 4.99205303e+00
-4.26113652e-03 4.99196243e+00
-4.28021001e-03 4.99194574e+00
-4.25756024e-03 4.99198055e+00
-4.24802350e-03 4.99207830e+00
-4.27186536e-03 4.99204254e+00
-4.25994443e-03 4.99189949e+00
-4.27424954e-03 4.99202919e+00
-4.26113652e-03 4.99202347e+00
-4.25398396e-03 4.99185514e+00
-4.26709699e-03 4.99199247e+00
-4.25636815e-03 4.99193525e+00
-4.25517606e-03 4.99193525e+00
-4.26113652e-03 4.99203396e+00
-4.27663373e-03 4.99186611e+00
-4.25279187e-03 4.99200058e+00
-4.27186536e-03 4.99201632e+00
-4.24921559e-03 4.99189949e+00
-4.26471280e-03 4.99211264e+00
-4.22895001e-03 4.99190903e+00
-4.26948117e-03 4.99195528e+00
-4.25398396e-03 4.99191380e+00
-4.25159978e-03 4.99201632e+00
-4.26232861e-03 4.99190187e+00
-4.25994443e-03 4.99203157e+00
-4.26352071e-03 4.99198294e+00
-4.26113652e-03 4.99200058e+00
-4.26828908e-03 4.99200439e+00
-4.26709699e-03 4.99196386e+00
-4.26948117e-03 4.99204826e+00
-4.23967885e-03 4.99199343e+00
-4.23729466e-03 4.99198771e+00
-4.26709699e-03 4.99197102e+00
-4.26709699e-03 4.99203157e+00
-4.24921559e-03 4.99208069e+00
-4.26113652e-03 4.99195671e+00
-4.25875233e-03 4.99197674e+00
-4.26709699e-03 4.99201155e+00
-4.25398396e-03 4.99200439e+00
-4.25159978e-03 4.99206400e+00
-4.25159978e-03 4.99194956e+00
-4.26709699e-03 4.99184561e+00
-4.25398396e-03 4.99204111e+00
-4.23729466e-03 4.99208546e+00
-4.25398396e-03 4.99201393e+00
-4.26590489e-03 4.99202919e+00
-4.25517606e-03 4.99194241e+00
-4.26113652e-03 4.99215317e+00
-4.27782582e-03 4.99207354e+00
-4.26113652e-03 4.99195910e+00
-4.27305745e-03 4.99203062e+00
-4.26113652e-03 4.99208546e+00
-4.25398396e-03 4.99198294e+00
-4.24444722e-03 4.99219370e+00
-4.26709699e-03 4.99190521e+00
-4.25279187e-03 4.99199820e+00
-4.24444722e-03 4.99201488e+00
-4.26709699e-03 4.99202919e+00
-4.25159978e-03 4.99212694e+00
-4.25756024e-03 4.99206161e+00
-4.26113652e-03 4.99219990e+00
-4.27663373e-03 4.99206972e+00
-4.26590489e-03 4.99201870e+00
-4.25636815e-03 4.99201012e+00
-4.24444722e-03 4.99209833e+00
-4.24921559e-03 4.99215555e+00
-4.23252629e-03 4.99197674e+00
-4.26828908e-03 4.99208164e+00
-4.25517606e-03 4.99194813e+00
-4.26232861e-03 4.99218655e+00
-4.25756024e-03 4.99205542e+00
-4.25994443e-03 4.99194956e+00
-4.24921559e-03 4.99197197e+00
-4.25875233e-03 4.99204588e+00
-4.25636815e-03 4.99208546e+00
-4.25159978e-03 4.99209261e+00
-4.25875233e-03 4.99196386e+00
-4.26709699e-03 4.99199343e+00
-4.26590489e-03 4.99207115e+00
-4.26113652e-03 4.99193287e+00
-4.25875233e-03 4.99200058e+00
-4.26709699e-03 4.99199581e+00
-4.28497838e-03 4.99192429e+00
-4.23967885e-03 4.99204588e+00
-4.25517606e-03 4.99198532e+00
-4.23848676e-03 4.99203062e+00
-4.25756024e-03 4.99192095e+00
-4.24206303e-03 4.99196720e+00
-4.24683141e-03 4.99194479e+00
-4.27305745e-03 4.99200773e+00
-4.25875233e-03 4.99195671e+00
-4.24683141e-03 4.99186134e+00
-4.26590489e-03 4.99204588e+00
-4.26471280e-03 4.99189234e+00
-4.25994443e-03 4.99200773e+00
-4.25756024e-03 4.99200773e+00
-4.26590489e-03 4.99206018e+00
-4.25279187e-03 4.99204969e+00
-4.24444722e-03 4.99199343e+00
-4.25994443e-03 4.99212456e+00
-4.24325513e-03 4.99197340e+00
-4.25517606e-03 4.99193859e+00
-4.24325513e-03 4.99207926e+00
-4.24802350e-03 4.99197817e+00
-4.24563931e-03 4.99187803e+00
-4.25994443e-03 4.99197102e+00
-4.27663373e-03 4.99191856e+00
-4.25398396e-03 4.99205065e+00
-4.27186536e-03 4.99202442e+00
-4.28378629e-03 4.99203062e+00
-4.26113652e-03 4.99212694e+00
-4.25398396e-03 4.99193621e+00
-4.25040768e-03 4.99200916e+00
-4.26709699e-03 4.99195433e+00
-4.26948117e-03 4.99200678e+00
-4.26471280e-03 4.99200296e+00
-4.25279187e-03 4.99207592e+00
-4.25279187e-03 4.99195051e+00
-4.25875233e-03 4.99196720e+00
-4.26590489e-03 4.99189806e+00
-4.24683141e-03 4.99198771e+00
-4.25279187e-03 4.99194956e+00
-4.25517606e-03 4.99211264e+00
-4.26113652e-03 4.99196863e+00
-4.26948117e-03 4.99199486e+00
-4.27186536e-03 4.99209738e+00
-4.25279187e-03 4.99207115e+00
-4.26113652e-03 4.99191952e+00
-4.26590489e-03 4.99173021e+00
-4.25756024e-03 4.99202204e+00
-4.25994443e-03 4.99202108e+00
-4.24683141e-03 4.99207926e+00
-4.26352071e-03 4.99191713e+00
-4.23848676e-03 4.99204588e+00
-4.26709699e-03 4.99197674e+00
-4.28140210e-03 4.99202919e+00
-4.24444722e-03 4.99211645e+00
-4.23967885e-03 4.99201155e+00
-4.25756024e-03 4.99200535e+00
-4.26113652e-03 4.99197197e+00
-4.25636815e-03 4.99186373e+00
-4.28497838e-03 4.99202442e+00
-4.25636815e-03 4.99197578e+00
-4.25756024e-03 4.99201012e+00
-4.25756024e-03 4.99209595e+00
-4.25756024e-03 4.99192667e+00
-4.26232861e-03 4.99196482e+00
-4.24802350e-03 4.99201965e+00
-4.26113652e-03 4.99207211e+00
-4.25756024e-03 4.99200201e+00
-4.26113652e-03 4.99208641e+00
-4.27067326e-03 4.99202442e+00
-4.26590489e-03 4.99205685e+00
-4.24683141e-03 4.99204588e+00
-4.25636815e-03 4.99200296e+00
-4.27186536e-03 4.99203539e+00
-4.25040768e-03 4.99205542e+00
-4.26948117e-03 4.99200773e+00
-4.25517606e-03 4.99199581e+00
-4.24325513e-03 4.99206877e+00
-4.26471280e-03 4.99199104e+00
-4.27544164e-03 4.99199009e+00
-4.27305745e-03 4.99210072e+00
-4.25517606e-03 4.99199104e+00
-4.24802350e-03 4.99204493e+00
-4.25159978e-03 4.99204111e+00
-4.25636815e-03 4.99196959e+00
-4.24087094e-03 4.99203873e+00
-4.24087094e-03 4.99194336e+00
-4.26113652e-03 4.99203777e+00
-4.25517606e-03 4.99201155e+00
-4.25517606e-03 4.99198294e+00
-4.25279187e-03 4.99205065e+00
-4.25994443e-03 4.99197817e+00
-4.24683141e-03 4.99194002e+00
-4.27663373e-03 4.99187899e+00
-4.25994443e-03 4.99196243e+00
-4.25040768e-03 4.99198866e+00
-4.27544164e-03 4.99204826e+00
-4.26352071e-03 4.99183512e+00
-4.25756024e-03 4.99199247e+00
-4.25279187e-03 4.99196625e+00
-4.25994443e-03 4.99202108e+00
-4.25994443e-03 4.99218893e+00
-4.28497838e-03 4.99204731e+00
-4.25040768e-03 4.99209595e+00
-4.25517606e-03 4.99191952e+00
-4.27186536e-03 4.99187088e+00
-4.26590489e-03 4.99198055e+00
-4.26828908e-03 4.99205303e+00
-4.25040768e-03 4.99201155e+00
-4.24444722e-03 4.99186373e+00
-4.24921559e-03 4.99194479e+00
-4.25875233e-03 4.99181938e+00
-4.26113652e-03 4.99196148e+00
-4.24683141e-03 4.99207115e+00
-4.24921559e-03 4.99196720e+00
-4.24921559e-03 4.99203777e+00
-4.26352071e-03 4.99195910e+00
-4.27067326e-03 4.99200916e+00
-4.25756024e-03 4.99197435e+00
-4.26590489e-03 4.99203634e+00
-4.24444722e-03 4.99197674e+00
-4.24444722e-03 4.99200773e+00
-4.25994443e-03 4.99192905e+00
-4.26113652e-03 4.99200916e+00
-4.26471280e-03 4.99203634e+00
-4.24325513e-03 4.99190998e+00
-4.27186536e-03 4.99200296e+00
-4.26828908e-03 4.99204254e+00
-4.28617047e-03 4.99195290e+00
-4.23967885e-03 4.99197197e+00
-4.25279187e-03 4.99201727e+00
-4.26828908e-03 4.99212599e+00
-4.27067326e-03 4.99208641e+00
-4.25756024e-03 4.99202347e+00
-4.26232861e-03 4.99199724e+00
-4.24325513e-03 4.99208307e+00
-4.26948117e-03 4.99201488e+00
-4.24087094e-03 4.99209976e+00
-4.25398396e-03 4.99202919e+00
-4.26352071e-03 4.99199963e+00
-4.27186536e-03 4.99194479e+00
-4.25636815e-03 4.99207115e+00
-4.26113652e-03 4.99200773e+00
-4.25279187e-03 4.99194098e+00
-4.25875233e-03 4.99210787e+00
-4.25398396e-03 4.99194002e+00
-4.24683141e-03 4.99202347e+00
-4.25517606e-03 4.99210072e+00
-4.24563931e-03 4.99206018e+00
-4.27305745e-03 4.99196959e+00
-4.26113652e-03 4.99204254e+00
-4.25040768e-03 4.99199104e+00
-4.24444722e-03 4.99207592e+00
-4.27544164e-03 4.99198627e+00
-4.26948117e-03 4.99211025e+00
-4.26471280e-03 4.99206161e+00
-4.24563931e-03 4.99195528e+00
-4.26352071e-03 4.99208403e+00
-4.24444722e-03 4.99216270e+00
-4.25994443e-03 4.99199724e+00
-4.27424954e-03 4.99200678e+00
-4.26232861e-03 4.99200058e+00
-4.25040768e-03 4.99208641e+00
-4.27067326e-03 4.99185181e+00
-4.25875233e-03 4.99204111e+00
-4.27067326e-03 4.99191475e+00
-4.27305745e-03 4.99204588e+00
-4.24087094e-03 4.99195433e+00
-4.25159978e-03 4.99196625e+00
-4.24325513e-03 4.99212694e+00
-4.27067326e-03 4.99201250e+00
-4.28140210e-03 4.99203157e+00
-4.25398396e-03 4.99204254e+00
-4.25756024e-03 4.99193525e+00
-4.24802350e-03 4.99206257e+00
-4.26232861e-03 4.99199581e+00
-4.26590489e-03 4.99192810e+00
-4.25159978e-03 4.99199581e+00
-4.25517606e-03 4.99195433e+00
-4.25636815e-03 4.99209499e+00
-4.25756024e-03 4.99200201e+00
-4.24444722e-03 4.99194479e+00
-4.24444722e-03 4.99199724e+00
-4.25159978e-03 4.99206495e+00
-4.25517606e-03 4.99212122e+00
-4.26709699e-03 4.99198055e+00
-4.25159978e-03 4.99215555e+00
-4.27663373e-03 4.99208879e+00
-4.27305745e-03 4.99216747e+00
-4.25517606e-03 4.99205303e+00
-4.26590489e-03 4.99203873e+00
-4.27067326e-03 4.99205780e+00
-4.26709699e-03 4.99195194e+00
-4.26948117e-03 4.99219036e+00
-4.24325513e-03 4.99201727e+00
-4.25159978e-03 4.99200773e+00
-4.24921559e-03 4.99208546e+00
-4.24802350e-03 4.99200773e+00
-4.26828908e-03 4.99191380e+00
-4.24683141e-03 4.99203300e+00
-4.25636815e-03 4.99194717e+00
-4.26352071e-03 4.99199963e+00
-4.25159978e-03 4.99197340e+00
-4.28378629e-03 4.99193859e+00
-4.23967885e-03 4.99204493e+00
-4.24921559e-03 4.99201488e+00
-4.26709699e-03 4.99202347e+00
-4.24683141e-03 4.99188614e+00
-4.26948117e-03 4.99194574e+00
-4.27305745e-03 4.99197578e+00
-4.24325513e-03 4.99204493e+00
-4.25636815e-03 4.99206972e+00
-4.24802350e-03 4.99190998e+00
-4.26352071e-03 4.99200201e+00
-4.26828908e-03 4.99204254e+00
-4.25875233e-03 4.99198866e+00
-4.25875233e-03 4.99197197e+00
-4.24206303e-03 4.99193048e+00
-4.25875233e-03 4.99209595e+00
-4.24802350e-03 4.99218321e+00
-4.25159978e-03 4.99207115e+00
-4.25279187e-03 4.99192333e+00
-4.24802350e-03 4.99198151e+00
-4.26948117e-03 4.99214125e+00
-4.26471280e-03 4.99207687e+00
-4.26352071e-03 4.99212122e+00
-4.25636815e-03 4.99203157e+00
-4.25159978e-03 4.99184799e+00
-4.25279187e-03 4.99194574e+00
-4.25756024e-03 4.99198627e+00
-4.25636815e-03 4.99211645e+00
-4.25279187e-03 4.99200678e+00
-4.26471280e-03 4.99209118e+00
-4.25040768e-03 4.99191952e+00
-4.25279187e-03 4.99192572e+00
-4.26113652e-03 4.99195051e+00
-4.24325513e-03 4.99204826e+00
-4.25398396e-03 4.99191952e+00
-4.27305745e-03 4.99201965e+00
-4.26709699e-03 4.99191236e+00
-4.24563931e-03 4.99191141e+00
-4.25398396e-03 4.99191856e+00
-4.27186536e-03 4.99190664e+00
-4.26352071e-03 4.99187803e+00
-4.22895001e-03 4.99200678e+00
-4.25756024e-03 4.99200535e+00
-4.26232861e-03 4.99200439e+00
-4.25994443e-03 4.99201488e+00
-4.26471280e-03 4.99210548e+00
-4.25159978e-03 4.99199963e+00
-4.25636815e-03 4.99189472e+00
-4.25398396e-03 4.99209261e+00
-4.26471280e-03 4.99206877e+00
-4.25994443e-03 4.99203396e+00
-4.25875233e-03 4.99211407e+00
-4.24563931e-03 4.99207926e+00
-4.24802350e-03 4.99193621e+00
-4.25636815e-03 4.99191475e+00
-4.24563931e-03 4.99202824e+00
-4.25040768e-03 4.99204350e+00
-4.26590489e-03 4.99199486e+00
-4.26948117e-03 4.99204731e+00
-4.25994443e-03 4.99193621e+00
-4.25517606e-03 4.99189711e+00
-4.26232861e-03 4.99204731e+00
-4.25517606e-03 4.99202681e+00
-4.26828908e-03 4.99199820e+00
-4.25994443e-03 4.99195528e+00
-4.24921559e-03 4.99200058e+00
-4.26471280e-03 4.99196005e+00
-4.25994443e-03 4.99211645e+00
-4.25636815e-03 4.99199104e+00
-4.24563931e-03 4.99194098e+00
-4.25398396e-03 4.99197817e+00
-4.24206303e-03 4.99190998e+00
-4.25398396e-03 4.99197197e+00
-4.25994443e-03 4.99194813e+00
-4.25279187e-03 4.99191141e+00
-4.25994443e-03 4.99205065e+00
-4.27305745e-03 4.99196482e+00
-4.25279187e-03 4.99199104e+00
-4.24087094e-03 4.99204254e+00
-4.27305745e-03 4.99197102e+00
-4.28021001e-03 4.99196243e+00
-4.25040768e-03 4.99182558e+00
-4.23967885e-03 4.99190903e+00
-4.26590489e-03 4.99211025e+00
-4.25994443e-03 4.99194574e+00
-4.26471280e-03 4.99194574e+00
-4.25636815e-03 4.99196625e+00
-4.26828908e-03 4.99202824e+00
-4.24802350e-03 4.99201727e+00
-4.25875233e-03 4.99194717e+00
-4.25875233e-03 4.99201250e+00
-4.26828908e-03 4.99174929e+00
-4.26828908e-03 4.99206972e+00
-4.27424954e-03 4.99211168e+00
-4.27901791e-03 4.99199104e+00
-4.25636815e-03 4.99203777e+00
-4.27424954e-03 4.99198532e+00
-4.27782582e-03 4.99211502e+00
-4.25159978e-03 4.99198151e+00
-4.25875233e-03 4.99203300e+00
-4.25159978e-03 4.99190426e+00
-4.25279187e-03 4.99198389e+00
-4.26471280e-03 4.99194336e+00
-4.25636815e-03 4.99206400e+00
-4.26352071e-03 4.99207926e+00
-4.26232861e-03 4.99206018e+00
-4.25398396e-03 4.99193144e+00
-4.25875233e-03 4.99210930e+00
-4.27067326e-03 4.99205685e+00
-4.24444722e-03 4.99198294e+00
-4.26232861e-03 4.99190426e+00
-4.26113652e-03 4.99198389e+00
-4.27067326e-03 4.99203873e+00
-4.25636815e-03 4.99198055e+00
-4.25159978e-03 4.99197912e+00
-4.25756024e-03 4.99190283e+00
-4.24087094e-03 4.99205446e+00
-4.25994443e-03 4.99195290e+00
-4.27067326e-03 4.99214983e+00
-4.25159978e-03 4.99205780e+00
-4.25875233e-03 4.99195528e+00
-4.24921559e-03 4.99201012e+00
-4.25279187e-03 4.99203157e+00
-4.26113652e-03 4.99200535e+00
-4.24325513e-03 4.99195910e+00
-4.24444722e-03 4.99197817e+00
-4.25756024e-03 4.99198627e+00
-4.25040768e-03 4.99201632e+00
-4.26709699e-03 4.99199820e+00
-4.26471280e-03 4.99215555e+00
-4.26352071e-03 4.99211645e+00
-4.26232861e-03 4.99199486e+00
-4.27186536e-03 4.99206972e+00
-4.26352071e-03 4.99201488e+00
-4.25279187e-03 4.99213552e+00
-4.27186536e-03 4.99198055e+00
-4.25040768e-03 4.99197102e+00
-4.26113652e-03 4.99192095e+00
-4.25279187e-03 4.99196482e+00
-4.25636815e-03 4.99200773e+00
-4.27305745e-03 4.99193525e+00
-4.25994443e-03 4.99202108e+00
-4.26232861e-03 4.99202919e+00
-4.26828908e-03 4.99203062e+00
-4.24683141e-03 4.99197435e+00
-4.26590489e-03 4.99199104e+00
-4.27305745e-03 4.99209118e+00
-4.26828908e-03 4.99207211e+00
-4.24683141e-03 4.99208307e+00
-4.25159978e-03 4.99200916e+00
-4.26471280e-03 4.99201250e+00
-4.26471280e-03 4.99184322e+00
-4.28497838e-03 4.99195051e+00
-4.24444722e-03 4.99195051e+00
-4.25636815e-03 4.99195051e+00
-4.25159978e-03 4.99201488e+00
-4.25994443e-03 4.99213076e+00
-4.24206303e-03 4.99185753e+00
-4.25636815e-03 4.99202347e+00
-4.24802350e-03 4.99191713e+00
-4.26471280e-03 4.99197340e+00
-4.26352071e-03 4.99202824e+00
-4.25636815e-03 4.99203062e+00
-4.24802350e-03 4.99199724e+00
-4.25398396e-03 4.99197102e+00
-4.25636815e-03 4.99205065e+00
-4.26828908e-03 4.99194717e+00
-4.24921559e-03 4.99195194e+00
-4.26828908e-03 4.99207354e+00
-4.25636815e-03 4.99191713e+00
-4.25756024e-03 4.99206400e+00
-4.25875233e-03 4.99190426e+00
-4.25398396e-03 4.99207592e+00
-4.26828908e-03 4.99198532e+00
-4.23610257e-03 4.99193525e+00
-4.26352071e-03 4.99204969e+00
-4.25398396e-03 4.99185658e+00
-4.25159978e-03 4.99211502e+00
-4.25994443e-03 4.99197197e+00
-4.25159978e-03 4.99212456e+00
-4.25517606e-03 4.99204254e+00
-4.25398396e-03 4.99191952e+00
-4.27305745e-03 4.99193382e+00
-4.23848676e-03 4.99198627e+00
-4.26232861e-03 4.99196959e+00
-4.25279187e-03 4.99206018e+00
-4.25636815e-03 4.99193621e+00
-4.26828908e-03 4.99194098e+00
-4.23371838e-03 4.99212837e+00
-4.24802350e-03 4.99209261e+00
-4.24444722e-03 4.99192810e+00
-4.25159978e-03 4.99199486e+00
-4.27186536e-03 4.99206972e+00
-4.26828908e-03 4.99202442e+00
-4.25159978e-03 4.99199724e+00
-4.27305745e-03 4.99204588e+00
-4.24087094e-03 4.99210310e+00
-4.26948117e-03 4.99212122e+00
-4.26352071e-03 4.99208879e+00
-4.24921559e-03 4.99195290e+00
-4.24683141e-03 4.99202108e+00
-4.24325513e-03 4.99188042e+00
-4.26828908e-03 4.99191952e+00
-4.26709699e-03 4.99199820e+00
-4.23610257e-03 4.99189091e+00
-4.26709699e-03 4.99189711e+00
-4.26590489e-03 4.99192572e+00
-4.24683141e-03 4.99198389e+00
-4.25636815e-03 4.99192810e+00
-4.26590489e-03 4.99191475e+00
-4.24563931e-03 4.99200916e+00
-4.26232861e-03 4.99196625e+00
-4.24921559e-03 4.99191713e+00
-4.26828908e-03 4.99194813e+00
-4.27782582e-03 4.99199009e+00
-4.25517606e-03 4.99201727e+00
-4.24087094e-03 4.99196386e+00
-4.27186536e-03 4.99194098e+00
-4.25398396e-03 4.99194717e+00
-4.26232861e-03 4.99200058e+00
-4.24087094e-03 4.99203396e+00
-4.25159978e-03 4.99204588e+00
-4.26113652e-03 4.99192572e+00
-4.25636815e-03 4.99185181e+00
-4.26471280e-03 4.99193621e+00
-4.26471280e-03 4.99191952e+00
-4.27663373e-03 4.99192190e+00
-4.23729466e-03 4.99204111e+00
-4.25636815e-03 4.99198389e+00
-4.25517606e-03 4.99206257e+00
-4.27305745e-03 4.99191475e+00
-4.24683141e-03 4.99206734e+00
-4.27424954e-03 4.99193144e+00
-4.24683141e-03 4.99190044e+00
-4.25279187e-03 4.99193764e+00
-4.26352071e-03 4.99180651e+00
-4.26709699e-03 4.99193144e+00
-4.26948117e-03 4.99197340e+00
-4.27544164e-03 4.99210310e+00
-4.27305745e-03 4.99191618e+00
-4.24325513e-03 4.99194717e+00
-4.27186536e-03 4.99199820e+00
-4.26471280e-03 4.99190187e+00
-4.27186536e-03 4.99185658e+00
-4.25040768e-03 4.99197102e+00
-4.24683141e-03 4.99202347e+00
-4.25994443e-03 4.99193048e+00
-4.24802350e-03 4.99202108e+00
-4.24802350e-03 4.99211740e+00
-4.25159978e-03 4.99197912e+00
-4.25636815e-03 4.99196386e+00
-4.26471280e-03 4.99188757e+00
-4.26828908e-03 4.99193048e+00
-4.25517606e-03 4.99193144e+00
-4.26948117e-03 4.99187088e+00
-4.25398396e-03 4.99193525e+00
-4.26232861e-03 4.99193764e+00
-4.25994443e-03 4.99207354e+00
-4.25159978e-03 4.99196243e+00
-4.26232861e-03 4.99200058e+00
-4.26232861e-03 4.99189091e+00
-4.25994443e-03 4.99189091e+00
-4.25636815e-03 4.99192905e+00
-4.23371838e-03 4.99193525e+00
-4.23371838e-03 4.99190760e+00
-4.25159978e-03 4.99195051e+00
-4.26828908e-03 4.99194336e+00
-4.26352071e-03 4.99195194e+00
-4.25398396e-03 4.99193144e+00
-4.25040768e-03 4.99202347e+00
-4.25279187e-03 4.99193525e+00
-4.25398396e-03 4.99203300e+00
-4.26948117e-03 4.99208879e+00
-4.27067326e-03 4.99203634e+00
-4.28140210e-03 4.99205446e+00
-4.26948117e-03 4.99194098e+00
-4.26232861e-03 4.99191475e+00
-4.26828908e-03 4.99205303e+00
-4.26709699e-03 4.99194336e+00
-4.26232861e-03 4.99201155e+00
-4.25756024e-03 4.99189949e+00
-4.25875233e-03 4.99189711e+00
-4.24206303e-03 4.99185181e+00
-4.25279187e-03 4.99196148e+00
-4.26828908e-03 4.99188757e+00
-4.23967885e-03 4.99193525e+00
-4.25994443e-03 4.99198627e+00
-4.25636815e-03 4.99187088e+00
-4.25994443e-03 4.99187899e+00
-4.25279187e-03 4.99189806e+00
-4.26352071e-03 4.99190187e+00
-4.25279187e-03 4.99194241e+00
-4.27186536e-03 4.99185753e+00
-4.24802350e-03 4.99202204e+00
-4.25040768e-03 4.99182177e+00
-4.25398396e-03 4.99201250e+00
-4.26352071e-03 4.99197817e+00
-4.24802350e-03 4.99199009e+00
-4.26828908e-03 4.99184322e+00
-4.25279187e-03 4.99200916e+00
-4.28378629e-03 4.99188042e+00
-4.24206303e-03 4.99200296e+00
-4.26709699e-03 4.99183607e+00
-4.26471280e-03 4.99195051e+00
-4.24683141e-03 4.99178362e+00
-4.26828908e-03 4.99200058e+00
-4.25279187e-03 4.99199104e+00
-4.25398396e-03 4.99195290e+00
-4.26232861e-03 4.99200296e+00
-4.26828908e-03 4.99194717e+00
-4.26113652e-03 4.99203396e+00
-4.26471280e-03 4.99192905e+00
-4.26113652e-03 4.99204731e+00
-4.25398396e-03 4.99187660e+00
-4.26590489e-03 4.99190664e+00
-4.25398396e-03 4.99193525e+00
-4.24921559e-03 4.99193287e+00
-4.24921559e-03 4.99186945e+00
-4.26352071e-03 4.99197912e+00
-4.26232861e-03 4.99192429e+00
-4.26113652e-03 4.99195051e+00
-4.24802350e-03 4.99192333e+00
-4.23729466e-03 4.99189568e+00
-4.23014211e-03 4.99204111e+00
-4.26232861e-03 4.99198771e+00
-4.25756024e-03 4.99199724e+00
-4.23133420e-03 4.99201393e+00
-4.26113652e-03 4.99196243e+00
-4.24563931e-03 4.99205065e+00
-4.24802350e-03 4.99212456e+00
-4.25994443e-03 4.99212456e+00
-4.24325513e-03 4.99204350e+00
-4.26590489e-03 4.99194336e+00
-4.25398396e-03 4.99205303e+00
-4.25517606e-03 4.99208307e+00
-4.26113652e-03 4.99196625e+00
-4.25517606e-03 4.99200678e+00
-4.26471280e-03 4.99201012e+00
-4.25279187e-03 4.99202442e+00
-4.25398396e-03 4.99193764e+00
-4.23848676e-03 4.99198771e+00
-4.26471280e-03 4.99183607e+00
-4.25517606e-03 4.99200535e+00
-4.26709699e-03 4.99194241e+00
-4.24921559e-03 4.99197197e+00
-4.25159978e-03 4.99208069e+00
-4.27067326e-03 4.99205303e+00
-4.24444722e-03 4.99199104e+00
-4.25398396e-03 4.99210215e+00
-4.24087094e-03 4.99199009e+00
-4.26113652e-03 4.99197435e+00
-4.25994443e-03 4.99189949e+00
-4.26232861e-03 4.99193859e+00
-4.25994443e-03 4.99190521e+00
-4.25994443e-03 4.99205780e+00
-4.24802350e-03 4.99198866e+00
-4.26352071e-03 4.99188280e+00
-4.25159978e-03 4.99207449e+00
-4.26352071e-03 4.99202919e+00
-4.24921559e-03 4.99201250e+00
-4.25517606e-03 4.99192667e+00
-4.28259419e-03 4.99194717e+00
-4.26352071e-03 4.99205542e+00
-4.25159978e-03 4.99211264e+00
-4.25398396e-03 4.99197197e+00
-4.26948117e-03 4.99193525e+00
-4.25159978e-03 4.99199963e+00
-4.24206303e-03 4.99203634e+00
-4.26113652e-03 4.99196243e+00
-4.26709699e-03 4.99206257e+00
-4.25040768e-03 4.99209595e+00
-4.23848676e-03 4.99199963e+00
-4.26113652e-03 4.99200535e+00
-4.26590489e-03 4.99204588e+00
-4.25756024e-03 4.99194336e+00
-4.25517606e-03 4.99223566e+00
-4.25994443e-03 4.99186707e+00
-4.24563931e-03 4.99208403e+00
-4.27544164e-03 4.99201632e+00
-4.25159978e-03 4.99205780e+00
-4.25756024e-03 4.99182892e+00
-4.24921559e-03 4.99195051e+00
-4.26590489e-03 4.99202824e+00
-4.26590489e-03 4.99200535e+00
-4.25756024e-03 4.99186230e+00
-4.24206303e-03 4.99190903e+00
-4.26948117e-03 4.99211645e+00
-4.27544164e-03 4.99194956e+00
-4.25159978e-03 4.99184942e+00
-4.25636815e-03 4.99201965e+00
-4.25636815e-03 4.99193764e+00
-4.27424954e-03 4.99197578e+00
-4.26352071e-03 4.99194717e+00
-4.25040768e-03 4.99194241e+00
-4.25040768e-03 4.99199009e+00
-4.25875233e-03 4.99201012e+00
-4.24325513e-03 4.99203396e+00
-4.25756024e-03 4.99197197e+00
-4.25875233e-03 4.99205542e+00
-4.25875233e-03 4.99203539e+00
-4.27305745e-03 4.99194002e+00
-4.25875233e-03 4.99187565e+00
-4.26471280e-03 4.99196959e+00
-4.23967885e-03 4.99192095e+00
-4.24206303e-03 4.99199724e+00
-4.25279187e-03 4.99193048e+00
-4.26352071e-03 4.99192429e+00
-4.27067326e-03 4.99198532e+00
-4.27067326e-03 4.99200916e+00
-4.25756024e-03 4.99200773e+00
-4.24444722e-03 4.99202347e+00
-4.26352071e-03 4.99193764e+00
-4.24563931e-03 4.99208784e+00
-4.25040768e-03 4.99186230e+00
-4.27186536e-03 4.99195290e+00
-4.24802350e-03 4.99206400e+00
-4.25159978e-03 4.99208307e+00
-4.26113652e-03 4.99190283e+00
-4.24206303e-03 4.99213648e+00
-4.25040768e-03 4.99207115e+00
-4.24563931e-03 4.99188757e+00
-4.26113652e-03 4.99192333e+00
-4.26471280e-03 4.99198771e+00
-4.26948117e-03 4.99199247e+00
-4.24921559e-03 4.99205446e+00
-4.24921559e-03 4.99216747e+00
-4.27186536e-03 4.99195433e+00
-4.26113652e-03 4.99203777e+00
-4.27424954e-03 4.99200296e+00
-4.25398396e-03 4.99199820e+00
-4.25040768e-03 4.99200535e+00
-4.25279187e-03 4.99187803e+00
-4.25040768e-03 4.99199820e+00
-4.25517606e-03 4.99203062e+00
-4.26113652e-03 4.99187899e+00
-4.27663373e-03 4.99193859e+00
-4.25517606e-03 4.99208164e+00
-4.26948117e-03 4.99196482e+00
-4.25875233e-03 4.99200678e+00
-4.26948117e-03 4.99206495e+00
-4.25756024e-03 4.99193287e+00
-4.24206303e-03 4.99203396e+00
-4.26948117e-03 4.99210310e+00
-4.24444722e-03 4.99199486e+00
-4.26471280e-03 4.99196959e+00
-4.24325513e-03 4.99209499e+00
-4.25756024e-03 4.99201632e+00
-4.25636815e-03 4.99199724e+00
-4.25398396e-03 4.99207687e+00
-4.25636815e-03 4.99202681e+00
-4.25636815e-03 4.99198627e+00
-4.25636815e-03 4.99203062e+00
-4.25517606e-03 4.99201632e+00
-4.25398396e-03 4.99193144e+00
-4.24325513e-03 4.99214506e+00
-4.25636815e-03 4.99199486e+00
-4.27067326e-03 4.99196863e+00
-4.24921559e-03 4.99201488e+00
-4.25875233e-03 4.99198866e+00
-4.26352071e-03 4.99199009e+00
-4.25517606e-03 4.99202585e+00
-4.24921559e-03 4.99190283e+00
-4.24444722e-03 4.99200439e+00
-4.26352071e-03 4.99202824e+00
-4.24921559e-03 4.99212933e+00
-4.25875233e-03 4.99211407e+00
-4.26352071e-03 4.99202442e+00
-4.25159978e-03 4.99213409e+00
-4.25875233e-03 4.99194717e+00
-4.25636815e-03 4.99218559e+00
-4.27544164e-03 4.99204588e+00
-4.26948117e-03 4.99185419e+00
-4.26232861e-03 4.99211740e+00
-4.26113652e-03 4.99208164e+00
-4.24802350e-03 4.99207115e+00
-4.25875233e-03 4.99202585e+00
-4.26709699e-03 4.99216032e+00
-4.26709699e-03 4.99196625e+00
-4.27186536e-03 4.99187899e+00
-4.26352071e-03 4.99213409e+00
-4.25875233e-03 4.99204350e+00
-4.26590489e-03 4.99200535e+00
-4.26232861e-03 4.99185514e+00
-4.28259419e-03 4.99200678e+00
-4.27305745e-03 4.99192429e+00
-4.26828908e-03 4.99214363e+00
-4.25994443e-03 4.99209738e+00
-4.26113652e-03 4.99199343e+00
-4.26471280e-03 4.99197197e+00
-4.26590489e-03 4.99205208e+00
-4.25398396e-03 4.99202108e+00
-4.25756024e-03 4.99201488e+00
-4.25517606e-03 4.99214029e+00
-4.24563931e-03 4.99189091e+00
-4.25756024e-03 4.99197435e+00
-4.26828908e-03 4.99209118e+00
-4.24683141e-03 4.99201155e+00
-4.26828908e-03 4.99212217e+00
-4.24683141e-03 4.99205208e+00
-4.25994443e-03 4.99185276e+00
-4.25756024e-03 4.99211502e+00
-4.25875233e-03 4.99208879e+00
-4.25398396e-03 4.99216175e+00
-4.26232861e-03 4.99210215e+00
-4.25398396e-03 4.99199581e+00
-4.26471280e-03 4.99197197e+00
-4.24683141e-03 4.99202585e+00
-4.26709699e-03 4.99199247e+00
-4.24921559e-03 4.99199581e+00
-4.24802350e-03 4.99209023e+00
-4.25040768e-03 4.99202442e+00
-4.25756024e-03 4.99196959e+00
-4.27186536e-03 4.99208546e+00
-4.24802350e-03 4.99202108e+00
-4.25517606e-03 4.99204350e+00
-4.25517606e-03 4.99197817e+00
-4.25875233e-03 4.99211884e+00
-4.27067326e-03 4.99199963e+00
-4.25398396e-03 4.99200773e+00
-4.26471280e-03 4.99196148e+00
-4.25756024e-03 4.99205780e+00
-4.26590489e-03 4.99206495e+00
-4.26232861e-03 4.99206257e+00
-4.27782582e-03 4.99208641e+00
-4.26471280e-03 4.99213552e+00
-4.27782582e-03 4.99201488e+00
-4.26232861e-03 4.99206972e+00
-4.25756024e-03 4.99214840e+00
-4.24206303e-03 4.99206257e+00
-4.27186536e-03 4.99200916e+00
-4.24683141e-03 4.99204731e+00
-4.24444722e-03 4.99210310e+00
-4.24206303e-03 4.99197435e+00
-4.26471280e-03 4.99194574e+00
-4.27901791e-03 4.99217224e+00
-4.26828908e-03 4.99202347e+00
-4.23967885e-03 4.99195051e+00
-4.25875233e-03 4.99208879e+00
-4.26232861e-03 4.99211168e+00
-4.25159978e-03 4.99196720e+00
-4.25279187e-03 4.99215937e+00
-4.23848676e-03 4.99195290e+00
-4.25279187e-03 4.99202204e+00
-4.24802350e-03 4.99210453e+00
-4.24563931e-03 4.99205446e+00
-4.25636815e-03 4.99204969e+00
-4.27186536e-03 4.99195433e+00
-4.26232861e-03 4.99206877e+00
-4.26828908e-03 4.99201727e+00
-4.26828908e-03 4.99210930e+00
-4.25279187e-03 4.99205542e+00
-4.27424954e-03 4.99195766e+00
-4.24087094e-03 4.99208641e+00
-4.26352071e-03 4.99206161e+00
-4.25636815e-03 4.99214268e+00
-4.25875233e-03 4.99201632e+00
-4.25994443e-03 4.99209023e+00
-4.24683141e-03 4.99201965e+00
-4.24563931e-03 4.99208403e+00
-4.26590489e-03 4.99213791e+00
-4.26471280e-03 4.99214363e+00
-4.25279187e-03 4.99196720e+00
-4.27782582e-03 4.99202442e+00
-4.25636815e-03 4.99211979e+00
-4.24921559e-03 4.99198771e+00
-4.25875233e-03 4.99202204e+00
-4.22895001e-03 4.99204588e+00
-4.25159978e-03 4.99195290e+00
-4.26113652e-03 4.99194574e+00
-4.25159978e-03 4.99197197e+00
-4.24802350e-03 4.99203157e+00
-4.24683141e-03 4.99207211e+00
-4.26352071e-03 4.99209738e+00
-4.24563931e-03 4.99215221e+00
-4.24563931e-03 4.99203157e+00
-4.25517606e-03 4.99204731e+00
-4.25875233e-03 4.99211025e+00
-4.26828908e-03 4.99198627e+00
-4.27424954e-03 4.99200678e+00
-4.25636815e-03 4.99200773e+00
-4.25994443e-03 4.99207926e+00
-4.25398396e-03 4.99214268e+00
-4.26590489e-03 4.99195051e+00
-4.25756024e-03 4.99205780e+00
-4.25517606e-03 4.99203300e+00
-4.25279187e-03 4.99187565e+00
-4.25875233e-03 4.99207354e+00
-4.25875233e-03 4.99205446e+00
-4.25756024e-03 4.99211407e+00
-4.26232861e-03 4.99194813e+00
-4.25279187e-03 4.99208069e+00
-4.25756024e-03 4.99202681e+00
-4.26590489e-03 4.99202824e+00
-4.25279187e-03 4.99203539e+00
-4.26828908e-03 4.99200201e+00
-4.24444722e-03 4.99204826e+00
-4.26232861e-03 4.99208641e+00
-4.27663373e-03 4.99195766e+00
-4.25756024e-03 4.99190664e+00
-4.27424954e-03 4.99201870e+00
-4.25159978e-03 4.99212694e+00
-4.26471280e-03 4.99206638e+00
-4.23967885e-03 4.99203539e+00
-4.25875233e-03 4.99201012e+00
-4.24563931e-03 4.99204493e+00
-4.26113652e-03 4.99201393e+00
-4.27782582e-03 4.99192095e+00
-4.25994443e-03 4.99204254e+00
-4.26232861e-03 4.99192333e+00
-4.27067326e-03 4.99203396e+00
-4.26471280e-03 4.99199581e+00
-4.24802350e-03 4.99209833e+00
-4.27424954e-03 4.99207926e+00
-4.25875233e-03 4.99207115e+00
-4.26113652e-03 4.99199820e+00
-4.26828908e-03 4.99194098e+00
-4.24802350e-03 4.99203062e+00
-4.24325513e-03 4.99211979e+00
-4.26590489e-03 4.99200201e+00
-4.27067326e-03 4.99197340e+00
-4.26471280e-03 4.99212837e+00
-4.24444722e-03 4.99205065e+00
-4.25517606e-03 4.99196005e+00
-4.27186536e-03 4.99194336e+00
-4.26709699e-03 4.99200058e+00
-4.26352071e-03 4.99195766e+00
-4.26352071e-03 4.99206734e+00
-4.25636815e-03 4.99206877e+00
-4.24683141e-03 4.99200535e+00
-4.24206303e-03 4.99204731e+00
-4.24444722e-03 4.99213314e+00
-4.26948117e-03 4.99201488e+00
-4.28259419e-03 4.99202919e+00
-4.24921559e-03 4.99202824e+00
-4.25636815e-03 4.99197578e+00
-4.24921559e-03 4.99205208e+00
-4.27067326e-03 4.99202919e+00
-4.27067326e-03 4.99207449e+00
-4.25756024e-03 4.99194717e+00
-4.25159978e-03 4.99196386e+00
-4.27663373e-03 4.99195766e+00
-4.25279187e-03 4.99210787e+00
-4.27186536e-03 4.99202681e+00
-4.25279187e-03 4.99206972e+00
-4.26471280e-03 4.99200678e+00
-4.23848676e-03 4.99207687e+00
-4.26948117e-03 4.99201870e+00
-4.27424954e-03 4.99206018e+00
-4.26709699e-03 4.99199724e+00
-4.26590489e-03 4.99196959e+00
-4.25994443e-03 4.99186850e+00
-4.26471280e-03 4.99212837e+00
-4.26471280e-03 4.99221182e+00
-4.26232861e-03 4.99197912e+00
-4.26590489e-03 4.99197340e+00
-4.25636815e-03 4.99210215e+00
-4.27305745e-03 4.99214506e+00
-4.25159978e-03 4.99207687e+00
-4.26113652e-03 4.99202347e+00
-4.26948117e-03 4.99201965e+00
-4.27663373e-03 4.99199009e+00
-4.24206303e-03 4.99204731e+00
-4.27544164e-03 4.99198771e+00
-4.26471280e-03 4.99217939e+00
-4.27544164e-03 4.99196243e+00
-4.26709699e-03 4.99208307e+00
-4.27067326e-03 4.99207687e+00
-4.25994443e-03 4.99207687e+00
-4.25875233e-03 4.99209499e+00
-4.26948117e-03 4.99203157e+00
-4.27067326e-03 4.99214506e+00
-4.25517606e-03 4.99206972e+00
-4.24802350e-03 4.99204826e+00
-4.26828908e-03 4.99195433e+00
-4.27424954e-03 4.99212599e+00
-4.24206303e-03 4.99198771e+00
-4.27424954e-03 4.99187183e+00
-4.28855466e-03 4.99213076e+00
-4.25636815e-03 4.99205542e+00
-4.24325513e-03 4.99193764e+00
-4.25994443e-03 4.99199963e+00
-4.27305745e-03 4.99196863e+00
-4.27067326e-03 4.99191236e+00
-4.25994443e-03 4.99195433e+00
-4.26471280e-03 4.99192333e+00
-4.26590489e-03 4.99205780e+00
-4.23848676e-03 4.99197102e+00
-4.23252629e-03 4.99199104e+00
-4.27544164e-03 4.99197197e+00
-4.26232861e-03 4.99204016e+00
-4.27305745e-03 4.99203062e+00
-4.27424954e-03 4.99192667e+00
-4.23967885e-03 4.99204350e+00
-4.26471280e-03 4.99197817e+00
-4.25279187e-03 4.99203300e+00
-4.26232861e-03 4.99209595e+00
-4.26709699e-03 4.99207211e+00
-4.25279187e-03 4.99201155e+00
-4.26948117e-03 4.99217224e+00
-4.26948117e-03 4.99199247e+00
-4.27067326e-03 4.99203777e+00
-4.27663373e-03 4.99204350e+00
-4.27305745e-03 4.99208641e+00
-4.26709699e-03 4.99210548e+00
-4.25636815e-03 4.99191380e+00
-4.25517606e-03 4.99211645e+00
-4.26590489e-03 4.99207830e+00
-4.27305745e-03 4.99209261e+00
-4.26828908e-03 4.99209261e+00
-4.27782582e-03 4.99195766e+00
-4.25875233e-03 4.99200916e+00
-4.27544164e-03 4.99219275e+00
-4.25994443e-03 4.99199724e+00
-4.26113652e-03 4.99197817e+00
-4.26352071e-03 4.99201488e+00
-4.24563931e-03 4.99208403e+00
-4.25875233e-03 4.99201393e+00
-4.26352071e-03 4.99204254e+00
-4.25636815e-03 4.99206972e+00
-4.24921559e-03 4.99205780e+00
-4.26352071e-03 4.99203157e+00
-4.27544164e-03 4.99188852e+00
-4.27067326e-03 4.99207687e+00
-4.25517606e-03 4.99205446e+00
-4.25517606e-03 4.99195766e+00
-4.25636815e-03 4.99201727e+00
-4.26828908e-03 4.99203300e+00
-4.26828908e-03 4.99203539e+00
-4.23848676e-03 4.99212456e+00
-4.26471280e-03 4.99203396e+00
-4.24921559e-03 4.99208069e+00
-4.24921559e-03 4.99202204e+00
-4.26590489e-03 4.99208641e+00
-4.28378629e-03 4.99186945e+00
-4.23133420e-03 4.99193859e+00
-4.26232861e-03 4.99200296e+00
-4.26709699e-03 4.99213648e+00
-4.28021001e-03 4.99208546e+00
-4.27305745e-03 4.99205208e+00
-4.25279187e-03 4.99196625e+00
-4.27782582e-03 4.99201488e+00
-4.26828908e-03 4.99202347e+00
-4.25040768e-03 4.99207687e+00
-4.25994443e-03 4.99205780e+00
-4.23610257e-03 4.99206018e+00
-4.25040768e-03 4.99213409e+00
-4.26590489e-03 4.99197197e+00
-4.26709699e-03 4.99201870e+00
-4.25398396e-03 4.99210548e+00
-4.26352071e-03 4.99209261e+00
-4.25875233e-03 4.99217129e+00
-4.25279187e-03 4.99213886e+00
-4.26828908e-03 4.99207926e+00
-4.26352071e-03 4.99197435e+00
-4.25875233e-03 4.99199104e+00
-4.25875233e-03 4.99205923e+00
-4.25040768e-03 4.99195528e+00
-4.25756024e-03 4.99218178e+00
-4.27544164e-03 4.99211264e+00
-4.26471280e-03 4.99200296e+00
-4.26352071e-03 4.99216509e+00
-4.25636815e-03 4.99212122e+00
-4.23491048e-03 4.99204493e+00
-4.25875233e-03 4.99212360e+00
-4.25398396e-03 4.99208879e+00
-4.25398396e-03 4.99210787e+00
-4.24325513e-03 4.99199343e+00
-4.24325513e-03 4.99203777e+00
-4.27305745e-03 4.99205923e+00
-4.25517606e-03 4.99207830e+00
-4.26352071e-03 4.99203396e+00
-4.25636815e-03 4.99210930e+00
-4.26828908e-03 4.99210215e+00
-4.25517606e-03 4.99197578e+00
-4.24683141e-03 4.99198532e+00
-4.24921559e-03 4.99210691e+00
-4.24921559e-03 4.99200916e+00
-4.25517606e-03 4.99211884e+00
-4.24444722e-03 4.99202204e+00
-4.27067326e-03 4.99200916e+00
-4.26590489e-03 4.99207449e+00
-4.25398396e-03 4.99215794e+00
-4.24921559e-03 4.99203777e+00
-4.26709699e-03 4.99205208e+00
-4.26352071e-03 4.99210310e+00
-4.25636815e-03 4.99221039e+00
-4.26828908e-03 4.99195766e+00
-4.28497838e-03 4.99200201e+00
-4.27424954e-03 4.99208403e+00
-4.27067326e-03 4.99212456e+00
-4.25279187e-03 4.99193621e+00
-4.27424954e-03 4.99199343e+00
-4.27067326e-03 4.99213076e+00
-4.25159978e-03 4.99202681e+00
-4.25636815e-03 4.99207354e+00
-4.25517606e-03 4.99198866e+00
-4.25994443e-03 4.99197102e+00
-4.27663373e-03 4.99210548e+00
-4.27901791e-03 4.99194241e+00
-4.25994443e-03 4.99203157e+00
-4.26471280e-03 4.99206734e+00
-4.24802350e-03 4.99195290e+00
-4.26948117e-03 4.99208784e+00
-4.26590489e-03 4.99201250e+00
-4.26352071e-03 4.99211264e+00
-4.26590489e-03 4.99200058e+00
-4.26352071e-03 4.99188280e+00
-4.27067326e-03 4.99208641e+00
-4.27544164e-03 4.99208784e+00
-4.26828908e-03 4.99202442e+00
-4.26352071e-03 4.99203062e+00
-4.25994443e-03 4.99203777e+00
-4.26590489e-03 4.99198627e+00
-4.25994443e-03 4.99204731e+00
-4.24802350e-03 4.99206877e+00
-4.27782582e-03 4.99190187e+00
-4.25159978e-03 4.99213076e+00
-4.26590489e-03 4.99206972e+00
-4.26232861e-03 4.99196625e+00
-4.26352071e-03 4.99204254e+00
-4.24444722e-03 4.99208403e+00
-4.28140210e-03 4.99211264e+00
-4.27186536e-03 4.99208879e+00
-4.26113652e-03 4.99203157e+00
-4.26948117e-03 4.99209499e+00
-4.25875233e-03 4.99194002e+00
-4.26471280e-03 4.99190426e+00
-4.26232861e-03 4.99204254e+00
-4.26828908e-03 4.99215937e+00
-4.25756024e-03 4.99210930e+00
-4.25756024e-03 4.99210215e+00
-4.26471280e-03 4.99197435e+00
-4.26471280e-03 4.99213409e+00
-4.24325513e-03 4.99214268e+00
-4.26232861e-03 4.99200439e+00
-4.27782582e-03 4.99198055e+00
-4.24921559e-03 4.99214363e+00
-4.26948117e-03 4.99199009e+00
-4.26828908e-03 4.99190283e+00
-4.25040768e-03 4.99203396e+00
-4.27067326e-03 4.99207830e+00
-4.26828908e-03 4.99202108e+00
-4.25756024e-03 4.99198389e+00
-4.25875233e-03 4.99203634e+00
-4.25756024e-03 4.99213648e+00
-4.27424954e-03 4.99207926e+00
-4.27186536e-03 4.99204588e+00
-4.24683141e-03 4.99199343e+00
-4.25398396e-03 4.99191141e+00
-4.26113652e-03 4.99210072e+00
-4.25040768e-03 4.99200916e+00
-4.28021001e-03 4.99210453e+00
-4.24444722e-03 4.99202585e+00
-4.26352071e-03 4.99210072e+00
-4.25398396e-03 4.99204016e+00
-4.27067326e-03 4.99201632e+00
-4.26948117e-03 4.99210453e+00
-4.25279187e-03 4.99208641e+00
-4.26828908e-03 4.99204111e+00
-4.26471280e-03 4.99191236e+00
-4.25756024e-03 4.99209833e+00
-4.27305745e-03 4.99200439e+00
-4.26113652e-03 4.99197340e+00
-4.24921559e-03 4.99202919e+00
-4.25875233e-03 4.99203396e+00
-4.24683141e-03 4.99195528e+00
-4.25756024e-03 4.99209833e+00
-4.25517606e-03 4.99218798e+00
-4.25398396e-03 4.99203539e+00
-4.25994443e-03 4.99210548e+00
-4.26113652e-03 4.99204969e+00
-4.25279187e-03 4.99195671e+00
-4.28378629e-03 4.99204016e+00
-4.26709699e-03 4.99208403e+00
-4.26948117e-03 4.99205685e+00
-4.27305745e-03 4.99193525e+00
-4.26709699e-03 4.99209738e+00
-4.27544164e-03 4.99200535e+00
-4.26590489e-03 4.99195910e+00
-4.24563931e-03 4.99198389e+00
-4.25994443e-03 4.99206638e+00
-4.25517606e-03 4.99195528e+00
-4.27305745e-03 4.99209595e+00
-4.26113652e-03 4.99203873e+00
-4.25994443e-03 4.99210691e+00
-4.23729466e-03 4.99211979e+00
-4.27305745e-03 4.99205303e+00
-4.24802350e-03 4.99190283e+00
-4.24563931e-03 4.99197817e+00
-4.24921559e-03 4.99207926e+00
-4.23491048e-03 4.99211502e+00
-4.25517606e-03 4.99190664e+00
-4.27663373e-03 4.99198151e+00
-4.26828908e-03 4.99219751e+00
-4.27305745e-03 4.99206018e+00
-4.25040768e-03 4.99207592e+00
-4.26232861e-03 4.99198151e+00
-4.25517606e-03 4.99196243e+00
-4.26232861e-03 4.99208784e+00
-4.26828908e-03 4.99205780e+00
-4.24921559e-03 4.99210787e+00
-4.27186536e-03 4.99210787e+00
-4.27067326e-03 4.99202681e+00
-4.25994443e-03 4.99201965e+00
-4.25517606e-03 4.99197674e+00
-4.25398396e-03 4.99198389e+00
-4.25636815e-03 4.99210548e+00
-4.26232861e-03 4.99203062e+00
-4.26828908e-03 4.99200535e+00
-4.25994443e-03 4.99209738e+00
-4.26471280e-03 4.99195766e+00
-4.25994443e-03 4.99202919e+00
-4.26471280e-03 4.99202108e+00
-4.26113652e-03 4.99202585e+00
-4.25756024e-03 4.99207449e+00
-4.25636815e-03 4.99196720e+00
-4.28140210e-03 4.99213076e+00
-4.26948117e-03 4.99202347e+00
-4.24683141e-03 4.99213171e+00
-4.26590489e-03 4.99210215e+00
-4.28974675e-03 4.99215937e+00
-4.27544164e-03 4.99193621e+00
-4.26828908e-03 4.99193144e+00
-4.26113652e-03 4.99205065e+00
-4.25040768e-03 4.99202442e+00
-4.26113652e-03 4.99210072e+00
-4.26471280e-03 4.99202442e+00
-4.25279187e-03 4.99191952e+00
-4.24087094e-03 4.99218416e+00
-4.24563931e-03 4.99210691e+00
-4.24206303e-03 4.99202585e+00
-4.27067326e-03 4.99192810e+00
-4.26232861e-03 4.99191236e+00
-4.27663373e-03 4.99199820e+00
-4.26828908e-03 4.99203396e+00
-4.26471280e-03 4.99203873e+00
-4.26828908e-03 4.99208403e+00
-4.26471280e-03 4.99204969e+00
-4.26590489e-03 4.99200773e+00
-4.26948117e-03 4.99203157e+00
-4.24921559e-03 4.99209738e+00
-4.25636815e-03 4.99204016e+00
-4.25517606e-03 4.99192333e+00
-4.25517606e-03 4.99197578e+00
-4.25636815e-03 4.99208879e+00
-4.27663373e-03 4.99205208e+00
-4.26352071e-03 4.99206638e+00
-4.26828908e-03 4.99200916e+00
-4.25279187e-03 4.99209738e+00
-4.26828908e-03 4.99192810e+00
-4.27544164e-03 4.99209356e+00
-4.25756024e-03 4.99199820e+00
-4.27186536e-03 4.99199247e+00
-4.26352071e-03 4.99211502e+00
-4.24921559e-03 4.99202585e+00
-4.26471280e-03 4.99216890e+00
-4.26828908e-03 4.99211979e+00
-4.28259419e-03 4.99219370e+00
-4.25756024e-03 4.99212694e+00
-4.27305745e-03 4.99215460e+00
-4.25398396e-03 4.99196863e+00
-4.26590489e-03 4.99197674e+00
-4.26948117e-03 4.99218178e+00
-4.25994443e-03 4.99224043e+00
-4.25279187e-03 4.99207592e+00
-4.27067326e-03 4.99204111e+00
-4.25517606e-03 4.99200916e+00
-4.25040768e-03 4.99222136e+00
-4.25756024e-03 4.99206161e+00
-4.26352071e-03 4.99209738e+00
-4.25875233e-03 4.99200678e+00
-4.24921559e-03 4.99202204e+00
-4.25040768e-03 4.99205303e+00
-4.26232861e-03 4.99208641e+00
-4.26471280e-03 4.99207687e+00
-4.25994443e-03 4.99203062e+00
-4.24683141e-03 4.99214745e+00
-4.26828908e-03 4.99201393e+00
-4.26709699e-03 4.99194002e+00
-4.26828908e-03 4.99210310e+00
-4.26709699e-03 4.99219370e+00
-4.25398396e-03 4.99217606e+00
-4.26113652e-03 4.99218416e+00
-4.26113652e-03 4.99209261e+00
-4.26113652e-03 4.99195671e+00
-4.25517606e-03 4.99214268e+00
-4.24563931e-03 4.99208403e+00
-4.25756024e-03 4.99198294e+00
-4.26352071e-03 4.99210453e+00
-4.24325513e-03 4.99216413e+00
-4.24206303e-03 4.99191236e+00
-4.25517606e-03 4.99208403e+00
-4.25517606e-03 4.99200773e+00
-4.26590489e-03 4.99201870e+00
-4.26709699e-03 4.99215794e+00
-4.25994443e-03 4.99211168e+00
-4.24563931e-03 4.99209595e+00
-4.25398396e-03 4.99206638e+00
-4.26352071e-03 4.99200773e+00
-4.25279187e-03 4.99211264e+00
-4.25636815e-03 4.99208403e+00
-4.26113652e-03 4.99211884e+00
-4.24802350e-03 4.99222469e+00
-4.26590489e-03 4.99204588e+00
-4.26948117e-03 4.99214363e+00
-4.25636815e-03 4.99207211e+00
-4.25517606e-03 4.99200201e+00
-4.26232861e-03 4.99217939e+00
-4.25756024e-03 4.99192429e+00
-4.25636815e-03 4.99201488e+00
-4.27186536e-03 4.99206638e+00
-4.25994443e-03 4.99215078e+00
-4.25517606e-03 4.99202681e+00
-4.25517606e-03 4.99206257e+00
-4.24921559e-03 4.99217367e+00
-4.24683141e-03 4.99213171e+00
-4.26352071e-03 4.99201393e+00
-4.25398396e-03 4.99197912e+00
-4.24802350e-03 4.99198771e+00
-4.26590489e-03 4.99197340e+00
-4.23848676e-03 4.99199724e+00
-4.27424954e-03 4.99198771e+00
-4.24444722e-03 4.99202681e+00
-4.26352071e-03 4.99208403e+00
-4.28021001e-03 4.99199820e+00
-4.25994443e-03 4.99194336e+00
-4.26232861e-03 4.99200201e+00
-4.25875233e-03 4.99210930e+00
-4.24921559e-03 4.99205303e+00
-4.25756024e-03 4.99201250e+00
-4.24802350e-03 4.99205923e+00
-4.26352071e-03 4.99207592e+00
-4.26352071e-03 4.99203777e+00
-4.25875233e-03 4.99194956e+00
-4.24206303e-03 4.99195910e+00
-4.25398396e-03 4.99214125e+00
-4.25875233e-03 4.99208641e+00
-4.25994443e-03 4.99208069e+00
-4.25040768e-03 4.99211264e+00
-4.25756024e-03 4.99207926e+00
-4.26352071e-03 4.99194813e+00
-4.24802350e-03 4.99209499e+00
-4.26232861e-03 4.99205303e+00
-4.26232861e-03 4.99196959e+00
-4.24444722e-03 4.99211740e+00
-4.26709699e-03 4.99193287e+00
-4.26352071e-03 4.99203777e+00
-4.25875233e-03 4.99194336e+00
-4.26113652e-03 4.99205780e+00
-4.25875233e-03 4.99201155e+00
-4.25994443e-03 4.99202681e+00
-4.25040768e-03 4.99204350e+00
-4.27544164e-03 4.99205542e+00
-4.25636815e-03 4.99195671e+00
-4.24802350e-03 4.99214983e+00
-4.25994443e-03 4.99201727e+00
-4.26232861e-03 4.99194479e+00
-4.25875233e-03 4.99191236e+00
-4.26352071e-03 4.99192905e+00
-4.27067326e-03 4.99198389e+00
-4.25994443e-03 4.99204493e+00
-4.23848676e-03 4.99194956e+00
-4.25875233e-03 4.99197102e+00
-4.26590489e-03 4.99206734e+00
-4.23014211e-03 4.99201393e+00
-4.25159978e-03 4.99200201e+00
-4.25756024e-03 4.99205303e+00
-4.26113652e-03 4.99212694e+00
-4.25279187e-03 4.99196386e+00
-4.26352071e-03 4.99211264e+00
-4.27782582e-03 4.99198389e+00
-4.23610257e-03 4.99195051e+00
-4.26590489e-03 4.99198627e+00
-4.26352071e-03 4.99202108e+00
-4.26113652e-03 4.99208069e+00
-4.26590489e-03 4.99200439e+00
-4.23848676e-03 4.99198771e+00
-4.26590489e-03 4.99209738e+00
-4.27544164e-03 4.99199247e+00
-4.25636815e-03 4.99200678e+00
-4.27067326e-03 4.99200439e+00
-4.25517606e-03 4.99201632e+00
-4.24563931e-03 4.99206257e+00
-4.24563931e-03 4.99203300e+00
-4.25517606e-03 4.99198151e+00
-4.24563931e-03 4.99188137e+00
-4.28378629e-03 4.99211264e+00
-4.25636815e-03 4.99202681e+00
-4.23610257e-03 4.99200201e+00
-4.27305745e-03 4.99200773e+00
-4.26232861e-03 4.99196386e+00
-4.25040768e-03 4.99198294e+00
-4.26113652e-03 4.99211502e+00
-4.25398396e-03 4.99202204e+00
-4.25159978e-03 4.99202204e+00
-4.26709699e-03 4.99188614e+00
-4.26471280e-03 4.99211979e+00
-4.23610257e-03 4.99210215e+00
-4.24444722e-03 4.99207830e+00
-4.24325513e-03 4.99198389e+00
-4.25994443e-03 4.99196243e+00
-4.25756024e-03 4.99196148e+00
-4.25279187e-03 4.99215555e+00
-4.25159978e-03 4.99208307e+00
-4.24683141e-03 4.99191618e+00
-4.25398396e-03 4.99198532e+00
-4.24683141e-03 4.99193382e+00
-4.26232861e-03 4.99202442e+00
-4.26352071e-03 4.99188137e+00
-4.25994443e-03 4.99216890e+00
-4.25159978e-03 4.99201393e+00
-4.26471280e-03 4.99200916e+00
-4.24563931e-03 4.99221897e+00
-4.25398396e-03 4.99212360e+00
-4.26352071e-03 4.99212599e+00
-4.24206303e-03 4.99204254e+00
-4.25159978e-03 4.99206638e+00
-4.26709699e-03 4.99210215e+00
-4.26709699e-03 4.99199486e+00
-4.25159978e-03 4.99203634e+00
-4.25040768e-03 4.99206877e+00
-4.25875233e-03 4.99210215e+00
-4.27544164e-03 4.99204731e+00
-4.26590489e-03 4.99201727e+00
-4.24921559e-03 4.99208641e+00
-4.24206303e-03 4.99213171e+00
-4.25398396e-03 4.99204826e+00
-4.26828908e-03 4.99205208e+00
-4.26352071e-03 4.99206972e+00
-4.25994443e-03 4.99209595e+00
-4.24206303e-03 4.99205208e+00
-4.25875233e-03 4.99192095e+00
-4.25398396e-03 4.99214029e+00
-4.26471280e-03 4.99205923e+00
-4.24563931e-03 4.99200916e+00
-4.25398396e-03 4.99204493e+00
-4.26828908e-03 4.99193048e+00
-4.24683141e-03 4.99200439e+00
-4.25875233e-03 4.99204826e+00
-4.25994443e-03 4.99204350e+00
-4.26471280e-03 4.99214983e+00
-4.24087094e-03 4.99203634e+00
-4.25756024e-03 4.99212933e+00
-4.26948117e-03 4.99214029e+00
-4.24921559e-03 4.99217844e+00
-4.25040768e-03 4.99204731e+00
-4.25279187e-03 4.99200439e+00
-4.27186536e-03 4.99208403e+00
-4.26709699e-03 4.99205542e+00
-4.26113652e-03 4.99201632e+00
-4.24802350e-03 4.99204731e+00
-4.27186536e-03 4.99203396e+00
-4.25159978e-03 4.99199247e+00
-4.23967885e-03 4.99206877e+00
-4.24683141e-03 4.99205065e+00
-4.25159978e-03 4.99207592e+00
-4.26113652e-03 4.99199724e+00
-4.24683141e-03 4.99203396e+00
-4.25040768e-03 4.99205065e+00
-4.27424954e-03 4.99214983e+00
-4.26471280e-03 4.99205685e+00
-4.25517606e-03 4.99200201e+00
-4.24921559e-03 4.99210215e+00
-4.25398396e-03 4.99211979e+00
-4.25040768e-03 4.99201012e+00
-4.27305745e-03 4.99208403e+00
-4.25279187e-03 4.99206257e+00
-4.26709699e-03 4.99205208e+00
-4.24563931e-03 4.99203062e+00
-4.27067326e-03 4.99204969e+00
-4.25279187e-03 4.99200058e+00
-4.23848676e-03 4.99209023e+00
-4.24921559e-03 4.99200296e+00
-4.24921559e-03 4.99203157e+00
-4.24087094e-03 4.99203777e+00
-4.26828908e-03 4.99206877e+00
-4.26232861e-03 4.99206972e+00
-4.26471280e-03 4.99196482e+00
-4.25279187e-03 4.99207830e+00
-4.26590489e-03 4.99207592e+00
-4.23371838e-03 4.99214983e+00
-4.25756024e-03 4.99213076e+00
-4.26113652e-03 4.99199104e+00
-4.25756024e-03 4.99204111e+00
-4.25040768e-03 4.99189234e+00
-4.28021001e-03 4.99198055e+00
-4.25994443e-03 4.99208784e+00
-4.24802350e-03 4.99201632e+00
-4.23133420e-03 4.99203062e+00
-4.25636815e-03 4.99215078e+00
-4.25994443e-03 4.99191952e+00
-4.26948117e-03 4.99217701e+00
-4.26232861e-03 4.99190664e+00
-4.25159978e-03 4.99201012e+00
-4.25159978e-03 4.99206257e+00
-4.25875233e-03 4.99193144e+00
-4.27067326e-03 4.99207592e+00
-4.26232861e-03 4.99210310e+00
-4.26828908e-03 4.99207449e+00
-4.25040768e-03 4.99203634e+00
-4.23967885e-03 4.99196625e+00
-4.25040768e-03 4.99197197e+00
-4.26352071e-03 4.99199247e+00
-4.24325513e-03 4.99198151e+00
-4.23848676e-03 4.99198866e+00
-4.24325513e-03 4.99208546e+00
-4.27186536e-03 4.99212694e+00
-4.25398396e-03 4.99209118e+00
-4.27424954e-03 4.99200678e+00
-4.27305745e-03 4.99199581e+00
-4.26352071e-03 4.99203539e+00
-4.28497838e-03 4.99202108e+00
-4.28140210e-03 4.99196386e+00
-4.27424954e-03 4.99199581e+00
-4.26113652e-03 4.99196482e+00
-4.23848676e-03 4.99199009e+00
-4.24444722e-03 4.99203300e+00
-4.26232861e-03 4.99209023e+00
-4.25040768e-03 4.99202824e+00
-4.27067326e-03 4.99189568e+00
-4.26471280e-03 4.99211407e+00
-4.24802350e-03 4.99201727e+00
-4.27186536e-03 4.99204493e+00
-4.26113652e-03 4.99207449e+00
-4.25040768e-03 4.99200916e+00
-4.25994443e-03 4.99211407e+00
-4.24921559e-03 4.99210548e+00
-4.27305745e-03 4.99201488e+00
-4.25517606e-03 4.99210930e+00
-4.26471280e-03 4.99208784e+00
-4.25159978e-03 4.99213552e+00
-4.27067326e-03 4.99186611e+00
-4.26352071e-03 4.99207830e+00
-4.26232861e-03 4.99206972e+00
-4.23729466e-03 4.99196625e+00
-4.28021001e-03 4.99198389e+00
-4.26113652e-03 4.99209738e+00
-4.24802350e-03 4.99182177e+00
-4.27305745e-03 4.99189949e+00
-4.24921559e-03 4.99210691e+00
-4.26828908e-03 4.99190187e+00
-4.26471280e-03 4.99198771e+00
-4.26471280e-03 4.99201727e+00
-4.26232861e-03 4.99209595e+00
-4.26352071e-03 4.99199343e+00
-4.25279187e-03 4.99197817e+00
-4.26828908e-03 4.99210930e+00
-4.25875233e-03 4.99195290e+00
-4.25756024e-03 4.99209738e+00
-4.25279187e-03 4.99214029e+00
-4.25636815e-03 4.99197817e+00
-4.24802350e-03 4.99208784e+00
-4.25159978e-03 4.99204350e+00
-4.25159978e-03 4.99201155e+00
-4.25398396e-03 4.99202108e+00
-4.25279187e-03 4.99196386e+00
-4.27424954e-03 4.99200916e+00
-4.27424954e-03 4.99192667e+00
-4.23967885e-03 4.99200201e+00
-4.26471280e-03 4.99192190e+00
-4.27186536e-03 4.99203634e+00
-4.26709699e-03 4.99204111e+00
-4.26471280e-03 4.99199581e+00
-4.24563931e-03 4.99202442e+00
-4.24563931e-03 4.99185276e+00
-4.25636815e-03 4.99198055e+00
-4.26232861e-03 4.99213171e+00
-4.27186536e-03 4.99217606e+00
-4.25279187e-03 4.99190426e+00
-4.26471280e-03 4.99201870e+00
-4.25517606e-03 4.99206877e+00
-4.25279187e-03 4.99193764e+00
-4.26948117e-03 4.99202108e+00
-4.26948117e-03 4.99204493e+00
-4.26352071e-03 4.99200916e+00
-4.24206303e-03 4.99203539e+00
-4.25159978e-03 4.99198627e+00
-4.26113652e-03 4.99215555e+00
-4.26113652e-03 4.99194098e+00
-4.25159978e-03 4.99202585e+00
-4.25994443e-03 4.99203873e+00
-4.27424954e-03 4.99199820e+00
-4.24087094e-03 4.99214363e+00
-4.26113652e-03 4.99205542e+00
-4.26471280e-03 4.99205446e+00
-4.25040768e-03 4.99192190e+00
-4.26113652e-03 4.99194002e+00
-4.25159978e-03 4.99200678e+00
-4.26709699e-03 4.99204350e+00
-4.28259419e-03 4.99198771e+00
-4.26948117e-03 4.99195194e+00
-4.25279187e-03 4.99199104e+00
-4.27186536e-03 4.99202585e+00
-4.24921559e-03 4.99196720e+00
-4.26232861e-03 4.99196005e+00
-4.25517606e-03 4.99199343e+00
-4.22775792e-03 4.99205065e+00
-4.25040768e-03 4.99204111e+00
-4.24444722e-03 4.99206400e+00
-4.25517606e-03 4.99208641e+00
-4.26232861e-03 4.99210548e+00
-4.24802350e-03 4.99203777e+00
-4.24563931e-03 4.99205303e+00
-4.25517606e-03 4.99186611e+00
-4.25398396e-03 4.99211168e+00
-4.25994443e-03 4.99201727e+00
-4.25994443e-03 4.99205208e+00
-4.25159978e-03 4.99210072e+00
-4.26590489e-03 4.99199247e+00
-4.24325513e-03 4.99193287e+00
-4.24921559e-03 4.99188852e+00
-4.27305745e-03 4.99187088e+00
-4.25875233e-03 4.99201488e+00
-4.25636815e-03 4.99191475e+00
-4.25159978e-03 4.99218655e+00
-4.27186536e-03 4.99201870e+00
-4.24921559e-03 4.99215937e+00
-4.23729466e-03 4.99195671e+00
-4.26471280e-03 4.99209738e+00
-4.25159978e-03 4.99194002e+00
-4.24325513e-03 4.99205685e+00
-4.25517606e-03 4.99194574e+00
-4.24325513e-03 4.99207354e+00
-4.26232861e-03 4.99205685e+00
-4.24444722e-03 4.99190521e+00
-4.25875233e-03 4.99199343e+00
-4.26352071e-03 4.99183846e+00
-4.26709699e-03 4.99198771e+00
-4.25159978e-03 4.99210310e+00
-4.23610257e-03 4.99195051e+00
-4.22895001e-03 4.99204016e+00
-4.26709699e-03 4.99199009e+00
-4.26113652e-03 4.99192905e+00
-4.24802350e-03 4.99191380e+00
-4.26232861e-03 4.99216747e+00
-4.25517606e-03 4.99201012e+00
-4.27663373e-03 4.99201393e+00
-4.27901791e-03 4.99192429e+00
-4.25398396e-03 4.99190664e+00
-4.27067326e-03 4.99193764e+00
-4.23610257e-03 4.99201012e+00
-4.26232861e-03 4.99201012e+00
-4.25517606e-03 4.99205303e+00
-4.27305745e-03 4.99200439e+00
-4.25517606e-03 4.99206018e+00
-4.25040768e-03 4.99210072e+00
-4.25994443e-03 4.99187422e+00
-4.24087094e-03 4.99193764e+00
-4.26471280e-03 4.99186468e+00
-4.23252629e-03 4.99192333e+00
-4.26113652e-03 4.99187899e+00
-4.23491048e-03 4.99211740e+00
-4.26232861e-03 4.99186611e+00
-4.25875233e-03 4.99214602e+00
-4.26471280e-03 4.99203300e+00
-4.24563931e-03 4.99209738e+00
-4.26113652e-03 4.99196720e+00
-4.25875233e-03 4.99204254e+00
-4.24087094e-03 4.99193287e+00
-4.23491048e-03 4.99201632e+00
-4.25875233e-03 4.99192905e+00
-4.25756024e-03 4.99213171e+00
-4.23967885e-03 4.99197340e+00
-4.26590489e-03 4.99206495e+00
-4.25040768e-03 4.99200296e+00
-4.24802350e-03 4.99190903e+00
-4.25040768e-03 4.99214745e+00
-4.25994443e-03 4.99211502e+00
-4.25279187e-03 4.99217463e+00
-4.29570721e-03 4.99209261e+00
-4.24206303e-03 4.99215317e+00
-4.24087094e-03 4.99201632e+00
-4.25040768e-03 4.99199009e+00
-4.25517606e-03 4.99210310e+00
-4.25756024e-03 4.99207211e+00
-4.26352071e-03 4.99204016e+00
-4.25040768e-03 4.99196625e+00
-4.27067326e-03 4.99203157e+00
-4.26828908e-03 4.99204969e+00
-4.26232861e-03 4.99200439e+00
-4.25040768e-03 4.99205208e+00
-4.25875233e-03 4.99203539e+00
-4.26709699e-03 4.99205065e+00
-4.26828908e-03 4.99195433e+00
-4.27424954e-03 4.99200058e+00
-4.25636815e-03 4.99200535e+00
-4.24444722e-03 4.99186373e+00
-4.27424954e-03 4.99199963e+00
-4.25398396e-03 4.99203300e+00
-4.24921559e-03 4.99190283e+00
-4.24206303e-03 4.99200296e+00
-4.24921559e-03 4.99195194e+00
-4.24563931e-03 4.99198866e+00
-4.24206303e-03 4.99211645e+00
-4.25398396e-03 4.99193859e+00
-4.26471280e-03 4.99201250e+00
-4.25875233e-03 4.99213171e+00
-4.25517606e-03 4.99212456e+00
-4.26828908e-03 4.99211884e+00
-4.26709699e-03 4.99201870e+00
-4.26828908e-03 4.99205685e+00
-4.27663373e-03 4.99199009e+00
-4.24444722e-03 4.99206638e+00
-4.27305745e-03 4.99194002e+00
-4.25517606e-03 4.99196243e+00
-4.25756024e-03 4.99200201e+00
-4.25994443e-03 4.99203157e+00
-4.25636815e-03 4.99213314e+00
-4.26828908e-03 4.99204016e+00
-4.27067326e-03 4.99197435e+00
-4.25636815e-03 4.99209261e+00
-4.24921559e-03 4.99194002e+00
-4.25159978e-03 4.99205065e+00
-4.24325513e-03 4.99207926e+00
-4.25994443e-03 4.99198294e+00
-4.24921559e-03 4.99191141e+00
-4.26352071e-03 4.99198532e+00
-4.26590489e-03 4.99204254e+00
-4.25398396e-03 4.99200058e+00
-4.26590489e-03 4.99214602e+00
-4.26471280e-03 4.99202108e+00
-4.25875233e-03 4.99201870e+00
-4.25279187e-03 4.99213409e+00
-4.25159978e-03 4.99203539e+00
-4.25994443e-03 4.99201393e+00
-4.25040768e-03 4.99206638e+00
-4.23967885e-03 4.99211264e+00
-4.25159978e-03 4.99206734e+00
-4.24563931e-03 4.99214363e+00
-4.25994443e-03 4.99200535e+00
-4.27186536e-03 4.99205542e+00
-4.26113652e-03 4.99209595e+00
-4.26113652e-03 4.99202204e+00
-4.25994443e-03 4.99195194e+00
-4.24444722e-03 4.99196243e+00
-4.25398396e-03 4.99203634e+00
-4.26352071e-03 4.99204588e+00
-4.25994443e-03 4.99207687e+00
-4.24921559e-03 4.99207830e+00
-4.24921559e-03 4.99215794e+00
-4.26113652e-03 4.99199724e+00
-4.25994443e-03 4.99193287e+00
-4.25517606e-03 4.99200535e+00
-4.27186536e-03 4.99206400e+00
-4.26352071e-03 4.99195051e+00
-4.25756024e-03 4.99205542e+00
-4.25279187e-03 4.99207830e+00
-4.25756024e-03 4.99205303e+00
-4.24921559e-03 4.99205065e+00
-4.26948117e-03 4.99191475e+00
-4.24921559e-03 4.99205208e+00
-4.25636815e-03 4.99189949e+00
-4.25040768e-03 4.99213552e+00
-4.26113652e-03 4.99199963e+00
-4.24802350e-03 4.99199104e+00
-4.24206303e-03 4.99203634e+00
-4.26113652e-03 4.99199104e+00
-4.26113652e-03 4.99198627e+00
-4.26352071e-03 4.99205446e+00
-4.25517606e-03 4.99199820e+00
-4.28140210e-03 4.99200058e+00
-4.26232861e-03 4.99208164e+00
-4.26471280e-03 4.99204969e+00
-4.26113652e-03 4.99212360e+00
-4.24802350e-03 4.99202919e+00
-4.28021001e-03 4.99202347e+00
-4.25159978e-03 4.99206495e+00
-4.24444722e-03 4.99196863e+00
-4.25517606e-03 4.99216413e+00
-4.26352071e-03 4.99183369e+00
-4.25994443e-03 4.99204493e+00
-4.25517606e-03 4.99207830e+00
-4.25636815e-03 4.99205065e+00
-4.26471280e-03 4.99202347e+00
-4.25636815e-03 4.99216509e+00
-4.24444722e-03 4.99197102e+00
-4.26471280e-03 4.99214745e+00
-4.25636815e-03 4.99197435e+00
-4.26232861e-03 4.99209738e+00
-4.24921559e-03 4.99203873e+00
-4.23371838e-03 4.99201012e+00
-4.25159978e-03 4.99204969e+00
-4.25040768e-03 4.99211025e+00
-4.25756024e-03 4.99206972e+00
-4.25279187e-03 4.99214506e+00
-4.24921559e-03 4.99201393e+00
-4.26590489e-03 4.99190903e+00
-4.26471280e-03 4.99194098e+00
-4.26113652e-03 4.99211264e+00
-4.26590489e-03 4.99200916e+00
-4.25875233e-03 4.99202347e+00
-4.24087094e-03 4.99212933e+00
-4.25517606e-03 4.99220562e+00
-4.24802350e-03 4.99212694e+00
-4.23014211e-03 4.99199247e+00
-4.25279187e-03 4.99208307e+00
-4.26590489e-03 4.99221659e+00
-4.26828908e-03 4.99197102e+00
-4.25517606e-03 4.99205780e+00
-4.24444722e-03 4.99201155e+00
-4.26113652e-03 4.99196482e+00
-4.27305745e-03 4.99209976e+00
-4.24206303e-03 4.99188995e+00
-4.25159978e-03 4.99197197e+00
-4.23491048e-03 4.99196005e+00
-4.26232861e-03 4.99200535e+00
-4.28736256e-03 4.99199963e+00
-4.25756024e-03 4.99200296e+00
-4.25636815e-03 4.99190664e+00
-4.26113652e-03 4.99210453e+00
-4.25875233e-03 4.99193382e+00
-4.24444722e-03 4.99199820e+00
-4.27186536e-03 4.99206257e+00
-4.25636815e-03 4.99201965e+00
-4.25994443e-03 4.99200535e+00
-4.26471280e-03 4.99212837e+00
-4.25398396e-03 4.99204111e+00
-4.25756024e-03 4.99208784e+00
-4.28259419e-03 4.99183035e+00
-4.26352071e-03 4.99209023e+00
-4.25517606e-03 4.99200296e+00
-4.26232861e-03 4.99195194e+00
-4.26113652e-03 4.99209595e+00
-4.26232861e-03 4.99189949e+00
-4.25159978e-03 4.99190283e+00
-4.25040768e-03 4.99208784e+00
-4.26232861e-03 4.99204111e+00
-4.26352071e-03 4.99204969e+00
-4.26352071e-03 4.99196625e+00
-4.25875233e-03 4.99196148e+00
-4.25159978e-03 4.99197435e+00
-4.25517606e-03 4.99199343e+00
-4.24802350e-03 4.99203157e+00
-4.27067326e-03 4.99197197e+00
-4.26113652e-03 4.99201965e+00
-4.27305745e-03 4.99198389e+00
-4.25875233e-03 4.99195433e+00
-4.25875233e-03 4.99203157e+00
-4.26113652e-03 4.99202919e+00
-4.25279187e-03 4.99206257e+00
-4.25994443e-03 4.99210930e+00
-4.25517606e-03 4.99202919e+00
-4.25279187e-03 4.99208546e+00
-4.24802350e-03 4.99195194e+00
-4.25279187e-03 4.99197340e+00
-4.25756024e-03 4.99193382e+00
-4.25279187e-03 4.99199963e+00
-4.26471280e-03 4.99185991e+00
-4.25159978e-03 4.99200678e+00
-4.27305745e-03 4.99204350e+00
-4.25279187e-03 4.99193287e+00
-4.26471280e-03 4.99210310e+00
-4.24206303e-03 4.99209738e+00
-4.25159978e-03 4.99212360e+00
-4.26828908e-03 4.99198151e+00
-4.25875233e-03 4.99206877e+00
-4.25756024e-03 4.99213076e+00
-4.25875233e-03 4.99197102e+00
-4.25994443e-03 4.99195194e+00
-4.26471280e-03 4.99195671e+00
-4.27663373e-03 4.99197197e+00
-4.25040768e-03 4.99204016e+00
-4.26471280e-03 4.99191856e+00
-4.25517606e-03 4.99211407e+00
-4.26232861e-03 4.99204731e+00
-4.26113652e-03 4.99201870e+00
-4.25875233e-03 4.99207592e+00
-4.25756024e-03 4.99192905e+00
-4.25040768e-03 4.99205446e+00
-4.25994443e-03 4.99196625e+00
-4.25875233e-03 4.99192429e+00
-4.24802350e-03 4.99196863e+00
-4.25398396e-03 4.99195194e+00
-4.25398396e-03 4.99198532e+00
-4.25636815e-03 4.99195194e+00
-4.23848676e-03 4.99190664e+00
-4.26113652e-03 4.99202204e+00
-4.25994443e-03 4.99206972e+00
-4.25636815e-03 4.99207449e+00
-4.26471280e-03 4.99192572e+00
-4.25756024e-03 4.99181843e+00
-4.26471280e-03 4.99204111e+00
-4.25279187e-03 4.99215937e+00
-4.25517606e-03 4.99205065e+00
-4.26471280e-03 4.99196625e+00
-4.26232861e-03 4.99203157e+00
-4.26113652e-03 4.99191713e+00
-4.26948117e-03 4.99206495e+00
-4.24683141e-03 4.99195433e+00
-4.26352071e-03 4.99203634e+00
-4.24087094e-03 4.99202681e+00
-4.23848676e-03 4.99192333e+00
-4.25398396e-03 4.99199581e+00
-4.25636815e-03 4.99201632e+00
-4.26709699e-03 4.99214983e+00
-4.26590489e-03 4.99202585e+00
-4.26828908e-03 4.99204588e+00
-4.25994443e-03 4.99190760e+00
-4.26232861e-03 4.99200773e+00
-4.26352071e-03 4.99203300e+00
-4.25994443e-03 4.99211025e+00
-4.25279187e-03 4.99218082e+00
-4.25040768e-03 4.99193144e+00
-4.25517606e-03 4.99211979e+00
-4.24921559e-03 4.99193859e+00
-4.26590489e-03 4.99190903e+00
-4.25994443e-03 4.99203634e+00
-4.26232861e-03 4.99205780e+00
-4.24563931e-03 4.99208164e+00
-4.27424954e-03 4.99207354e+00
-4.25040768e-03 4.99198294e+00
-4.24683141e-03 4.99214029e+00
-4.24921559e-03 4.99194479e+00
-4.27067326e-03 4.99212217e+00
-4.26352071e-03 4.99185514e+00
-4.26828908e-03 4.99207211e+00
-4.25159978e-03 4.99208069e+00
-4.25636815e-03 4.99210215e+00
-4.26352071e-03 4.99194956e+00
-4.25159978e-03 4.99196720e+00
-4.25875233e-03 4.99194479e+00
-4.27901791e-03 4.99194098e+00
-4.25994443e-03 4.99203062e+00
-4.25398396e-03 4.99206972e+00
-4.25398396e-03 4.99216986e+00
-4.25756024e-03 4.99201488e+00
-4.27305745e-03 4.99206400e+00
-4.25279187e-03 4.99197435e+00
-4.25994443e-03 4.99213552e+00
-4.25636815e-03 4.99199009e+00
-4.25875233e-03 4.99196863e+00
-4.25994443e-03 4.99185658e+00
-4.25398396e-03 4.99192667e+00
-4.25517606e-03 4.99197912e+00
-4.25994443e-03 4.99201632e+00
-4.25875233e-03 4.99202919e+00
-4.25636815e-03 4.99206400e+00
-4.24206303e-03 4.99217129e+00
-4.24563931e-03 4.99200058e+00
-4.25994443e-03 4.99202824e+00
-4.26352071e-03 4.99184799e+00
-4.26232861e-03 4.99214029e+00
-4.27424954e-03 4.99193287e+00
-4.24563931e-03 4.99201393e+00
-4.26471280e-03 4.99199104e+00
-4.25756024e-03 4.99202347e+00
-4.26471280e-03 4.99200535e+00
-4.24444722e-03 4.99197912e+00
-4.24325513e-03 4.99192429e+00
-4.26828908e-03 4.99204493e+00
-4.24087094e-03 4.99196959e+00
-4.24087094e-03 4.99207592e+00
-4.25994443e-03 4.99201727e+00
-4.26471280e-03 4.99205065e+00
-4.25636815e-03 4.99207592e+00
-4.25636815e-03 4.99193621e+00
-4.26113652e-03 4.99190998e+00
-4.22775792e-03 4.99200535e+00
-4.25398396e-03 4.99205208e+00
-4.24683141e-03 4.99200439e+00
-4.23848676e-03 4.99207926e+00
-4.25756024e-03 4.99201155e+00
-4.25279187e-03 4.99197102e+00
-4.26948117e-03 4.99195766e+00
-4.26352071e-03 4.99193382e+00
-4.26471280e-03 4.99206018e+00
-4.25159978e-03 4.99197817e+00
-4.23610257e-03 4.99207926e+00
-4.26471280e-03 4.99188042e+00
-4.24563931e-03 4.99202681e+00
-4.25159978e-03 4.99196625e+00
-4.25398396e-03 4.99202347e+00
-4.26232861e-03 4.99210215e+00
-4.26113652e-03 4.99209595e+00
-4.24444722e-03 4.99214125e+00
-4.25875233e-03 4.99203539e+00
-4.24802350e-03 4.99211740e+00
-4.25875233e-03 4.99196720e+00
-4.24325513e-03 4.99217129e+00
-4.26113652e-03 4.99203396e+00
-4.23967885e-03 4.99211884e+00
-4.24087094e-03 4.99204016e+00
-4.26590489e-03 4.99206018e+00
-4.25517606e-03 4.99211884e+00
-4.27782582e-03 4.99197817e+00
-4.24444722e-03 4.99194002e+00
-4.25398396e-03 4.99211025e+00
-4.23967885e-03 4.99197578e+00
-4.24802350e-03 4.99197578e+00
-4.24206303e-03 4.99203873e+00
-4.26113652e-03 4.99208164e+00
-4.26828908e-03 4.99205208e+00
-4.25040768e-03 4.99191141e+00
-4.24802350e-03 4.99201870e+00
-4.27186536e-03 4.99192429e+00
-4.24206303e-03 4.99207211e+00
-4.25040768e-03 4.99194813e+00
-4.26232861e-03 4.99199343e+00
-4.25159978e-03 4.99185276e+00
-4.25756024e-03 4.99198532e+00
-4.27782582e-03 4.99206161e+00
-4.25040768e-03 4.99200439e+00
-4.27305745e-03 4.99211884e+00
-4.24802350e-03 4.99205923e+00
-4.24444722e-03 4.99200201e+00
-4.25040768e-03 4.99197435e+00
-4.25398396e-03 4.99212694e+00
-4.24683141e-03 4.99191380e+00
-4.27901791e-03 4.99196386e+00
-4.25875233e-03 4.99208069e+00
-4.25517606e-03 4.99206018e+00
-4.26709699e-03 4.99204731e+00
-4.27067326e-03 4.99215555e+00
-4.26471280e-03 4.99202824e+00
-4.24563931e-03 4.99197674e+00
-4.24802350e-03 4.99207449e+00
-4.24206303e-03 4.99204731e+00
-4.25398396e-03 4.99214602e+00
-4.24444722e-03 4.99208403e+00
-4.25517606e-03 4.99214125e+00
-4.25756024e-03 4.99208403e+00
-4.26232861e-03 4.99199724e+00
-4.25994443e-03 4.99207926e+00
-4.25279187e-03 4.99202204e+00
-4.26590489e-03 4.99195910e+00
-4.26590489e-03 4.99206734e+00
-4.27663373e-03 4.99202824e+00
-4.24444722e-03 4.99204350e+00
-4.23610257e-03 4.99211264e+00
-4.25994443e-03 4.99204111e+00
-4.26113652e-03 4.99211740e+00
-4.23729466e-03 4.99196863e+00
-4.25159978e-03 4.99196243e+00
-4.25875233e-03 4.99207830e+00
-4.25040768e-03 4.99207449e+00
-4.25756024e-03 4.99197102e+00
-4.25517606e-03 4.99204254e+00
-4.26590489e-03 4.99189806e+00
-4.25159978e-03 4.99204254e+00
-4.25636815e-03 4.99199820e+00
-4.27186536e-03 4.99216032e+00
-4.25994443e-03 4.99206495e+00
-4.25875233e-03 4.99202824e+00
-4.25875233e-03 4.99204588e+00
-4.26352071e-03 4.99206161e+00
-4.25756024e-03 4.99206495e+00
-4.25398396e-03 4.99193621e+00
-4.25517606e-03 4.99207449e+00
-4.25517606e-03 4.99201488e+00
-4.25994443e-03 4.99193621e+00
-4.25636815e-03 4.99197102e+00
-4.27901791e-03 4.99194002e+00
-4.27901791e-03 4.99204731e+00
-4.27901791e-03 4.99202442e+00
-4.27305745e-03 4.99196959e+00
-4.26352071e-03 4.99206877e+00
-4.25636815e-03 4.99208069e+00
-4.24563931e-03 4.99199581e+00
-4.25756024e-03 4.99209595e+00
-4.27305745e-03 4.99206638e+00
-4.25994443e-03 4.99206972e+00
-4.26352071e-03 4.99207115e+00
-4.25756024e-03 4.99217939e+00
-4.25159978e-03 4.99210072e+00
-4.26828908e-03 4.99196005e+00
-4.24563931e-03 4.99205065e+00
-4.25875233e-03 4.99209499e+00
-4.25398396e-03 4.99200201e+00
-4.25040768e-03 4.99206018e+00
-4.26709699e-03 4.99205208e+00
-4.25398396e-03 4.99212837e+00
-4.25279187e-03 4.99220467e+00
-4.24802350e-03 4.99187422e+00
-4.25994443e-03 4.99197578e+00
-4.28617047e-03 4.99199963e+00
-4.27901791e-03 4.99201155e+00
-4.27305745e-03 4.99207592e+00
-4.26590489e-03 4.99204111e+00
-4.27424954e-03 4.99206400e+00
-4.25517606e-03 4.99211407e+00
-4.24087094e-03 4.99195051e+00
-4.26471280e-03 4.99212360e+00
-4.25159978e-03 4.99201727e+00
-4.25636815e-03 4.99200916e+00
-4.25398396e-03 4.99209261e+00
-4.26590489e-03 4.99207449e+00
-4.26948117e-03 4.99209261e+00
-4.25994443e-03 4.99204111e+00
-4.26590489e-03 4.99197912e+00
-4.24325513e-03 4.99198771e+00
-4.27424954e-03 4.99204016e+00
-4.24802350e-03 4.99213409e+00
-4.26232861e-03 4.99211884e+00
-4.24444722e-03 4.99205065e+00
-4.26352071e-03 4.99205303e+00
-4.25517606e-03 4.99208164e+00
-4.25040768e-03 4.99209499e+00
-4.26948117e-03 4.99200439e+00
-4.25756024e-03 4.99195194e+00
-4.26709699e-03 4.99211264e+00
-4.26352071e-03 4.99197435e+00
-4.25398396e-03 4.99199581e+00
-4.25875233e-03 4.99208069e+00
-4.24802350e-03 4.99190521e+00
-4.26590489e-03 4.99196482e+00
-4.27424954e-03 4.99194956e+00
-4.24325513e-03 4.99217606e+00
-4.26113652e-03 4.99195766e+00
-4.25994443e-03 4.99203777e+00
-4.24802350e-03 4.99214268e+00
-4.26113652e-03 4.99203062e+00
-4.25279187e-03 4.99213171e+00
-4.27782582e-03 4.99206495e+00
-4.25159978e-03 4.99213076e+00
-4.25398396e-03 4.99208403e+00
-4.26828908e-03 4.99216032e+00
-4.24325513e-03 4.99209976e+00
-4.25040768e-03 4.99200535e+00
-4.24683141e-03 4.99207926e+00
-4.26471280e-03 4.99216175e+00
-4.26471280e-03 4.99217463e+00
-4.24563931e-03 4.99192572e+00
-4.25517606e-03 4.99213791e+00
-4.26352071e-03 4.99208069e+00
-4.25398396e-03 4.99207354e+00
-4.25756024e-03 4.99223185e+00
-4.25040768e-03 4.99209738e+00
-4.25159978e-03 4.99196243e+00
-4.27305745e-03 4.99214506e+00
-4.24563931e-03 4.99213886e+00
-4.26590489e-03 4.99219513e+00
-4.25040768e-03 4.99208641e+00
-4.27305745e-03 4.99191618e+00
-4.27305745e-03 4.99208879e+00
-4.26948117e-03 4.99215794e+00
-4.25517606e-03 4.99208069e+00
-4.27305745e-03 4.99214268e+00
-4.27424954e-03 4.99203634e+00
-4.25040768e-03 4.99210215e+00
-4.27067326e-03 4.99224758e+00
-4.25875233e-03 4.99216652e+00
-4.22895001e-03 4.99204016e+00
-4.24802350e-03 4.99223089e+00
-4.25636815e-03 4.99205303e+00
-4.25279187e-03 4.99200201e+00
-4.26352071e-03 4.99209833e+00
-4.24921559e-03 4.99210310e+00
-4.26590489e-03 4.99203777e+00
-4.24206303e-03 4.99206495e+00
-4.25994443e-03 4.99218178e+00
-4.24921559e-03 4.99205780e+00
-4.26590489e-03 4.99218178e+00
-4.24206303e-03 4.99211645e+00
-4.26352071e-03 4.99205446e+00
-4.25636815e-03 4.99204016e+00
-4.25159978e-03 4.99204731e+00
-4.26352071e-03 4.99201155e+00
-4.23491048e-03 4.99201965e+00
-4.26590489e-03 4.99202347e+00
-4.27424954e-03 4.99198055e+00
-4.24444722e-03 4.99211645e+00
-4.25994443e-03 4.99206734e+00
-4.26709699e-03 4.99213886e+00
-4.25398396e-03 4.99206877e+00
-4.24563931e-03 4.99203300e+00
-4.23252629e-03 4.99204111e+00
-4.26471280e-03 4.99210215e+00
-4.23967885e-03 4.99215078e+00
-4.25756024e-03 4.99213552e+00
-4.25517606e-03 4.99203396e+00
-4.24921559e-03 4.99213409e+00
-4.26113652e-03 4.99209499e+00
-4.24802350e-03 4.99201393e+00
-4.25636815e-03 4.99214840e+00
-4.27424954e-03 4.99206638e+00
-4.25756024e-03 4.99204111e+00
-4.26113652e-03 4.99201965e+00
-4.25517606e-03 4.99198151e+00
-4.26590489e-03 4.99201965e+00
-4.27186536e-03 4.99189472e+00
-4.26709699e-03 4.99206734e+00
-4.24802350e-03 4.99221897e+00
-4.25756024e-03 4.99209499e+00
-4.24921559e-03 4.99200439e+00
-4.25875233e-03 4.99215460e+00
-4.26113652e-03 4.99207687e+00
-4.26352071e-03 4.99207449e+00
-4.26590489e-03 4.99213076e+00
-4.26948117e-03 4.99217367e+00
-4.24683141e-03 4.99201155e+00
-4.24206303e-03 4.99195766e+00
-4.25875233e-03 4.99206018e+00
-4.26948117e-03 4.99210310e+00
-4.26471280e-03 4.99204969e+00
-4.23729466e-03 4.99213171e+00
-4.26471280e-03 4.99204731e+00
-4.25398396e-03 4.99217129e+00
-4.27544164e-03 4.99209118e+00
-4.27663373e-03 4.99202919e+00
-4.24087094e-03 4.99200535e+00
-4.26709699e-03 4.99205923e+00
-4.25398396e-03 4.99214125e+00
-4.26590489e-03 4.99195766e+00
-4.26948117e-03 4.99195528e+00
-4.28974675e-03 4.99206257e+00
-4.25040768e-03 4.99202681e+00
-4.25517606e-03 4.99198866e+00
-4.25159978e-03 4.99207211e+00
-4.25279187e-03 4.99200535e+00
-4.26113652e-03 4.99199963e+00
-4.24325513e-03 4.99221992e+00
-4.24563931e-03 4.99196720e+00
-4.26352071e-03 4.99207211e+00
-4.26709699e-03 4.99206877e+00
-4.26590489e-03 4.99212217e+00
-4.25279187e-03 4.99207115e+00
-4.26828908e-03 4.99209976e+00
-4.24444722e-03 4.99205446e+00
-4.26352071e-03 4.99201155e+00
-4.26352071e-03 4.99206161e+00
-4.26828908e-03 4.99197817e+00
-4.25636815e-03 4.99212837e+00
-4.25517606e-03 4.99208784e+00
-4.25517606e-03 4.99204588e+00
-4.25994443e-03 4.99201250e+00
-4.25994443e-03 4.99193382e+00
-4.25040768e-03 4.99198532e+00
-4.25875233e-03 4.99209595e+00
-4.25636815e-03 4.99200678e+00
-4.25040768e-03 4.99195671e+00
-4.27782582e-03 4.99212694e+00
-4.23729466e-03 4.99201727e+00
-4.25040768e-03 4.99211025e+00
-4.25398396e-03 4.99200058e+00
-4.26948117e-03 4.99197435e+00
-4.27424954e-03 4.99202442e+00
-4.24325513e-03 4.99214602e+00
-4.25994443e-03 4.99199486e+00
-4.25756024e-03 4.99205542e+00
-4.25875233e-03 4.99196148e+00
-4.24325513e-03 4.99212122e+00
-4.25159978e-03 4.99198771e+00
-4.26113652e-03 4.99213314e+00
-4.26828908e-03 4.99196959e+00
-4.25517606e-03 4.99206161e+00
-4.26471280e-03 4.99209976e+00
-4.25636815e-03 4.99201632e+00
-4.25875233e-03 4.99193621e+00
-4.24921559e-03 4.99211407e+00
-4.25040768e-03 4.99200296e+00
-4.26709699e-03 4.99217129e+00
-4.26471280e-03 4.99212360e+00
-4.26948117e-03 4.99202204e+00
-4.24206303e-03 4.99204826e+00
-4.25756024e-03 4.99187326e+00
-4.23729466e-03 4.99195194e+00
-4.24802350e-03 4.99202442e+00
-4.26709699e-03 4.99202585e+00
-4.25994443e-03 4.99203300e+00
-4.25517606e-03 4.99194241e+00
-4.25279187e-03 4.99202347e+00
-4.24206303e-03 4.99199724e+00
-4.25398396e-03 4.99200535e+00
-4.26709699e-03 4.99214602e+00
-4.25159978e-03 4.99197197e+00
-4.25040768e-03 4.99202108e+00
-4.24683141e-03 4.99200773e+00
-4.26828908e-03 4.99194479e+00
-4.27424954e-03 4.99193859e+00
-4.25398396e-03 4.99193382e+00
-4.26471280e-03 4.99189472e+00
-4.25159978e-03 4.99188280e+00
-4.26232861e-03 4.99194336e+00
-4.25159978e-03 4.99204588e+00
-4.26471280e-03 4.99203157e+00
-4.25517606e-03 4.99201965e+00
-4.25994443e-03 4.99201250e+00
-4.26352071e-03 4.99198389e+00
-4.25040768e-03 4.99198532e+00
-4.27424954e-03 4.99203634e+00
-4.25517606e-03 4.99196148e+00
-4.26709699e-03 4.99201727e+00
-4.25398396e-03 4.99198627e+00
-4.24802350e-03 4.99197817e+00
-4.26471280e-03 4.99198294e+00
-4.25279187e-03 4.99197435e+00
-4.26232861e-03 4.99195433e+00
-4.25875233e-03 4.99194098e+00
-4.26352071e-03 4.99199009e+00
-4.26471280e-03 4.99185419e+00
-4.24921559e-03 4.99202824e+00
-4.25398396e-03 4.99187326e+00
-4.26471280e-03 4.99200678e+00
-4.25994443e-03 4.99196482e+00
-4.26709699e-03 4.99198151e+00
-4.26352071e-03 4.99197102e+00
-4.26590489e-03 4.99190903e+00
-4.26948117e-03 4.99200439e+00
-4.26232861e-03 4.99197197e+00
-4.24087094e-03 4.99198627e+00
-4.23729466e-03 4.99204731e+00
-4.25517606e-03 4.99201012e+00
-4.25756024e-03 4.99205208e+00
-4.25994443e-03 4.99199009e+00
-4.26709699e-03 4.99203157e+00
-4.27186536e-03 4.99198771e+00
-4.26471280e-03 4.99181366e+00
-4.25279187e-03 4.99206018e+00
-4.26113652e-03 4.99200678e+00
-4.25517606e-03 4.99200439e+00
-4.26709699e-03 4.99185896e+00
-4.25159978e-03 4.99192333e+00
-4.25279187e-03 4.99204254e+00
-4.24206303e-03 4.99200201e+00
-4.24683141e-03 4.99186707e+00
-4.25159978e-03 4.99203873e+00
-4.26948117e-03 4.99190187e+00
-4.24325513e-03 4.99185514e+00
-4.25159978e-03 4.99199820e+00
-4.26232861e-03 4.99195194e+00
-4.27067326e-03 4.99189329e+00
-4.25756024e-03 4.99199724e+00
-4.25517606e-03 4.99198771e+00
-4.25517606e-03 4.99197340e+00
-4.23610257e-03 4.99195051e+00
-4.25875233e-03 4.99196243e+00
-4.26948117e-03 4.99205208e+00
-4.26590489e-03 4.99202585e+00
-4.24683141e-03 4.99199104e+00
-4.26113652e-03 4.99201965e+00
-4.25875233e-03 4.99208641e+00
-4.27782582e-03 4.99194241e+00
-4.25517606e-03 4.99201870e+00
-4.25279187e-03 4.99188375e+00
-4.24921559e-03 4.99189234e+00
-4.25636815e-03 4.99193048e+00
-4.23371838e-03 4.99192429e+00
-4.28259419e-03 4.99201632e+00
-4.25398396e-03 4.99191141e+00
-4.25994443e-03 4.99204016e+00
-4.23729466e-03 4.99183750e+00
-4.25279187e-03 4.99193764e+00
-4.25040768e-03 4.99192429e+00
-4.25517606e-03 4.99191713e+00
-4.26352071e-03 4.99188852e+00
-4.24921559e-03 4.99196386e+00
-4.27663373e-03 4.99203300e+00
-4.26113652e-03 4.99191856e+00
-4.25994443e-03 4.99193764e+00
-4.24444722e-03 4.99199486e+00
-4.27186536e-03 4.99188852e+00
-4.24444722e-03 4.99202347e+00
-4.24087094e-03 4.99207926e+00
-4.27305745e-03 4.99206257e+00
-4.25636815e-03 4.99203300e+00
-4.25398396e-03 4.99193859e+00
-4.25279187e-03 4.99197435e+00
-4.26352071e-03 4.99197674e+00
-4.26709699e-03 4.99200296e+00
-4.26232861e-03 4.99191713e+00
-4.26232861e-03 4.99193144e+00
-4.26471280e-03 4.99181223e+00
-4.25875233e-03 4.99183130e+00
-4.25756024e-03 4.99193621e+00
-4.25279187e-03 4.99197912e+00
-4.24325513e-03 4.99207687e+00
-4.25994443e-03 4.99202824e+00
-4.27305745e-03 4.99197102e+00
-4.23967885e-03 4.99197912e+00
-4.26471280e-03 4.99196148e+00
-4.25040768e-03 4.99184561e+00
-4.25636815e-03 4.99205208e+00
-4.25398396e-03 4.99204826e+00
-4.26352071e-03 4.99199486e+00
-4.24563931e-03 4.99174070e+00
-4.26113652e-03 4.99187326e+00
-4.26113652e-03 4.99195766e+00
-4.26828908e-03 4.99205446e+00
-4.25159978e-03 4.99200678e+00
-4.26232861e-03 4.99194956e+00
-4.24683141e-03 4.99201727e+00
-4.25756024e-03 4.99192810e+00
-4.26232861e-03 4.99190760e+00
-4.25040768e-03 4.99186945e+00
-4.25159978e-03 4.99217606e+00
-4.27186536e-03 4.99204588e+00
-4.24802350e-03 4.99189329e+00
-4.25279187e-03 4.99196863e+00
-4.25875233e-03 4.99205303e+00
-4.25517606e-03 4.99189234e+00
-4.27901791e-03 4.99202585e+00
-4.26352071e-03 4.99205780e+00
-4.26113652e-03 4.99179554e+00
-4.26113652e-03 4.99192190e+00
-4.25517606e-03 4.99202919e+00
-4.26828908e-03 4.99191618e+00
-4.26113652e-03 4.99191856e+00
-4.25279187e-03 4.99196243e+00
-4.25159978e-03 4.99186611e+00
-4.25875233e-03 4.99193621e+00
-4.26471280e-03 4.99204731e+00
-4.24683141e-03 4.99198771e+00
-4.27424954e-03 4.99194574e+00
-4.25517606e-03 4.99193048e+00
-4.25756024e-03 4.99195194e+00
-4.25279187e-03 4.99202442e+00
-4.27544164e-03 4.99196386e+00
-4.27186536e-03 4.99192572e+00
-4.26948117e-03 4.99197340e+00
-4.25398396e-03 4.99194813e+00
-4.25756024e-03 4.99199104e+00
-4.27424954e-03 4.99194002e+00
-4.25159978e-03 4.99191713e+00
-4.26709699e-03 4.99185658e+00
-4.27305745e-03 4.99208784e+00
-4.26948117e-03 4.99172544e+00
-4.27305745e-03 4.99202919e+00
-4.26828908e-03 4.99182558e+00
-4.27544164e-03 4.99180174e+00
-4.25636815e-03 4.99185991e+00
-4.25756024e-03 4.99203777e+00
-4.25517606e-03 4.99193048e+00
-4.26113652e-03 4.99198151e+00
-4.26352071e-03 4.99192905e+00
-4.23967885e-03 4.99194241e+00
-4.25756024e-03 4.99199104e+00
-4.24921559e-03 4.99188137e+00
-4.26232861e-03 4.99200201e+00
-4.26471280e-03 4.99201632e+00
-4.25398396e-03 4.99200678e+00
-4.25517606e-03 4.99201727e+00
-4.26709699e-03 4.99198532e+00
-4.25756024e-03 4.99202108e+00
-4.27305745e-03 4.99193382e+00
-4.26232861e-03 4.99195051e+00
-4.25279187e-03 4.99189091e+00
-4.24206303e-03 4.99198866e+00
-4.25279187e-03 4.99205208e+00
-4.26113652e-03 4.99189472e+00
-4.24325513e-03 4.99202204e+00
-4.26709699e-03 4.99192429e+00
-4.25756024e-03 4.99202347e+00
-4.26709699e-03 4.99186134e+00
-4.25517606e-03 4.99200535e+00
-4.24444722e-03 4.99202919e+00
-4.27663373e-03 4.99196959e+00
-4.25994443e-03 4.99198151e+00
-4.27663373e-03 4.99201250e+00
-4.24921559e-03 4.99200296e+00
-4.25159978e-03 4.99197340e+00
-4.25398396e-03 4.99214506e+00
-4.24087094e-03 4.99192905e+00
-4.25875233e-03 4.99199820e+00
-4.27424954e-03 4.99201393e+00
-4.26352071e-03 4.99206972e+00
-4.26948117e-03 4.99188375e+00
-4.25517606e-03 4.99204350e+00
-4.25875233e-03 4.99201012e+00
-4.23371838e-03 4.99204588e+00
-4.26590489e-03 4.99190760e+00
-4.28378629e-03 4.99191952e+00
-4.26113652e-03 4.99194479e+00
-4.26828908e-03 4.99200678e+00
-4.25159978e-03 4.99197674e+00
-4.26352071e-03 4.99190426e+00
-4.25994443e-03 4.99196959e+00
-4.25040768e-03 4.99193621e+00
-4.25875233e-03 4.99207687e+00
-4.27186536e-03 4.99191236e+00
-4.26352071e-03 4.99194098e+00
-4.26352071e-03 4.99191236e+00
-4.26352071e-03 4.99189949e+00
-4.24802350e-03 4.99200535e+00
-4.28140210e-03 4.99184322e+00
-4.25875233e-03 4.99192095e+00
-4.25398396e-03 4.99202585e+00
-4.27305745e-03 4.99193287e+00
-4.25756024e-03 4.99197197e+00
-4.25756024e-03 4.99190521e+00
-4.26352071e-03 4.99193382e+00
-4.26828908e-03 4.99204016e+00
-4.27901791e-03 4.99194098e+00
-4.25159978e-03 4.99185038e+00
-4.25636815e-03 4.99184942e+00
-4.26709699e-03 4.99196959e+00
-4.25756024e-03 4.99182081e+00
-4.25875233e-03 4.99194479e+00
-4.24921559e-03 4.99195910e+00
-4.26113652e-03 4.99199486e+00
-4.25398396e-03 4.99206972e+00
-4.26590489e-03 4.99182653e+00
-4.23848676e-03 4.99197912e+00
-4.25517606e-03 4.99188137e+00
-4.26352071e-03 4.99196959e+00
-4.25756024e-03 4.99200916e+00
-4.26113652e-03 4.99195910e+00
-4.26352071e-03 4.99199820e+00
-4.24921559e-03 4.99184227e+00
-4.26828908e-03 4.99205208e+00
-4.24087094e-03 4.99194241e+00
-4.25875233e-03 4.99194098e+00
-4.24802350e-03 4.99182320e+00
-4.23729466e-03 4.99182177e+00
-4.24802350e-03 4.99187803e+00
-4.24802350e-03 4.99189234e+00
-4.25756024e-03 4.99203539e+00
-4.26352071e-03 4.99185896e+00
-4.25398396e-03 4.99185896e+00
-4.26828908e-03 4.99181366e+00
-4.25398396e-03 4.99196720e+00
-4.23729466e-03 4.99195766e+00
-4.23371838e-03 4.99185419e+00
-4.27186536e-03 4.99186707e+00
-4.25279187e-03 4.99198389e+00
-4.27186536e-03 4.99187326e+00
-4.27305745e-03 4.99191713e+00
-4.25636815e-03 4.99196863e+00
-4.24087094e-03 4.99194813e+00
-4.26590489e-03 4.99198627e+00
-4.26352071e-03 4.99190044e+00
-4.25517606e-03 4.99187326e+00
-4.25875233e-03 4.99194574e+00
-4.25994443e-03 4.99195766e+00
-4.24325513e-03 4.99192667e+00
-4.24921559e-03 4.99196625e+00
-4.25398396e-03 4.99194956e+00
-4.26232861e-03 4.99196386e+00
-4.24921559e-03 4.99189711e+00
-4.25994443e-03 4.99200916e+00
-4.24683141e-03 4.99187422e+00
-4.25517606e-03 4.99195051e+00
-4.25040768e-03 4.99195910e+00
-4.25636815e-03 4.99202585e+00
-4.25875233e-03 4.99192905e+00
-4.27424954e-03 4.99200439e+00
-4.27544164e-03 4.99210310e+00
-4.24921559e-03 4.99193764e+00
-4.26352071e-03 4.99190283e+00
-4.25159978e-03 4.99185038e+00
-4.25636815e-03 4.99199104e+00
-4.25159978e-03 4.99195671e+00
-4.26590489e-03 4.99200678e+00
-4.24206303e-03 4.99195194e+00
-4.24444722e-03 4.99193382e+00
-4.24921559e-03 4.99203062e+00
-4.25756024e-03 4.99191618e+00
-4.26232861e-03 4.99205303e+00
-4.24683141e-03 4.99195194e+00
-4.26590489e-03 4.99198055e+00
-4.25875233e-03 4.99201965e+00
-4.25279187e-03 4.99199581e+00
-4.23729466e-03 4.99206877e+00
-4.25756024e-03 4.99199247e+00
-4.24444722e-03 4.99193382e+00
-4.24444722e-03 4.99191618e+00
-4.27186536e-03 4.99199820e+00
-4.26590489e-03 4.99189949e+00
-4.25517606e-03 4.99193382e+00
-4.25040768e-03 4.99198389e+00
-4.25159978e-03 4.99203873e+00
-4.26948117e-03 4.99186850e+00
-4.26709699e-03 4.99195766e+00
-4.24802350e-03 4.99196148e+00
-4.27782582e-03 4.99198627e+00
-4.25517606e-03 4.99181461e+00
-4.24444722e-03 4.99190903e+00
-4.24563931e-03 4.99201965e+00
-4.26113652e-03 4.99192429e+00
-4.25636815e-03 4.99196959e+00
-4.26828908e-03 4.99185658e+00
-4.27186536e-03 4.99196959e+00
-4.26590489e-03 4.99209261e+00
-4.26948117e-03 4.99194813e+00
-4.26113652e-03 4.99190664e+00
-4.25159978e-03 4.99187565e+00
-4.24802350e-03 4.99193859e+00
-4.27663373e-03 4.99197197e+00
-4.24802350e-03 4.99193525e+00
-4.25756024e-03 4.99204969e+00
-4.26948117e-03 4.99206161e+00
-4.24683141e-03 4.99189472e+00
-4.27186536e-03 4.99205923e+00
-4.26471280e-03 4.99198151e+00
-4.28140210e-03 4.99189329e+00
-4.24921559e-03 4.99193382e+00
-4.25279187e-03 4.99186230e+00
-4.24921559e-03 4.99197674e+00
-4.25279187e-03 4.99198294e+00
-4.25279187e-03 4.99211884e+00
-4.26471280e-03 4.99202919e+00
-4.26471280e-03 4.99199820e+00
-4.26232861e-03 4.99190760e+00
-4.27424954e-03 4.99198771e+00
-4.24087094e-03 4.99201965e+00
-4.28021001e-03 4.99188280e+00
-4.24563931e-03 4.99197578e+00
-4.25279187e-03 4.99200201e+00
-4.25636815e-03 4.99202204e+00
-4.24563931e-03 4.99191380e+00
-4.26709699e-03 4.99199343e+00
-4.26113652e-03 4.99210310e+00
-4.24087094e-03 4.99188375e+00
-4.25398396e-03 4.99186707e+00
-4.25875233e-03 4.99188995e+00
-4.27186536e-03 4.99192810e+00
-4.26471280e-03 4.99193382e+00
-4.24683141e-03 4.99190521e+00
-4.24563931e-03 4.99195433e+00
-4.27663373e-03 4.99200916e+00
-4.26590489e-03 4.99185753e+00
-4.27305745e-03 4.99194098e+00
-4.25994443e-03 4.99205780e+00
-4.23014211e-03 4.99208307e+00
-4.26352071e-03 4.99191141e+00
-4.25756024e-03 4.99195194e+00
-4.26948117e-03 4.99182415e+00
-4.26709699e-03 4.99215221e+00
-4.26948117e-03 4.99200678e+00
-4.26471280e-03 4.99193287e+00
-4.25994443e-03 4.99189091e+00
-4.26948117e-03 4.99195194e+00
-4.25994443e-03 4.99192190e+00
-4.25994443e-03 4.99201155e+00
-4.25159978e-03 4.99206400e+00
-4.26828908e-03 4.99193048e+00
-4.26471280e-03 4.99200535e+00
-4.26709699e-03 4.99195051e+00
-4.26113652e-03 4.99188614e+00
-4.24206303e-03 4.99189329e+00
-4.25517606e-03 4.99196625e+00
-4.27424954e-03 4.99195433e+00
-4.24921559e-03 4.99199724e+00
-4.25636815e-03 4.99199486e+00
-4.26232861e-03 4.99201870e+00
-4.25517606e-03 4.99200916e+00
-4.26590489e-03 4.99209595e+00
-4.25040768e-03 4.99200678e+00
-4.26232861e-03 4.99194098e+00
-4.25159978e-03 4.99192810e+00
-4.27663373e-03 4.99193048e+00
-4.26352071e-03 4.99190283e+00
-4.26709699e-03 4.99191380e+00
-4.25279187e-03 4.99204969e+00
-4.23371838e-03 4.99202347e+00
-4.25636815e-03 4.99204826e+00
-4.25517606e-03 4.99192905e+00
-4.23252629e-03 4.99205685e+00
-4.25159978e-03 4.99201488e+00
-4.24921559e-03 4.99197340e+00
-4.23967885e-03 4.99197435e+00
-4.24206303e-03 4.99200439e+00
-4.25279187e-03 4.99197197e+00
-4.23729466e-03 4.99196005e+00
-4.26232861e-03 4.99204350e+00
-4.25159978e-03 4.99201727e+00
-4.26352071e-03 4.99197817e+00
-4.26590489e-03 4.99195290e+00
-4.24921559e-03 4.99202919e+00
-4.25517606e-03 4.99185753e+00
-4.25279187e-03 4.99197197e+00
-4.26352071e-03 4.99207830e+00
-4.28855466e-03 4.99206734e+00
-4.25636815e-03 4.99202204e+00
-4.26709699e-03 4.99189949e+00
-4.25875233e-03 4.99204588e+00
-4.25159978e-03 4.99193621e+00
-4.23371838e-03 4.99190664e+00
-4.25875233e-03 4.99209833e+00
-4.25159978e-03 4.99198294e+00
-4.25994443e-03 4.99190903e+00
-4.25517606e-03 4.99194813e+00
-4.25279187e-03 4.99200535e+00
-4.25040768e-03 4.99211407e+00
-4.27544164e-03 4.99195528e+00
-4.27305745e-03 4.99201870e+00
-4.24563931e-03 4.99197102e+00
-4.27663373e-03 4.99190664e+00
-4.25875233e-03 4.99206161e+00
-4.26590489e-03 4.99206400e+00
-4.24325513e-03 4.99203396e+00
-4.25875233e-03 4.99184561e+00
-4.25517606e-03 4.99190426e+00
-4.27067326e-03 4.99202442e+00
-4.25517606e-03 4.99190187e+00
-4.26948117e-03 4.99195671e+00
-4.25756024e-03 4.99199104e+00
-4.26709699e-03 4.99194241e+00
-4.25517606e-03 4.99202442e+00
-4.26828908e-03 4.99198055e+00
-4.25517606e-03 4.99205685e+00
-4.25994443e-03 4.99203777e+00
-4.24921559e-03 4.99197578e+00
-4.24325513e-03 4.99194241e+00
-4.27186536e-03 4.99209976e+00
-4.25279187e-03 4.99197197e+00
-4.24444722e-03 4.99202919e+00
-4.26113652e-03 4.99206257e+00
-4.26352071e-03 4.99209356e+00
-4.26471280e-03 4.99186230e+00
-4.25279187e-03 4.99205780e+00
-4.24206303e-03 4.99202824e+00
-4.26232861e-03 4.99210453e+00
-4.25636815e-03 4.99200201e+00
-4.25875233e-03 4.99192333e+00
-4.26352071e-03 4.99211407e+00
-4.25756024e-03 4.99208641e+00
-4.26471280e-03 4.99204254e+00
-4.25159978e-03 4.99209499e+00
-4.23729466e-03 4.99205303e+00
-4.28259419e-03 4.99199963e+00
-4.24802350e-03 4.99200439e+00
-4.25159978e-03 4.99199581e+00
-4.26232861e-03 4.99200201e+00
-4.26113652e-03 4.99210930e+00
-4.26948117e-03 4.99212360e+00
-4.26709699e-03 4.99208403e+00
-4.25756024e-03 4.99197817e+00
-4.25279187e-03 4.99200439e+00
-4.25636815e-03 4.99199104e+00
-4.27186536e-03 4.99200201e+00
-4.25756024e-03 4.99195194e+00
-4.27186536e-03 4.99198866e+00
-4.26113652e-03 4.99211025e+00
-4.25159978e-03 4.99191713e+00
-4.25398396e-03 4.99195528e+00
-4.24563931e-03 4.99190187e+00
-4.26113652e-03 4.99202824e+00
-4.27424954e-03 4.99206257e+00
-4.25994443e-03 4.99206972e+00
-4.25756024e-03 4.99191713e+00
-4.23967885e-03 4.99199963e+00
-4.24444722e-03 4.99196005e+00
-4.26471280e-03 4.99197340e+00
-4.25159978e-03 4.99209023e+00
-4.25040768e-03 4.99198532e+00
-4.26590489e-03 4.99202442e+00
-4.26709699e-03 4.99199247e+00
-4.26113652e-03 4.99204111e+00
-4.25875233e-03 4.99205685e+00
-4.26828908e-03 4.99208307e+00
-4.25517606e-03 4.99203539e+00
-4.26828908e-03 4.99213648e+00
-4.24325513e-03 4.99208879e+00
-4.25040768e-03 4.99190283e+00
-4.25398396e-03 4.99212694e+00
-4.24087094e-03 4.99202108e+00
-4.25040768e-03 4.99195671e+00
-4.23252629e-03 4.99205780e+00
-4.26471280e-03 4.99201870e+00
-4.28140210e-03 4.99201393e+00
-4.26948117e-03 4.99198627e+00
-4.25159978e-03 4.99201965e+00
-4.24683141e-03 4.99204493e+00
-4.25279187e-03 4.99206018e+00
-4.26471280e-03 4.99192429e+00
-4.24802350e-03 4.99196863e+00
-4.25756024e-03 4.99195528e+00
-4.26471280e-03 4.99212837e+00
-4.25636815e-03 4.99196959e+00
-4.25875233e-03 4.99203634e+00
-4.26948117e-03 4.99200296e+00
-4.25040768e-03 4.99197102e+00
-4.25398396e-03 4.99204254e+00
-4.25398396e-03 4.99202681e+00
-4.26113652e-03 4.99196625e+00
-4.24921559e-03 4.99196148e+00
-4.25159978e-03 4.99197912e+00
-4.25040768e-03 4.99207211e+00
-4.27305745e-03 4.99209738e+00
-4.26590489e-03 4.99190760e+00
-4.26828908e-03 4.99199343e+00
-4.25756024e-03 4.99200678e+00
-4.25279187e-03 4.99215078e+00
-4.24921559e-03 4.99217939e+00
-4.25636815e-03 4.99207449e+00
-4.28497838e-03 4.99201393e+00
-4.27067326e-03 4.99200773e+00
-4.24325513e-03 4.99199581e+00
-4.27544164e-03 4.99202919e+00
-4.25159978e-03 4.99207926e+00
-4.26232861e-03 4.99214029e+00
-4.26471280e-03 4.99204731e+00
-4.25994443e-03 4.99204350e+00
-4.25159978e-03 4.99207830e+00
-4.26948117e-03 4.99202919e+00
-4.27782582e-03 4.99204969e+00
-4.27186536e-03 4.99202824e+00
-4.26113652e-03 4.99208403e+00
-4.25636815e-03 4.99212599e+00
-4.26352071e-03 4.99203300e+00
-4.25994443e-03 4.99196625e+00
-4.26352071e-03 4.99208164e+00
-4.25398396e-03 4.99207830e+00
-4.25279187e-03 4.99208069e+00
-4.26948117e-03 4.99217606e+00
-4.24683141e-03 4.99203873e+00
-4.26232861e-03 4.99212837e+00
-4.26232861e-03 4.99189949e+00
-4.26709699e-03 4.99193859e+00
-4.24683141e-03 4.99200678e+00
-4.25636815e-03 4.99208164e+00
-4.25159978e-03 4.99206018e+00
-4.26590489e-03 4.99213648e+00
-4.25040768e-03 4.99211502e+00
-4.25636815e-03 4.99196386e+00
-4.26828908e-03 4.99194479e+00
-4.26709699e-03 4.99204826e+00
-4.24683141e-03 4.99205923e+00
-4.28140210e-03 4.99204111e+00
-4.26113652e-03 4.99209356e+00
-4.25040768e-03 4.99211979e+00
-4.25636815e-03 4.99212217e+00
-4.27782582e-03 4.99206018e+00
-4.26828908e-03 4.99210215e+00
-4.25159978e-03 4.99208546e+00
-4.24087094e-03 4.99207354e+00
-4.25994443e-03 4.99202108e+00
-4.25994443e-03 4.99206161e+00
-4.28140210e-03 4.99208546e+00
-4.23967885e-03 4.99214506e+00
-4.25875233e-03 4.99206972e+00
-4.26352071e-03 4.99205923e+00
-4.25994443e-03 4.99209738e+00
-4.22060536e-03 4.99193764e+00
-4.26471280e-03 4.99222612e+00
-4.25636815e-03 4.99199963e+00
-4.25636815e-03 4.99204493e+00
-4.25398396e-03 4.99196005e+00
-4.25159978e-03 4.99201632e+00
-4.26352071e-03 4.99204350e+00
-4.26113652e-03 4.99206734e+00
-4.24921559e-03 4.99216509e+00
-4.24087094e-03 4.99198151e+00
-4.26590489e-03 4.99201393e+00
-4.27782582e-03 4.99184704e+00
-4.25994443e-03 4.99215460e+00
-4.24325513e-03 4.99213171e+00
-4.25636815e-03 4.99216413e+00
-4.25636815e-03 4.99203873e+00
-4.26113652e-03 4.99206495e+00
-4.27305745e-03 4.99211264e+00
-4.26709699e-03 4.99217129e+00
-4.24563931e-03 4.99210072e+00
-4.25756024e-03 4.99220943e+00
-4.26232861e-03 4.99201488e+00
-4.27067326e-03 4.99213552e+00
-4.25756024e-03 4.99210453e+00
-4.24206303e-03 4.99202108e+00
-4.24206303e-03 4.99205208e+00
-4.27067326e-03 4.99202585e+00
-4.26352071e-03 4.99202442e+00
-4.26232861e-03 4.99207687e+00
-4.23133420e-03 4.99206877e+00
-4.26352071e-03 4.99200535e+00
-4.25159978e-03 4.99211740e+00
-4.24444722e-03 4.99215794e+00
-4.26828908e-03 4.99213552e+00
-4.24206303e-03 4.99207830e+00
-4.26709699e-03 4.99211645e+00
-4.26948117e-03 4.99208307e+00
-4.25875233e-03 4.99211884e+00
-4.24683141e-03 4.99207115e+00
-4.24087094e-03 4.99201965e+00
-4.26113652e-03 4.99213648e+00
-4.27663373e-03 4.99215078e+00
-4.24921559e-03 4.99199581e+00
-4.28140210e-03 4.99211740e+00
-4.27663373e-03 4.99202824e+00
-4.23610257e-03 4.99214125e+00
-4.25517606e-03 4.99210310e+00
-4.25756024e-03 4.99196959e+00
-4.25517606e-03 4.99205065e+00
-4.26352071e-03 4.99218178e+00
-4.26352071e-03 4.99192572e+00
-4.24444722e-03 4.99220324e+00
-4.26232861e-03 4.99205065e+00
-4.26590489e-03 4.99194813e+00
-4.27424954e-03 4.99206638e+00
-4.25159978e-03 4.99200201e+00
-4.26352071e-03 4.99209738e+00
-4.25159978e-03 4.99197578e+00
-4.27067326e-03 4.99213076e+00
-4.27305745e-03 4.99211502e+00
-4.25159978e-03 4.99211168e+00
-4.23967885e-03 4.99215937e+00
-4.24683141e-03 4.99216270e+00
-4.23610257e-03 4.99211884e+00
-4.26709699e-03 4.99199343e+00
-4.26471280e-03 4.99210548e+00
-4.27305745e-03 4.99213076e+00
-4.25398396e-03 4.99209023e+00
-4.25756024e-03 4.99195766e+00
-4.25756024e-03 4.99196243e+00
-4.26828908e-03 4.99211884e+00
-4.25517606e-03 4.99209023e+00
-4.25398396e-03 4.99193048e+00
-4.26590489e-03 4.99206257e+00
-4.25636815e-03 4.99200439e+00
-4.26113652e-03 4.99202204e+00
-4.27305745e-03 4.99201488e+00
-4.24206303e-03 4.99201250e+00
-4.25279187e-03 4.99210548e+00
-4.24444722e-03 4.99199009e+00
-4.23610257e-03 4.99202347e+00
-4.25279187e-03 4.99198151e+00
-4.25398396e-03 4.99214268e+00
-4.25398396e-03 4.99203157e+00
-4.26113652e-03 4.99194956e+00
-4.26471280e-03 4.99202585e+00
-4.25159978e-03 4.99202108e+00
-4.25398396e-03 4.99202824e+00
-4.25994443e-03 4.99210548e+00
-4.25636815e-03 4.99208784e+00
-4.26471280e-03 4.99206400e+00
-4.24683141e-03 4.99213552e+00
-4.25398396e-03 4.99204493e+00
-4.25398396e-03 4.99211645e+00
-4.24087094e-03 4.99203396e+00
-4.21583699e-03 4.99201012e+00
-4.26352071e-03 4.99188995e+00
-4.26471280e-03 4.99201155e+00
-4.25040768e-03 4.99210930e+00
-4.25159978e-03 4.99201155e+00
-4.25875233e-03 4.99206972e+00
-4.26113652e-03 4.99206972e+00
-4.26709699e-03 4.99199486e+00
-4.24802350e-03 4.99200916e+00
-4.25756024e-03 4.99208784e+00
-4.24802350e-03 4.99199247e+00
-4.26828908e-03 4.99204350e+00
-4.24325513e-03 4.99206400e+00
-4.25636815e-03 4.99209261e+00
-4.25398396e-03 4.99205780e+00
-4.23967885e-03 4.99184227e+00
-4.25994443e-03 4.99208879e+00
-4.24444722e-03 4.99206018e+00
-4.25636815e-03 4.99211740e+00
-4.24563931e-03 4.99216747e+00
-4.26352071e-03 4.99200296e+00
-4.25994443e-03 4.99213648e+00
-4.25398396e-03 4.99202681e+00
-4.25756024e-03 4.99204254e+00
-4.26113652e-03 4.99199581e+00
-4.24087094e-03 4.99207211e+00
-4.26352071e-03 4.99219990e+00
-4.27544164e-03 4.99207830e+00
-4.24563931e-03 4.99212360e+00
-4.24921559e-03 4.99199343e+00
-4.26471280e-03 4.99216890e+00
-4.24921559e-03 4.99219847e+00
-4.26232861e-03 4.99209738e+00
-4.26709699e-03 4.99202919e+00
-4.25159978e-03 4.99193048e+00
-4.25636815e-03 4.99205685e+00
-4.24921559e-03 4.99203777e+00
-4.25398396e-03 4.99208879e+00
-4.24444722e-03 4.99203539e+00
-4.26352071e-03 4.99221039e+00
-4.24921559e-03 4.99214602e+00
-4.25040768e-03 4.99204588e+00
-4.25040768e-03 4.99200916e+00
-4.26828908e-03 4.99204254e+00
-4.25159978e-03 4.99211407e+00
-4.25756024e-03 4.99204588e+00
-4.27663373e-03 4.99210453e+00
-4.25279187e-03 4.99208879e+00
-4.25994443e-03 4.99213552e+00
-4.28497838e-03 4.99208641e+00
-4.26590489e-03 4.99214602e+00
-4.26113652e-03 4.99220085e+00
-4.25040768e-03 4.99204111e+00
-4.24921559e-03 4.99199963e+00
-4.25517606e-03 4.99207926e+00
-4.27186536e-03 4.99221182e+00
-4.27901791e-03 4.99205780e+00
-4.26828908e-03 4.99197912e+00
-4.24563931e-03 4.99195051e+00
-4.26113652e-03 4.99208307e+00
-4.25517606e-03 4.99205303e+00
-4.26352071e-03 4.99205208e+00
-4.25994443e-03 4.99207687e+00
-4.25756024e-03 4.99195766e+00
-4.25040768e-03 4.99212694e+00
-4.25994443e-03 4.99198294e+00
-4.27901791e-03 4.99210930e+00
-4.26828908e-03 4.99218321e+00
-4.25756024e-03 4.99215221e+00
-4.26471280e-03 4.99204254e+00
-4.27305745e-03 4.99199104e+00
-4.27067326e-03 4.99199104e+00
-4.25636815e-03 4.99199343e+00
-4.26113652e-03 4.99211264e+00
-4.26948117e-03 4.99204731e+00
-4.25517606e-03 4.99198532e+00
-4.25636815e-03 4.99208641e+00
-4.26113652e-03 4.99219608e+00
-4.27544164e-03 4.99210548e+00
-4.24444722e-03 4.99223185e+00
-4.26352071e-03 4.99205923e+00
-4.26352071e-03 4.99214506e+00
-4.26232861e-03 4.99204826e+00
-4.25279187e-03 4.99208403e+00
-4.27186536e-03 4.99205303e+00
-4.25636815e-03 4.99198532e+00
-4.25875233e-03 4.99212122e+00
-4.25994443e-03 4.99209976e+00
-4.25398396e-03 4.99192095e+00
-4.26352071e-03 4.99214745e+00
-4.26232861e-03 4.99204731e+00
-4.25040768e-03 4.99202919e+00
-4.27663373e-03 4.99218178e+00
-4.25159978e-03 4.99196386e+00
-4.27067326e-03 4.99208784e+00
-4.25875233e-03 4.99196005e+00
-4.26113652e-03 4.99204111e+00
-4.26590489e-03 4.99203396e+00
-4.26113652e-03 4.99204969e+00
-4.25159978e-03 4.99206495e+00
-4.24921559e-03 4.99194717e+00
-4.25398396e-03 4.99196243e+00
-4.26590489e-03 4.99199343e+00
-4.24563931e-03 4.99211025e+00
-4.25994443e-03 4.99211264e+00
-4.24802350e-03 4.99212360e+00
-4.24563931e-03 4.99207592e+00
-4.25875233e-03 4.99202919e+00
-4.25636815e-03 4.99210930e+00
-4.26709699e-03 4.99204111e+00
-4.24683141e-03 4.99205542e+00
-4.26828908e-03 4.99212217e+00
-4.25636815e-03 4.99210215e+00
-4.26590489e-03 4.99195910e+00
-4.26232861e-03 4.99195194e+00
-4.24206303e-03 4.99194813e+00
-4.25040768e-03 4.99209499e+00
-4.25636815e-03 4.99205208e+00
-4.24563931e-03 4.99201155e+00
-4.26113652e-03 4.99207926e+00
-4.25398396e-03 4.99221420e+00
-4.25398396e-03 4.99207592e+00
-4.26471280e-03 4.99216509e+00
-4.26352071e-03 4.99195766e+00
-4.25756024e-03 4.99208641e+00
-4.25279187e-03 4.99190187e+00
-4.25398396e-03 4.99192333e+00
-4.24802350e-03 4.99192190e+00
-4.24325513e-03 4.99195433e+00
-4.25040768e-03 4.99206877e+00
-4.26590489e-03 4.99200201e+00
-4.26113652e-03 4.99203157e+00
-4.24683141e-03 4.99192905e+00
-4.25875233e-03 4.99201155e+00
-4.25875233e-03 4.99199963e+00
-4.25040768e-03 4.99190283e+00
-4.24563931e-03 4.99206972e+00
-4.27663373e-03 4.99198151e+00
-4.26828908e-03 4.99199104e+00
-4.25040768e-03 4.99200201e+00
-4.22775792e-03 4.99199486e+00
-4.25994443e-03 4.99201488e+00
-4.25636815e-03 4.99210310e+00
-4.25159978e-03 4.99208641e+00
-4.24683141e-03 4.99190903e+00
-4.24325513e-03 4.99206638e+00
-4.26709699e-03 4.99205923e+00
-4.27186536e-03 4.99197102e+00
-4.25159978e-03 4.99207115e+00
-4.26948117e-03 4.99206638e+00
-4.26590489e-03 4.99206638e+00
-4.24563931e-03 4.99207354e+00
-4.25159978e-03 4.99200058e+00
-4.26232861e-03 4.99208879e+00
-4.26590489e-03 4.99217701e+00
-4.26590489e-03 4.99208546e+00
-4.27067326e-03 4.99206877e+00
-4.26948117e-03 4.99213171e+00
-4.24921559e-03 4.99202442e+00
-4.26471280e-03 4.99208069e+00
-4.25398396e-03 4.99210691e+00
-4.25875233e-03 4.99197340e+00
-4.26352071e-03 4.99196148e+00
-4.26471280e-03 4.99209595e+00
-4.25159978e-03 4.99210691e+00
-4.26352071e-03 4.99190521e+00
-4.25040768e-03 4.99207115e+00
-4.24206303e-03 4.99202108e+00
-4.25994443e-03 4.99190283e+00
-4.24683141e-03 4.99198771e+00
-4.24444722e-03 4.99199581e+00
-4.26948117e-03 4.99198055e+00
-4.26709699e-03 4.99207449e+00
-4.27067326e-03 4.99214125e+00
-4.25517606e-03 4.99204731e+00
-4.26113652e-03 4.99202442e+00
-4.25994443e-03 4.99206018e+00
-4.24325513e-03 4.99209118e+00
-4.24087094e-03 4.99205446e+00
-4.25517606e-03 4.99194241e+00
-4.26590489e-03 4.99201965e+00
-4.25756024e-03 4.99200773e+00
-4.26471280e-03 4.99207926e+00
-4.26113652e-03 4.99204254e+00
-4.25398396e-03 4.99202919e+00
-4.26232861e-03 4.99204350e+00
-4.25756024e-03 4.99208641e+00
-4.26948117e-03 4.99195528e+00
-4.26352071e-03 4.99193048e+00
-4.25517606e-03 4.99199486e+00
-4.25517606e-03 4.99188852e+00
-4.26590489e-03 4.99194336e+00
-4.28140210e-03 4.99214125e+00
-4.25756024e-03 4.99210548e+00
-4.26590489e-03 4.99205065e+00
-4.27067326e-03 4.99209023e+00
-4.24563931e-03 4.99201632e+00
-4.27067326e-03 4.99206400e+00
-4.25279187e-03 4.99197340e+00
-4.23371838e-03 4.99195766e+00
-4.26590489e-03 4.99210215e+00
-4.25875233e-03 4.99201870e+00
-4.26709699e-03 4.99199820e+00
-4.27186536e-03 4.99199724e+00
-4.27186536e-03 4.99207687e+00
-4.26948117e-03 4.99206734e+00
-4.25159978e-03 4.99205542e+00
-4.25398396e-03 4.99208641e+00
-4.25756024e-03 4.99203539e+00
-4.26232861e-03 4.99197197e+00
-4.26471280e-03 4.99208164e+00
-4.27067326e-03 4.99199486e+00
-4.25994443e-03 4.99204350e+00
-4.25875233e-03 4.99206877e+00
-4.24206303e-03 4.99207449e+00
-4.25159978e-03 4.99211502e+00
-4.24683141e-03 4.99216413e+00
-4.26828908e-03 4.99209833e+00
-4.26471280e-03 4.99200296e+00
-4.26113652e-03 4.99192095e+00
-4.26709699e-03 4.99211168e+00
-4.24802350e-03 4.99201632e+00
-4.24444722e-03 4.99207115e+00
-4.26590489e-03 4.99193382e+00
-4.24802350e-03 4.99212599e+00
-4.25279187e-03 4.99199104e+00
-4.26352071e-03 4.99204588e+00
-4.27424954e-03 4.99210787e+00
-4.24563931e-03 4.99209833e+00
-4.25159978e-03 4.99215221e+00
-4.25279187e-03 4.99207687e+00
-4.26948117e-03 4.99198294e+00
-4.26471280e-03 4.99200678e+00
-4.26113652e-03 4.99205542e+00
-4.25279187e-03 4.99199343e+00
-4.25517606e-03 4.99208403e+00
-4.27067326e-03 4.99206400e+00
-4.26471280e-03 4.99190664e+00
-4.25756024e-03 4.99199009e+00
-4.26471280e-03 4.99215078e+00
-4.24683141e-03 4.99203634e+00
-4.25159978e-03 4.99211168e+00
-4.24563931e-03 4.99190426e+00
-4.25398396e-03 4.99197340e+00
-4.25159978e-03 4.99189949e+00
-4.26113652e-03 4.99198294e+00
-4.23491048e-03 4.99188137e+00
-4.26590489e-03 4.99193764e+00
-4.25636815e-03 4.99202824e+00
-4.26828908e-03 4.99201870e+00
-4.25517606e-03 4.99196386e+00
-4.25756024e-03 4.99199486e+00
-4.25398396e-03 4.99194574e+00
-4.26471280e-03 4.99200535e+00
-4.26948117e-03 4.99217844e+00
-4.25636815e-03 4.99211740e+00
-4.26352071e-03 4.99201393e+00
-4.25279187e-03 4.99204826e+00
-4.27067326e-03 4.99201393e+00
-4.23729466e-03 4.99206734e+00
-4.25517606e-03 4.99205208e+00
-4.26948117e-03 4.99211740e+00
-4.25040768e-03 4.99199820e+00
-4.25517606e-03 4.99207592e+00
-4.26828908e-03 4.99207354e+00
-4.24802350e-03 4.99199724e+00
-4.24921559e-03 4.99206018e+00
-4.26590489e-03 4.99215221e+00
-4.25875233e-03 4.99202442e+00
-4.25517606e-03 4.99207115e+00
-4.25040768e-03 4.99194002e+00
-4.26232861e-03 4.99216175e+00
-4.25875233e-03 4.99201012e+00
-4.25994443e-03 4.99202108e+00
-4.25636815e-03 4.99211264e+00
-4.26471280e-03 4.99197817e+00
-4.23967885e-03 4.99200201e+00
-4.25517606e-03 4.99191475e+00
-4.24325513e-03 4.99211502e+00
-4.27901791e-03 4.99198151e+00
-4.26352071e-03 4.99215555e+00
-4.24444722e-03 4.99203873e+00
-4.26113652e-03 4.99214125e+00
-4.25636815e-03 4.99205685e+00
-4.25279187e-03 4.99202681e+00
-4.26232861e-03 4.99206257e+00
-4.25398396e-03 4.99184084e+00
-4.24921559e-03 4.99203300e+00
-4.24921559e-03 4.99196863e+00
-4.25875233e-03 4.99199724e+00
-4.24802350e-03 4.99208403e+00
-4.26471280e-03 4.99190426e+00
-4.25875233e-03 4.99195528e+00
-4.26113652e-03 4.99202108e+00
-4.25994443e-03 4.99189329e+00
-4.25517606e-03 4.99206734e+00
-4.28378629e-03 4.99204254e+00
-4.26113652e-03 4.99206257e+00
-4.25636815e-03 4.99188995e+00
-4.27305745e-03 4.99202919e+00
-4.26948117e-03 4.99188995e+00
-4.27305745e-03 4.99202347e+00
-4.28021001e-03 4.99204016e+00
-4.25517606e-03 4.99206638e+00
-4.24802350e-03 4.99209976e+00
-4.25040768e-03 4.99196959e+00
-4.25279187e-03 4.99198151e+00
-4.27305745e-03 4.99208164e+00
-4.24683141e-03 4.99205780e+00
-4.25279187e-03 4.99213314e+00
-4.24087094e-03 4.99206638e+00
-4.25040768e-03 4.99204969e+00
-4.25398396e-03 4.99194336e+00
-4.24802350e-03 4.99213791e+00
-4.26709699e-03 4.99197102e+00
-4.26113652e-03 4.99204969e+00
-4.25040768e-03 4.99206734e+00
-4.26352071e-03 4.99200201e+00
-4.28378629e-03 4.99196005e+00
-4.25040768e-03 4.99209499e+00
-4.25159978e-03 4.99206638e+00
-4.26590489e-03 4.99195051e+00
-4.25398396e-03 4.99196959e+00
-4.25517606e-03 4.99206972e+00
-4.23610257e-03 4.99185038e+00
-4.25636815e-03 4.99203062e+00
-4.27305745e-03 4.99217463e+00
-4.26948117e-03 4.99210787e+00
-4.25994443e-03 4.99198532e+00
-4.24206303e-03 4.99205780e+00
-4.25040768e-03 4.99212933e+00
-4.27663373e-03 4.99209976e+00
-4.25636815e-03 4.99204016e+00
-4.27663373e-03 4.99200916e+00
-4.28617047e-03 4.99197340e+00
-4.24802350e-03 4.99205208e+00
-4.27186536e-03 4.99207354e+00
-4.25756024e-03 4.99208784e+00
-4.25875233e-03 4.99204493e+00
-4.27067326e-03 4.99203062e+00
-4.25517606e-03 4.99200916e+00
-4.24325513e-03 4.99210215e+00
-4.24563931e-03 4.99205303e+00
-4.25398396e-03 4.99213648e+00
-4.25994443e-03 4.99196959e+00
-4.26352071e-03 4.99210787e+00
-4.26113652e-03 4.99209976e+00
-4.26709699e-03 4.99195290e+00
-4.25279187e-03 4.99197674e+00
-4.26948117e-03 4.99194574e+00
-4.26709699e-03 4.99199724e+00
-4.25994443e-03 4.99199104e+00
-4.27782582e-03 4.99207354e+00
-4.27305745e-03 4.99187088e+00
-4.26590489e-03 4.99193287e+00
-4.25279187e-03 4.99195194e+00
-4.25040768e-03 4.99209976e+00
-4.25875233e-03 4.99202442e+00
-4.27663373e-03 4.99200201e+00
-4.25756024e-03 4.99191380e+00
-4.25756024e-03 4.99200201e+00
-4.26352071e-03 4.99200201e+00
-4.25636815e-03 4.99198151e+00
-4.26232861e-03 4.99199486e+00
-4.25517606e-03 4.99195433e+00
-4.24921559e-03 4.99194098e+00
-4.27901791e-03 4.99197435e+00
-4.24802350e-03 4.99201965e+00
-4.23967885e-03 4.99207115e+00
-4.25279187e-03 4.99200678e+00
-4.25875233e-03 4.99205923e+00
-4.27305745e-03 4.99193382e+00
-4.25875233e-03 4.99207115e+00
-4.24921559e-03 4.99196243e+00
-4.25517606e-03 4.99206257e+00
-4.25279187e-03 4.99204588e+00
-4.26828908e-03 4.99197674e+00
-4.25517606e-03 4.99205065e+00
-4.26828908e-03 4.99206161e+00
-4.25279187e-03 4.99202204e+00
-4.27067326e-03 4.99191141e+00
-4.25875233e-03 4.99194241e+00
-4.26948117e-03 4.99204254e+00
-4.25159978e-03 4.99200678e+00
-4.24563931e-03 4.99204254e+00
-4.25875233e-03 4.99198151e+00
-4.25159978e-03 4.99212456e+00
-4.25636815e-03 4.99192095e+00
-4.26471280e-03 4.99206877e+00
-4.26948117e-03 4.99201012e+00
-4.26471280e-03 4.99202919e+00
-4.23729466e-03 4.99208164e+00
-4.24683141e-03 4.99200058e+00
-4.26352071e-03 4.99196243e+00
-4.25636815e-03 4.99216509e+00
-4.26352071e-03 4.99199343e+00
-4.25756024e-03 4.99211979e+00
-4.24921559e-03 4.99196482e+00
-4.24206303e-03 4.99198627e+00
-4.25517606e-03 4.99194717e+00
-4.26232861e-03 4.99201632e+00
-4.27067326e-03 4.99208546e+00
-4.28378629e-03 4.99192667e+00
-4.28736256e-03 4.99193287e+00
-4.23967885e-03 4.99205208e+00
-4.26113652e-03 4.99200773e+00
-4.25875233e-03 4.99199963e+00
-4.26471280e-03 4.99206257e+00
-4.26232861e-03 4.99208403e+00
-4.26471280e-03 4.99200535e+00
-4.25756024e-03 4.99194098e+00
-4.27782582e-03 4.99194002e+00
-4.25875233e-03 4.99200058e+00
-4.24802350e-03 4.99181938e+00
-4.27544164e-03 4.99197817e+00
-4.23371838e-03 4.99196720e+00
-4.23848676e-03 4.99204731e+00
-4.25279187e-03 4.99190903e+00
-4.27067326e-03 4.99197102e+00
-4.25398396e-03 4.99201250e+00
-4.26471280e-03 4.99202681e+00
-4.25517606e-03 4.99204826e+00
-4.24444722e-03 4.99201155e+00
-4.24802350e-03 4.99203634e+00
-4.25756024e-03 4.99212360e+00
-4.25040768e-03 4.99199247e+00
-4.25756024e-03 4.99190283e+00
-4.26232861e-03 4.99205208e+00
-4.25517606e-03 4.99206877e+00
-4.24563931e-03 4.99204969e+00
-4.25636815e-03 4.99213791e+00
-4.24563931e-03 4.99211502e+00
-4.24802350e-03 4.99215078e+00
-4.26828908e-03 4.99203157e+00
-4.25398396e-03 4.99193382e+00
-4.26590489e-03 4.99203396e+00
-4.25994443e-03 4.99193859e+00
-4.25994443e-03 4.99206018e+00
-4.26232861e-03 4.99211264e+00
-4.27782582e-03 4.99212599e+00
-4.26709699e-03 4.99202204e+00
-4.25398396e-03 4.99215078e+00
-4.25756024e-03 4.99221420e+00
-4.26471280e-03 4.99216890e+00
-4.26590489e-03 4.99206877e+00
-4.25159978e-03 4.99189234e+00
-4.25517606e-03 4.99204493e+00
-4.25756024e-03 4.99212933e+00
-4.25159978e-03 4.99206161e+00
-4.25636815e-03 4.99220467e+00
-4.25159978e-03 4.99208403e+00
-4.27663373e-03 4.99207926e+00
-4.26352071e-03 4.99193621e+00
-4.26352071e-03 4.99208403e+00
-4.26232861e-03 4.99206018e+00
-4.25040768e-03 4.99194241e+00
-4.26113652e-03 4.99214363e+00
-4.25517606e-03 4.99205923e+00
-4.25398396e-03 4.99208307e+00
-4.26352071e-03 4.99200916e+00
-4.27305745e-03 4.99199247e+00
-4.25159978e-03 4.99201632e+00
-4.27663373e-03 4.99209976e+00
-4.25517606e-03 4.99213648e+00
-4.27067326e-03 4.99190187e+00
-4.26948117e-03 4.99201870e+00
-4.28021001e-03 4.99201155e+00
-4.27305745e-03 4.99204731e+00
-4.26590489e-03 4.99209118e+00
-4.24206303e-03 4.99201965e+00
-4.25279187e-03 4.99189234e+00
-4.26352071e-03 4.99203396e+00
-4.26232861e-03 4.99200773e+00
-4.25040768e-03 4.99189234e+00
-4.24563931e-03 4.99201012e+00
-4.25756024e-03 4.99202585e+00
-4.28021001e-03 4.99196148e+00
-4.24325513e-03 4.99194574e+00
-4.26113652e-03 4.99198389e+00
-4.27544164e-03 4.99198055e+00
-4.25994443e-03 4.99209356e+00
-4.25756024e-03 4.99209023e+00
-4.25636815e-03 4.99211740e+00
-4.25040768e-03 4.99212599e+00
-4.24444722e-03 4.99204731e+00
-4.23967885e-03 4.99210310e+00
-4.25875233e-03 4.99208879e+00
-4.25398396e-03 4.99217939e+00
-4.26590489e-03 4.99207115e+00
-4.27424954e-03 4.99197578e+00
-4.25756024e-03 4.99208784e+00
-4.26471280e-03 4.99201727e+00
-4.25040768e-03 4.99207354e+00
-4.26828908e-03 4.99205208e+00
-4.27663373e-03 4.99212217e+00
-4.24087094e-03 4.99197340e+00
-4.27067326e-03 4.99201632e+00
-4.25159978e-03 4.99209499e+00
-4.25636815e-03 4.99199486e+00
-4.25636815e-03 4.99203777e+00
-4.25517606e-03 4.99203157e+00
-4.26590489e-03 4.99205780e+00
-4.25279187e-03 4.99207449e+00
-4.26471280e-03 4.99202585e+00
-4.26709699e-03 4.99198866e+00
-4.25994443e-03 4.99187326e+00
-4.27544164e-03 4.99210930e+00
-4.25517606e-03 4.99204111e+00
-4.27544164e-03 4.99191952e+00
-4.25517606e-03 4.99215698e+00
-4.26709699e-03 4.99207830e+00
-4.26828908e-03 4.99208879e+00
-4.24325513e-03 4.99203539e+00
-4.25517606e-03 4.99201965e+00
-4.26709699e-03 4.99201250e+00
-4.24325513e-03 4.99196863e+00
-4.26590489e-03 4.99204254e+00
-4.25517606e-03 4.99208307e+00
-4.26590489e-03 4.99205303e+00
-4.25159978e-03 4.99206972e+00
-4.25159978e-03 4.99197340e+00
-4.26948117e-03 4.99207926e+00
-4.25756024e-03 4.99205542e+00
-4.25875233e-03 4.99200678e+00
-4.26590489e-03 4.99196720e+00
-4.26232861e-03 4.99205923e+00
-4.25756024e-03 4.99203873e+00
-4.26113652e-03 4.99211025e+00
-4.26113652e-03 4.99200439e+00
-4.26471280e-03 4.99220562e+00
-4.26948117e-03 4.99215078e+00
-4.25994443e-03 4.99203062e+00
-4.28259419e-03 4.99211025e+00
-4.25994443e-03 4.99202681e+00
-4.27901791e-03 4.99215794e+00
-4.26471280e-03 4.99206400e+00
-4.26113652e-03 4.99209023e+00
-4.25756024e-03 4.99199820e+00
-4.26232861e-03 4.99188137e+00
-4.24563931e-03 4.99196005e+00
-4.25875233e-03 4.99211645e+00
-4.24921559e-03 4.99200773e+00
-4.27782582e-03 4.99206877e+00
-4.26948117e-03 4.99220705e+00
-4.26828908e-03 4.99201488e+00
-4.24087094e-03 4.99209261e+00
-4.24921559e-03 4.99208641e+00
-4.27186536e-03 4.99207830e+00
-4.27424954e-03 4.99211979e+00
-4.24921559e-03 4.99213648e+00
-4.25159978e-03 4.99210787e+00
-4.25875233e-03 4.99216270e+00
-4.24921559e-03 4.99205065e+00
-4.25398396e-03 4.99203777e+00
-4.25875233e-03 4.99197674e+00
-4.25875233e-03 4.99199724e+00
-4.24921559e-03 4.99215937e+00
-4.26828908e-03 4.99202442e+00
-4.26471280e-03 4.99205685e+00
-4.25159978e-03 4.99197817e+00
-4.26471280e-03 4.99206400e+00
-4.25994443e-03 4.99212933e+00
-4.27424954e-03 4.99193525e+00
-4.26232861e-03 4.99204826e+00
-4.25994443e-03 4.99202108e+00
-4.24802350e-03 4.99209976e+00
-4.27186536e-03 4.99201632e+00
-4.24563931e-03 4.99208546e+00
-4.26709699e-03 4.99216175e+00
-4.25159978e-03 4.99213648e+00
-4.24444722e-03 4.99210691e+00
-4.24444722e-03 4.99200916e+00
-4.25636815e-03 4.99206400e+00
-4.25875233e-03 4.99203873e+00
-4.26113652e-03 4.99205542e+00
-4.25040768e-03 4.99193525e+00
-4.23491048e-03 4.99197102e+00
-4.26232861e-03 4.99216175e+00
-4.25875233e-03 4.99206734e+00
-4.25994443e-03 4.99199581e+00
-4.25040768e-03 4.99212122e+00
-4.24921559e-03 4.99206877e+00
-4.27305745e-03 4.99218178e+00
-4.26471280e-03 4.99206257e+00
-4.24802350e-03 4.99208403e+00
-4.24563931e-03 4.99212360e+00
-4.25040768e-03 4.99206161e+00
-4.26232861e-03 4.99205065e+00
-4.25756024e-03 4.99201488e+00
-4.26113652e-03 4.99205780e+00
-4.25636815e-03 4.99203777e+00
-4.26471280e-03 4.99201250e+00
-4.24921559e-03 4.99202108e+00
-4.24802350e-03 4.99186707e+00
-4.25756024e-03 4.99205780e+00
-4.24921559e-03 4.99221277e+00
-4.26948117e-03 4.99201632e+00
-4.26471280e-03 4.99202585e+00
-4.26113652e-03 4.99201632e+00
-4.26352071e-03 4.99202681e+00
-4.27424954e-03 4.99198055e+00
-4.25040768e-03 4.99200296e+00
-4.24444722e-03 4.99200058e+00
-4.25159978e-03 4.99192190e+00
-4.26113652e-03 4.99208307e+00
-4.27544164e-03 4.99188280e+00
-4.25398396e-03 4.99197340e+00
-4.25994443e-03 4.99217606e+00
-4.25398396e-03 4.99197435e+00
-4.24563931e-03 4.99201870e+00
-4.25636815e-03 4.99194241e+00
-4.27663373e-03 4.99195528e+00
-4.25398396e-03 4.99200535e+00
-4.26590489e-03 4.99203777e+00
-4.25875233e-03 4.99188137e+00
-4.27544164e-03 4.99198151e+00
-4.27544164e-03 4.99207449e+00
-4.26471280e-03 4.99209118e+00
-4.25517606e-03 4.99196243e+00
-4.25875233e-03 4.99193525e+00
-4.26590489e-03 4.99209499e+00
-4.25636815e-03 4.99200201e+00
-4.25398396e-03 4.99211740e+00
-4.24921559e-03 4.99202919e+00
-4.25994443e-03 4.99191713e+00
-4.26590489e-03 4.99195766e+00
-4.25875233e-03 4.99200535e+00
-4.24802350e-03 4.99205923e+00
-4.26828908e-03 4.99191380e+00
-4.26709699e-03 4.99190760e+00
-4.24802350e-03 4.99202681e+00
-4.26828908e-03 4.99200535e+00
-4.26113652e-03 4.99184942e+00
-4.26232861e-03 4.99196720e+00
-4.25636815e-03 4.99194241e+00
-4.26471280e-03 4.99194717e+00
-4.26113652e-03 4.99197435e+00
-4.25636815e-03 4.99206972e+00
-4.26828908e-03 4.99203396e+00
-4.27544164e-03 4.99194813e+00
-4.26471280e-03 4.99191952e+00
-4.25756024e-03 4.99197674e+00
-4.27424954e-03 4.99196482e+00
-4.25756024e-03 4.99194241e+00
-4.26828908e-03 4.99207115e+00
-4.25159978e-03 4.99209595e+00
-4.25279187e-03 4.99207926e+00
-4.24563931e-03 4.99199581e+00
-4.26232861e-03 4.99195290e+00
-4.27067326e-03 4.99211407e+00
-4.24325513e-03 4.99196386e+00
-4.24921559e-03 4.99205446e+00
-4.24921559e-03 4.99196720e+00
-4.25994443e-03 4.99202347e+00
-4.26709699e-03 4.99206638e+00
-4.28497838e-03 4.99205923e+00
-4.24683141e-03 4.99201965e+00
-4.24325513e-03 4.99204350e+00
-4.25398396e-03 4.99196959e+00
-4.25994443e-03 4.99197578e+00
-4.27782582e-03 4.99208307e+00
-4.25159978e-03 4.99195910e+00
-4.25398396e-03 4.99211407e+00
-4.27424954e-03 4.99211740e+00
-4.24206303e-03 4.99203300e+00
-4.25279187e-03 4.99190044e+00
-4.25994443e-03 4.99213791e+00
-4.26709699e-03 4.99199343e+00
-4.27663373e-03 4.99188995e+00
-4.25994443e-03 4.99191618e+00
-4.26471280e-03 4.99208069e+00
-4.25040768e-03 4.99207687e+00
-4.24921559e-03 4.99207211e+00
-4.26352071e-03 4.99216032e+00
-4.26352071e-03 4.99194956e+00
-4.28021001e-03 4.99206018e+00
-4.25040768e-03 4.99194717e+00
-4.24683141e-03 4.99202204e+00
-4.25994443e-03 4.99201012e+00
-4.26113652e-03 4.99206638e+00
-4.26232861e-03 4.99208546e+00
-4.25875233e-03 4.99205208e+00
-4.25398396e-03 4.99188280e+00
-4.25875233e-03 4.99207926e+00
-4.27186536e-03 4.99207354e+00
-4.25756024e-03 4.99206638e+00
-4.26471280e-03 4.99197674e+00
-4.26828908e-03 4.99203634e+00
-4.26352071e-03 4.99208069e+00
-4.26113652e-03 4.99213886e+00
-4.28140210e-03 4.99206495e+00
-4.27305745e-03 4.99192572e+00
-4.25517606e-03 4.99219608e+00
-4.25636815e-03 4.99201870e+00
-4.26471280e-03 4.99199963e+00
-4.26471280e-03 4.99198627e+00
-4.24683141e-03 4.99204350e+00
-4.26352071e-03 4.99201488e+00
-4.24921559e-03 4.99205780e+00
-4.25517606e-03 4.99201632e+00
-4.24683141e-03 4.99203539e+00
-4.29451512e-03 4.99191856e+00
-4.25159978e-03 4.99200773e+00
-4.25756024e-03 4.99196625e+00
-4.25994443e-03 4.99215555e+00
-4.25279187e-03 4.99203873e+00
-4.25994443e-03 4.99202585e+00
-4.24921559e-03 4.99207926e+00
-4.25398396e-03 4.99213791e+00
-4.26828908e-03 4.99209595e+00
-4.26828908e-03 4.99206734e+00
-4.26352071e-03 4.99194098e+00
-4.25994443e-03 4.99207449e+00
-4.25756024e-03 4.99202347e+00
-4.23967885e-03 4.99195290e+00
-4.25994443e-03 4.99212694e+00
-4.26471280e-03 4.99191713e+00
-4.26113652e-03 4.99212599e+00
-4.25756024e-03 4.99198866e+00
-4.24444722e-03 4.99206495e+00
-4.26471280e-03 4.99192333e+00
-4.23371838e-03 4.99207115e+00
-4.26471280e-03 4.99201488e+00
-4.26828908e-03 4.99206018e+00
-4.26352071e-03 4.99200439e+00
-4.24206303e-03 4.99196863e+00
-4.25875233e-03 4.99196959e+00
-4.25398396e-03 4.99214363e+00
-4.24563931e-03 4.99217939e+00
-4.25756024e-03 4.99199486e+00
-4.25159978e-03 4.99210310e+00
-4.27544164e-03 4.99216747e+00
-4.24563931e-03 4.99205542e+00
-4.25756024e-03 4.99211502e+00
-4.25159978e-03 4.99207830e+00
-4.25636815e-03 4.99211264e+00
-4.25279187e-03 4.99220467e+00
-4.25279187e-03 4.99219608e+00
-4.25279187e-03 4.99201488e+00
-4.25875233e-03 4.99202347e+00
-4.25994443e-03 4.99199820e+00
-4.26709699e-03 4.99193144e+00
-4.26828908e-03 4.99206877e+00
-4.25279187e-03 4.99206972e+00
-4.25159978e-03 4.99215460e+00
-4.26113652e-03 4.99220228e+00
-4.25398396e-03 4.99211645e+00
-4.25994443e-03 4.99203873e+00
-4.26590489e-03 4.99207211e+00
-4.26948117e-03 4.99203777e+00
-4.25398396e-03 4.99203873e+00
-4.25279187e-03 4.99210787e+00
-4.25994443e-03 4.99203157e+00
-4.23729466e-03 4.99201965e+00
-4.25875233e-03 4.99201393e+00
-4.25517606e-03 4.99209595e+00
-4.26709699e-03 4.99208403e+00
-4.26709699e-03 4.99211979e+00
-4.24563931e-03 4.99211025e+00
-4.25398396e-03 4.99211740e+00
-4.25159978e-03 4.99206257e+00
-4.26232861e-03 4.99208641e+00
-4.25994443e-03 4.99203157e+00
-4.25279187e-03 4.99194574e+00
-4.24206303e-03 4.99198294e+00
-4.25875233e-03 4.99203396e+00
-4.26352071e-03 4.99217606e+00
-4.27186536e-03 4.99216509e+00
-4.25994443e-03 4.99199009e+00
-4.24206303e-03 4.99201632e+00
-4.24683141e-03 4.99219751e+00
-4.25279187e-03 4.99206877e+00
-4.24325513e-03 4.99204731e+00
-4.24563931e-03 4.99214745e+00
-4.27663373e-03 4.99198532e+00
-4.25636815e-03 4.99204588e+00
-4.26352071e-03 4.99203300e+00
-4.25517606e-03 4.99216032e+00
-4.25279187e-03 4.99209261e+00
-4.25517606e-03 4.99199009e+00
-4.25636815e-03 4.99206161e+00
-4.25279187e-03 4.99193144e+00
-4.26948117e-03 4.99200296e+00
-4.26352071e-03 4.99201393e+00
-4.25517606e-03 4.99200296e+00
-4.25159978e-03 4.99208069e+00
-4.26232861e-03 4.99199724e+00
-4.27305745e-03 4.99217939e+00
-4.26590489e-03 4.99206400e+00
-4.25994443e-03 4.99208307e+00
-4.26471280e-03 4.99197435e+00
-4.27067326e-03 4.99208641e+00
-4.25636815e-03 4.99206734e+00
-4.25398396e-03 4.99201870e+00
-4.26709699e-03 4.99201012e+00
-4.25279187e-03 4.99202919e+00
-4.25994443e-03 4.99211025e+00
-4.25159978e-03 4.99194336e+00
-4.25636815e-03 4.99204111e+00
-4.25994443e-03 4.99199581e+00
-4.25279187e-03 4.99206734e+00
-4.27067326e-03 4.99203873e+00
-4.25756024e-03 4.99206161e+00
-4.25636815e-03 4.99210548e+00
-4.26828908e-03 4.99211645e+00
-4.24444722e-03 4.99195051e+00
-4.25875233e-03 4.99203777e+00
-4.26113652e-03 4.99193287e+00
-4.25279187e-03 4.99212837e+00
-4.25279187e-03 4.99220085e+00
-4.25756024e-03 4.99207687e+00
-4.25636815e-03 4.99198055e+00
-4.26828908e-03 4.99205542e+00
-4.27067326e-03 4.99198866e+00
-4.24683141e-03 4.99196482e+00
-4.25756024e-03 4.99204111e+00
-4.26709699e-03 4.99207449e+00
-4.24444722e-03 4.99200773e+00
-4.26709699e-03 4.99203300e+00
-4.25517606e-03 4.99198771e+00
-4.26590489e-03 4.99218178e+00
-4.25517606e-03 4.99200058e+00
-4.25636815e-03 4.99206400e+00
-4.25517606e-03 4.99197197e+00
-4.25756024e-03 4.99207211e+00
-4.27901791e-03 4.99200773e+00
-4.26471280e-03 4.99197578e+00
-4.27186536e-03 4.99205542e+00
-4.25040768e-03 4.99207687e+00
-4.26113652e-03 4.99204969e+00
-4.24802350e-03 4.99207354e+00
-4.25756024e-03 4.99205923e+00
-4.24921559e-03 4.99204016e+00
-4.25040768e-03 4.99214268e+00
-4.26352071e-03 4.99198389e+00
-4.25994443e-03 4.99198866e+00
-4.25875233e-03 4.99187422e+00
-4.25040768e-03 4.99192572e+00
-4.24563931e-03 4.99211502e+00
-4.24444722e-03 4.99208641e+00
-4.26113652e-03 4.99195766e+00
-4.26113652e-03 4.99212837e+00
-4.26232861e-03 4.99209356e+00
-4.26232861e-03 4.99210787e+00
-4.28259419e-03 4.99203777e+00
-4.26232861e-03 4.99211168e+00
-4.25159978e-03 4.99213171e+00
-4.27782582e-03 4.99216413e+00
-4.26948117e-03 4.99200058e+00
-4.26232861e-03 4.99200773e+00
-4.25875233e-03 4.99199009e+00
-4.25875233e-03 4.99204111e+00
-4.26232861e-03 4.99202919e+00
-4.25994443e-03 4.99202585e+00
-4.26948117e-03 4.99197912e+00
-4.23491048e-03 4.99191713e+00
-4.25398396e-03 4.99198294e+00
-4.26471280e-03 4.99215460e+00
-4.24802350e-03 4.99203873e+00
-4.25159978e-03 4.99207354e+00
-4.27186536e-03 4.99202347e+00
-4.25636815e-03 4.99200916e+00
-4.25398396e-03 4.99205208e+00
-4.25159978e-03 4.99210548e+00
-4.25875233e-03 4.99201012e+00
-4.27067326e-03 4.99207449e+00
-4.24563931e-03 4.99211740e+00
-4.25756024e-03 4.99209261e+00
-4.27663373e-03 4.99205685e+00
-4.24444722e-03 4.99213171e+00
-4.26590489e-03 4.99206257e+00
-4.27305745e-03 4.99205685e+00
-4.25875233e-03 4.99215794e+00
-4.26232861e-03 4.99191713e+00
-4.26709699e-03 4.99208307e+00
-4.26471280e-03 4.99192190e+00
-4.23967885e-03 4.99203539e+00
-4.26709699e-03 4.99209595e+00
-4.26232861e-03 4.99190903e+00
-4.27544164e-03 4.99201632e+00
-4.23491048e-03 4.99210930e+00
-4.27663373e-03 4.99215317e+00
-4.24444722e-03 4.99195528e+00
-4.25636815e-03 4.99206734e+00
-4.26352071e-03 4.99200773e+00
-4.27305745e-03 4.99208879e+00
-4.26828908e-03 4.99208641e+00
-4.26113652e-03 4.99209833e+00
-4.26113652e-03 4.99204016e+00
-4.25040768e-03 4.99218416e+00
-4.24802350e-03 4.99201870e+00
-4.24683141e-03 4.99199581e+00
-4.27544164e-03 4.99201632e+00
-4.27544164e-03 4.99206734e+00
-4.26113652e-03 4.99212694e+00
-4.25756024e-03 4.99197674e+00
-4.25040768e-03 4.99193621e+00
-4.24802350e-03 4.99204254e+00
-4.26828908e-03 4.99215221e+00
-4.26948117e-03 4.99215937e+00
-4.26113652e-03 4.99196243e+00
-4.23967885e-03 4.99220562e+00
-4.25040768e-03 4.99212360e+00
-4.24563931e-03 4.99201632e+00
-4.27901791e-03 4.99207354e+00
-4.26232861e-03 4.99216747e+00
-4.26113652e-03 4.99208307e+00
-4.23133420e-03 4.99211264e+00
-4.25756024e-03 4.99203777e+00
-4.27186536e-03 4.99212694e+00
-4.27424954e-03 4.99202681e+00
-4.25636815e-03 4.99213791e+00
-4.27186536e-03 4.99206972e+00
-4.26471280e-03 4.99209356e+00
-4.24325513e-03 4.99226904e+00
-4.25756024e-03 4.99208069e+00
-4.26471280e-03 4.99212456e+00
-4.26352071e-03 4.99203062e+00
-4.26948117e-03 4.99205923e+00
-4.24802350e-03 4.99213552e+00
-4.25398396e-03 4.99201727e+00
-4.26709699e-03 4.99201250e+00
-4.26590489e-03 4.99206495e+00
-4.24444722e-03 4.99212360e+00
-4.24802350e-03 4.99228573e+00
-4.26471280e-03 4.99207926e+00
-4.25040768e-03 4.99213314e+00
-4.27186536e-03 4.99207449e+00
-4.25517606e-03 4.99208641e+00
-4.23967885e-03 4.99206877e+00
-4.27186536e-03 4.99201488e+00
-4.25875233e-03 4.99216175e+00
-4.26113652e-03 4.99203062e+00
-4.26232861e-03 4.99198627e+00
-4.26590489e-03 4.99211645e+00
-4.24921559e-03 4.99199724e+00
-4.26352071e-03 4.99208307e+00
-4.25040768e-03 4.99207449e+00
-4.26948117e-03 4.99206734e+00
-4.24563931e-03 4.99210072e+00
-4.24563931e-03 4.99202919e+00
-4.24444722e-03 4.99195671e+00
-4.26352071e-03 4.99195433e+00
-4.26113652e-03 4.99201965e+00
-4.24683141e-03 4.99206877e+00
-4.25279187e-03 4.99197340e+00
-4.25875233e-03 4.99205542e+00
-4.26471280e-03 4.99198771e+00
-4.24683141e-03 4.99204969e+00
-4.26113652e-03 4.99208307e+00
-4.23848676e-03 4.99218416e+00
-4.25398396e-03 4.99205685e+00
-4.27067326e-03 4.99196959e+00
-4.26471280e-03 4.99205303e+00
-4.26709699e-03 4.99212933e+00
-4.25994443e-03 4.99206161e+00
-4.26709699e-03 4.99207926e+00
-4.25279187e-03 4.99205685e+00
-4.25040768e-03 4.99208403e+00
-4.25756024e-03 4.99203777e+00
-4.24563931e-03 4.99199581e+00
-4.25279187e-03 4.99204493e+00
-4.26352071e-03 4.99203634e+00
-4.26352071e-03 4.99205303e+00
-4.26232861e-03 4.99201012e+00
-4.26828908e-03 4.99204588e+00
-4.25636815e-03 4.99205303e+00
-4.23252629e-03 4.99202585e+00
-4.26352071e-03 4.99202681e+00
-4.27186536e-03 4.99194336e+00
-4.26352071e-03 4.99201393e+00
-4.24921559e-03 4.99201250e+00
-4.27782582e-03 4.99208546e+00
-4.26948117e-03 4.99211168e+00
-4.25994443e-03 4.99211502e+00
-4.24206303e-03 4.99204493e+00
-4.23729466e-03 4.99201632e+00
-4.25279187e-03 4.99196625e+00
-4.27067326e-03 4.99202442e+00
-4.25398396e-03 4.99209118e+00
-4.26232861e-03 4.99208879e+00
-4.25994443e-03 4.99205542e+00
-4.24802350e-03 4.99200058e+00
-4.24444722e-03 4.99204493e+00
-4.25279187e-03 4.99214363e+00
-4.25398396e-03 4.99195290e+00
-4.26352071e-03 4.99198532e+00
-4.28259419e-03 4.99192905e+00
-4.25517606e-03 4.99211502e+00
-4.24325513e-03 4.99194479e+00
-4.24921559e-03 4.99198866e+00
-4.25636815e-03 4.99202824e+00
-4.25994443e-03 4.99209499e+00
-4.25279187e-03 4.99219751e+00
-4.26948117e-03 4.99204731e+00
-4.25279187e-03 4.99205208e+00
-4.23967885e-03 4.99214363e+00
-4.25756024e-03 4.99197912e+00
-4.24921559e-03 4.99194336e+00
-4.24802350e-03 4.99209261e+00
-4.25398396e-03 4.99205446e+00
-4.25756024e-03 4.99203634e+00
-4.25636815e-03 4.99202824e+00
-4.27305745e-03 4.99203634e+00
-4.26828908e-03 4.99213314e+00
-4.26471280e-03 4.99200678e+00
-4.26352071e-03 4.99195910e+00
-4.26828908e-03 4.99211025e+00
-4.27544164e-03 4.99214363e+00
-4.26352071e-03 4.99214840e+00
-4.27067326e-03 4.99204731e+00
-4.25756024e-03 4.99202824e+00
-4.25398396e-03 4.99209499e+00
-4.25040768e-03 4.99202681e+00
-4.25636815e-03 4.99205542e+00
-4.24444722e-03 4.99210930e+00
-4.26709699e-03 4.99209595e+00
-4.26590489e-03 4.99211502e+00
-4.25279187e-03 4.99204016e+00
-4.27305745e-03 4.99205303e+00
-4.25875233e-03 4.99206877e+00
-4.25040768e-03 4.99199486e+00
-4.26590489e-03 4.99213648e+00
-4.26948117e-03 4.99198532e+00
-4.24087094e-03 4.99200535e+00
-4.26471280e-03 4.99219275e+00
-4.24921559e-03 4.99210787e+00
-4.26471280e-03 4.99199486e+00
-4.26232861e-03 4.99194098e+00
-4.27067326e-03 4.99191856e+00
-4.26113652e-03 4.99221277e+00
-4.27186536e-03 4.99215221e+00
-4.25756024e-03 4.99204969e+00
-4.25636815e-03 4.99218655e+00
-4.26948117e-03 4.99201727e+00
-4.25517606e-03 4.99201393e+00
-4.26352071e-03 4.99208879e+00
-4.25279187e-03 4.99204969e+00
-4.26948117e-03 4.99213886e+00
-4.26352071e-03 4.99209356e+00
-4.24206303e-03 4.99203396e+00
-4.24444722e-03 4.99212217e+00
-4.25994443e-03 4.99193621e+00
-4.25756024e-03 4.99189091e+00
-4.25279187e-03 4.99193859e+00
-4.25636815e-03 4.99203396e+00
-4.25398396e-03 4.99206877e+00
-4.25636815e-03 4.99201965e+00
-4.25875233e-03 4.99204969e+00
-4.26352071e-03 4.99201012e+00
-4.26113652e-03 4.99194241e+00
-4.25636815e-03 4.99197102e+00
-4.25040768e-03 4.99214506e+00
-4.26352071e-03 4.99206400e+00
-4.26709699e-03 4.99206734e+00
-4.24325513e-03 4.99199009e+00
-4.26352071e-03 4.99199963e+00
-4.24087094e-03 4.99201155e+00
-4.24206303e-03 4.99199247e+00
-4.25636815e-03 4.99200058e+00
-4.26590489e-03 4.99204826e+00
-4.25398396e-03 4.99202347e+00
-4.25159978e-03 4.99199009e+00
-4.23610257e-03 4.99207830e+00
-4.26590489e-03 4.99202347e+00
-4.27424954e-03 4.99199343e+00
-4.25159978e-03 4.99197197e+00
-4.25279187e-03 4.99218321e+00
-4.24325513e-03 4.99213886e+00
-4.25040768e-03 4.99214983e+00
-4.24683141e-03 4.99202442e+00
-4.25994443e-03 4.99195528e+00
-4.25279187e-03 4.99205923e+00
-4.25279187e-03 4.99197102e+00
-4.26948117e-03 4.99214506e+00
-4.24921559e-03 4.99205923e+00
-4.26471280e-03 4.99189234e+00
-4.26113652e-03 4.99208069e+00
-4.25875233e-03 4.99205923e+00
-4.25994443e-03 4.99201965e+00
-4.25517606e-03 4.99212360e+00
-4.26113652e-03 4.99196720e+00
-4.25636815e-03 4.99195671e+00
-4.26232861e-03 4.99204254e+00
-4.25756024e-03 4.99210310e+00
-4.25756024e-03 4.99214363e+00
-4.24802350e-03 4.99202824e+00
-4.25636815e-03 4.99196243e+00
-4.25636815e-03 4.99198866e+00
-4.25875233e-03 4.99204969e+00
-4.25517606e-03 4.99212360e+00
-4.25994443e-03 4.99201393e+00
-4.25517606e-03 4.99206972e+00
-4.27067326e-03 4.99206972e+00
-4.26709699e-03 4.99202347e+00
-4.27424954e-03 4.99215460e+00
-4.25994443e-03 4.99189806e+00
-4.24683141e-03 4.99204111e+00
-4.25279187e-03 4.99202681e+00
-4.25159978e-03 4.99195910e+00
-4.26828908e-03 4.99207830e+00
-4.25398396e-03 4.99209023e+00
-4.26232861e-03 4.99201393e+00
-4.27782582e-03 4.99202585e+00
-4.25994443e-03 4.99195433e+00
-4.25517606e-03 4.99201870e+00
-4.26471280e-03 4.99197435e+00
-4.25040768e-03 4.99200439e+00
-4.27067326e-03 4.99199486e+00
-4.25517606e-03 4.99201488e+00
-4.24563931e-03 4.99193764e+00
-4.24921559e-03 4.99194241e+00
-4.25159978e-03 4.99205923e+00
-4.26113652e-03 4.99202347e+00
-4.25517606e-03 4.99198532e+00
-4.25636815e-03 4.99195910e+00
-4.25040768e-03 4.99213648e+00
-4.24802350e-03 4.99197912e+00
-4.26352071e-03 4.99193048e+00
-4.25756024e-03 4.99210072e+00
-4.25517606e-03 4.99213076e+00
-4.27901791e-03 4.99221659e+00
-4.25756024e-03 4.99214363e+00
-4.26709699e-03 4.99197578e+00
-4.25517606e-03 4.99203873e+00
-4.25398396e-03 4.99211025e+00
-4.23848676e-03 4.99202919e+00
-4.26232861e-03 4.99207830e+00
-4.25875233e-03 4.99209833e+00
-4.25040768e-03 4.99196482e+00
-4.26113652e-03 4.99200916e+00
-4.25636815e-03 4.99208546e+00
-4.24206303e-03 4.99208069e+00
-4.25398396e-03 4.99208403e+00
-4.27305745e-03 4.99207687e+00
-4.25875233e-03 4.99201727e+00
-4.24325513e-03 4.99218082e+00
-4.26113652e-03 4.99201250e+00
-4.24444722e-03 4.99214602e+00
-4.27544164e-03 4.99199009e+00
-4.25756024e-03 4.99195433e+00
-4.26471280e-03 4.99203539e+00
-4.24563931e-03 4.99200535e+00
-4.26232861e-03 4.99214268e+00
-4.26471280e-03 4.99192095e+00
-4.27186536e-03 4.99205065e+00
-4.25279187e-03 4.99202919e+00
-4.25279187e-03 4.99204254e+00
-4.25875233e-03 4.99216270e+00
-4.27067326e-03 4.99207354e+00
-4.27305745e-03 4.99193764e+00
-4.25994443e-03 4.99196625e+00
-4.26232861e-03 4.99192095e+00
-4.24206303e-03 4.99195528e+00
-4.24087094e-03 4.99214745e+00
-4.25875233e-03 4.99209261e+00
-4.25994443e-03 4.99196148e+00
-4.26113652e-03 4.99204493e+00
-4.24206303e-03 4.99202442e+00
-4.24921559e-03 4.99205923e+00
-4.25398396e-03 4.99202585e+00
-4.28140210e-03 4.99207354e+00
-4.27424954e-03 4.99193764e+00
-4.27663373e-03 4.99199820e+00
-4.28736256e-03 4.99195766e+00
-4.26709699e-03 4.99209833e+00
-4.26232861e-03 4.99200439e+00
-4.26948117e-03 4.99202919e+00
-4.25994443e-03 4.99206734e+00
-4.25398396e-03 4.99202108e+00
-4.24444722e-03 4.99198055e+00
-4.25636815e-03 4.99198627e+00
-4.26471280e-03 4.99208164e+00
-4.27186536e-03 4.99202585e+00
-4.25994443e-03 4.99196959e+00
-4.28140210e-03 4.99194479e+00
-4.24087094e-03 4.99198151e+00
-4.25636815e-03 4.99202919e+00
-4.24802350e-03 4.99207592e+00
-4.26113652e-03 4.99204254e+00
-4.23491048e-03 4.99199581e+00
-4.27186536e-03 4.99190044e+00
-4.25279187e-03 4.99198627e+00
-4.25517606e-03 4.99200296e+00
-4.25756024e-03 4.99194574e+00
-4.27305745e-03 4.99199963e+00
-4.24325513e-03 4.99191618e+00
-4.25040768e-03 4.99210691e+00
-4.25994443e-03 4.99196148e+00
-4.25398396e-03 4.99188375e+00
-4.24921559e-03 4.99205065e+00
-4.27186536e-03 4.99204493e+00
-4.25636815e-03 4.99188852e+00
-4.25159978e-03 4.99194336e+00
-4.27424954e-03 4.99201727e+00
-4.27663373e-03 4.99198389e+00
-4.23729466e-03 4.99198294e+00
-4.26471280e-03 4.99210310e+00
-4.26232861e-03 4.99199343e+00
-4.27305745e-03 4.99205542e+00
-4.27305745e-03 4.99206877e+00
-4.24683141e-03 4.99202204e+00
-4.26232861e-03 4.99201870e+00
-4.23967885e-03 4.99194002e+00
-4.26590489e-03 4.99198151e+00
-4.25398396e-03 4.99204969e+00
-4.26352071e-03 4.99213886e+00
-4.24921559e-03 4.99189472e+00
-4.25040768e-03 4.99193287e+00
-4.25159978e-03 4.99218559e+00
-4.29809140e-03 4.99206877e+00
-4.24087094e-03 4.99199009e+00
-4.26471280e-03 4.99215078e+00
-4.23371838e-03 4.99186850e+00
-4.26709699e-03 4.99197817e+00
-4.26352071e-03 4.99201870e+00
-4.24206303e-03 4.99203300e+00
-4.26828908e-03 4.99206638e+00
-4.25994443e-03 4.99199343e+00
-4.26709699e-03 4.99210072e+00
-4.26352071e-03 4.99191856e+00
-4.27067326e-03 4.99199820e+00
-4.25159978e-03 4.99206400e+00
-4.25756024e-03 4.99206638e+00
-4.27067326e-03 4.99206018e+00
-4.26471280e-03 4.99197578e+00
-4.25875233e-03 4.99202108e+00
-4.26709699e-03 4.99190760e+00
-4.25517606e-03 4.99180031e+00
-4.25279187e-03 4.99194717e+00
-4.26232861e-03 4.99197817e+00
-4.24921559e-03 4.99196005e+00
-4.25398396e-03 4.99193859e+00
-4.25398396e-03 4.99204731e+00
-4.24444722e-03 4.99185038e+00
-4.25040768e-03 4.99208307e+00
-4.24921559e-03 4.99206018e+00
-4.25279187e-03 4.99190521e+00
-4.25636815e-03 4.99205685e+00
-4.25279187e-03 4.99192190e+00
-4.28497838e-03 4.99211407e+00
-4.25040768e-03 4.99198151e+00
-4.25756024e-03 4.99202108e+00
-4.27901791e-03 4.99200296e+00
-4.25994443e-03 4.99208879e+00
-4.25159978e-03 4.99190187e+00
-4.24206303e-03 4.99198627e+00
-4.25517606e-03 4.99201870e+00
-4.25279187e-03 4.99189568e+00
-4.25398396e-03 4.99204493e+00
-4.27544164e-03 4.99197817e+00
-4.26471280e-03 4.99197340e+00
-4.25159978e-03 4.99195433e+00
-4.27663373e-03 4.99198389e+00
-4.25279187e-03 4.99197340e+00
-4.25875233e-03 4.99189806e+00
-4.24206303e-03 4.99208879e+00
-4.27186536e-03 4.99191475e+00
-4.24921559e-03 4.99206638e+00
-4.25994443e-03 4.99192572e+00
-4.25875233e-03 4.99199009e+00
-4.26709699e-03 4.99190903e+00
-4.26232861e-03 4.99199486e+00
-4.25994443e-03 4.99197912e+00
-4.25994443e-03 4.99198151e+00
-4.25875233e-03 4.99189329e+00
-4.26232861e-03 4.99193144e+00
-4.26232861e-03 4.99195051e+00
-4.24444722e-03 4.99207926e+00
-4.25159978e-03 4.99179316e+00
-4.25159978e-03 4.99211740e+00
-4.25517606e-03 4.99187183e+00
-4.26352071e-03 4.99201965e+00
-4.25636815e-03 4.99191618e+00
-4.25994443e-03 4.99195290e+00
-4.28021001e-03 4.99196959e+00
-4.24325513e-03 4.99204588e+00
-4.26471280e-03 4.99192095e+00
-4.27901791e-03 4.99200535e+00
-4.26828908e-03 4.99200296e+00
-4.24444722e-03 4.99199581e+00
-4.26948117e-03 4.99203777e+00
-4.26113652e-03 4.99205208e+00
-4.27067326e-03 4.99187899e+00
-4.25994443e-03 4.99194479e+00
-4.26828908e-03 4.99187183e+00
-4.25040768e-03 4.99190521e+00
-4.24921559e-03 4.99203396e+00
-4.24206303e-03 4.99195290e+00
-4.28140210e-03 4.99187183e+00
-4.25398396e-03 4.99196005e+00
-4.24802350e-03 4.99201155e+00
-4.26352071e-03 4.99192095e+00
-4.26590489e-03 4.99193382e+00
-4.24683141e-03 4.99195528e+00
-4.25398396e-03 4.99198866e+00
-4.25517606e-03 4.99197912e+00
-4.24325513e-03 4.99196148e+00
-4.26232861e-03 4.99198294e+00
-4.26709699e-03 4.99186373e+00
-4.26113652e-03 4.99200439e+00
-4.27186536e-03 4.99205208e+00
-4.25279187e-03 4.99205685e+00
-4.26471280e-03 4.99208164e+00
-4.25636815e-03 4.99201965e+00
-4.26113652e-03 4.99187422e+00
-4.24444722e-03 4.99202824e+00
-4.25159978e-03 4.99197674e+00
-4.25279187e-03 4.99194479e+00
-4.24921559e-03 4.99198771e+00
-4.26232861e-03 4.99193859e+00
-4.25756024e-03 4.99189949e+00
-4.26709699e-03 4.99197674e+00
-4.25756024e-03 4.99199009e+00
-4.25875233e-03 4.99189234e+00
-4.25040768e-03 4.99199343e+00
-4.27901791e-03 4.99191856e+00
-4.27544164e-03 4.99199581e+00
-4.24444722e-03 4.99205303e+00
-4.24563931e-03 4.99199104e+00
-4.26352071e-03 4.99195766e+00
-4.26232861e-03 4.99204254e+00
-4.27424954e-03 4.99204254e+00
-4.26709699e-03 4.99202919e+00
-4.25159978e-03 4.99199343e+00
-4.26828908e-03 4.99185514e+00
-4.25756024e-03 4.99200439e+00
-4.25398396e-03 4.99203396e+00
-4.25875233e-03 4.99200201e+00
-4.28259419e-03 4.99191236e+00
-4.26948117e-03 4.99188995e+00
-4.24921559e-03 4.99197578e+00
-4.25875233e-03 4.99202585e+00
-4.27305745e-03 4.99183750e+00
-4.26113652e-03 4.99199724e+00
-4.24921559e-03 4.99195433e+00
-4.25875233e-03 4.99188519e+00
-4.24563931e-03 4.99196720e+00
-4.25994443e-03 4.99198151e+00
-4.26352071e-03 4.99187422e+00
-4.24444722e-03 4.99201727e+00
-4.26590489e-03 4.99202204e+00
-4.25517606e-03 4.99193621e+00
-4.28497838e-03 4.99196386e+00
-4.25756024e-03 4.99200773e+00
-4.26828908e-03 4.99196386e+00
-4.25636815e-03 4.99203634e+00
-4.24087094e-03 4.99208164e+00
-4.24802350e-03 4.99187899e+00
-4.26113652e-03 4.99209595e+00
-4.25994443e-03 4.99192667e+00
-4.24444722e-03 4.99199820e+00
-4.25875233e-03 4.99188280e+00
-4.24921559e-03 4.99202919e+00
-4.25040768e-03 4.99196005e+00
-4.25398396e-03 4.99207449e+00
-4.26590489e-03 4.99195910e+00
-4.26590489e-03 4.99202204e+00
-4.26113652e-03 4.99201393e+00
-4.23491048e-03 4.99209118e+00
-4.27424954e-03 4.99193048e+00
-4.26352071e-03 4.99201488e+00
-4.25636815e-03 4.99203396e+00
-4.27186536e-03 4.99209976e+00
-4.24087094e-03 4.99203157e+00
-4.24921559e-03 4.99197817e+00
-4.26232861e-03 4.99192095e+00
-4.27067326e-03 4.99201632e+00
-4.26232861e-03 4.99197340e+00
-4.25636815e-03 4.99187660e+00
-4.25756024e-03 4.99185419e+00
-4.27186536e-03 4.99189234e+00
-4.26709699e-03 4.99186850e+00
-4.24563931e-03 4.99198294e+00
-4.26352071e-03 4.99191856e+00
-4.26352071e-03 4.99187422e+00
-4.26471280e-03 4.99196243e+00
-4.25875233e-03 4.99191856e+00
-4.25994443e-03 4.99200773e+00
-4.24444722e-03 4.99195290e+00
-4.26352071e-03 4.99201870e+00
-4.26113652e-03 4.99195194e+00
-4.24921559e-03 4.99197578e+00
-4.25040768e-03 4.99203062e+00
-4.26948117e-03 4.99189329e+00
-4.26471280e-03 4.99200916e+00
-4.25756024e-03 4.99190760e+00
-4.28021001e-03 4.99200201e+00
-4.25756024e-03 4.99196482e+00
-4.24325513e-03 4.99197197e+00
-4.28140210e-03 4.99185896e+00
-4.25279187e-03 4.99201393e+00
-4.26232861e-03 4.99198055e+00
-4.26948117e-03 4.99190664e+00
-4.24325513e-03 4.99186707e+00
-4.25517606e-03 4.99206495e+00
-4.26352071e-03 4.99196386e+00
-4.24444722e-03 4.99205303e+00
-4.26352071e-03 4.99210215e+00
-4.24683141e-03 4.99196625e+00
-4.25279187e-03 4.99206877e+00
-4.25875233e-03 4.99191380e+00
-4.25756024e-03 4.99210787e+00
-4.25517606e-03 4.99200535e+00
-4.24802350e-03 4.99198294e+00
-4.25040768e-03 4.99206018e+00
-4.26590489e-03 4.99205303e+00
-4.25279187e-03 4.99198627e+00
-4.27663373e-03 4.99194241e+00
-4.25636815e-03 4.99197197e+00
-4.24683141e-03 4.99205446e+00
-4.25994443e-03 4.99197578e+00
-4.24921559e-03 4.99190187e+00
-4.25636815e-03 4.99193621e+00
-4.25875233e-03 4.99198151e+00
-4.26352071e-03 4.99190521e+00
-4.26828908e-03 4.99185038e+00
-4.27067326e-03 4.99200201e+00
-4.26828908e-03 4.99195766e+00
-4.26471280e-03 4.99206161e+00
-4.25517606e-03 4.99194574e+00
-4.25040768e-03 4.99200058e+00
-4.25994443e-03 4.99209595e+00
-4.27424954e-03 4.99193382e+00
-4.26948117e-03 4.99199343e+00
-4.27901791e-03 4.99200296e+00
-4.25040768e-03 4.99195528e+00
-4.26232861e-03 4.99195194e+00
-4.27901791e-03 4.99200535e+00
-4.27067326e-03 4.99200678e+00
-4.26352071e-03 4.99207830e+00
-4.26232861e-03 4.99202442e+00
-4.28021001e-03 4.99201870e+00
-4.25040768e-03 4.99190760e+00
-4.25517606e-03 4.99198532e+00
-4.24921559e-03 4.99201965e+00
-4.26113652e-03 4.99199486e+00
-4.27782582e-03 4.99202919e+00
-4.27305745e-03 4.99191952e+00
-4.27186536e-03 4.99199581e+00
-4.26590489e-03 4.99197817e+00
-4.25040768e-03 4.99200058e+00
-4.24921559e-03 4.99202204e+00
-4.26113652e-03 4.99206495e+00
-4.25994443e-03 4.99193764e+00
-4.25636815e-03 4.99200201e+00
-4.26471280e-03 4.99189329e+00
-4.25636815e-03 4.99193621e+00
-4.26471280e-03 4.99204826e+00
-4.25994443e-03 4.99197817e+00
-4.24683141e-03 4.99188519e+00
-4.25756024e-03 4.99189472e+00
-4.26471280e-03 4.99194098e+00
-4.26232861e-03 4.99206638e+00
-4.27544164e-03 4.99208403e+00
-4.24921559e-03 4.99208164e+00
-4.26709699e-03 4.99203396e+00
-4.25756024e-03 4.99196959e+00
-4.25517606e-03 4.99196243e+00
-4.25159978e-03 4.99196482e+00
-4.25756024e-03 4.99200916e+00
-4.26471280e-03 4.99196482e+00
-4.28736256e-03 4.99185514e+00
-4.23848676e-03 4.99201870e+00
-4.25636815e-03 4.99206257e+00
-4.25994443e-03 4.99197912e+00
-4.27067326e-03 4.99203062e+00
-4.25517606e-03 4.99201393e+00
-4.26590489e-03 4.99196386e+00
-4.23967885e-03 4.99196625e+00
-4.24921559e-03 4.99199343e+00
-4.27186536e-03 4.99197578e+00
-4.26709699e-03 4.99182796e+00
-4.26232861e-03 4.99195051e+00
-4.26113652e-03 4.99203300e+00
-4.25994443e-03 4.99201965e+00
-4.25756024e-03 4.99192810e+00
-4.26471280e-03 4.99195433e+00
-4.26709699e-03 4.99201632e+00
-4.27186536e-03 4.99206972e+00
-4.27186536e-03 4.99199343e+00
-4.26948117e-03 4.99201870e+00
-4.25040768e-03 4.99194717e+00
-4.25994443e-03 4.99201632e+00
-4.26232861e-03 4.99188137e+00
-4.25040768e-03 4.99201632e+00
-4.25875233e-03 4.99198866e+00
-4.23848676e-03 4.99198532e+00
-4.26113652e-03 4.99202585e+00
-4.24325513e-03 4.99211979e+00
-4.26232861e-03 4.99198866e+00
-4.25875233e-03 4.99207115e+00
-4.23491048e-03 4.99203873e+00
-4.27424954e-03 4.99194336e+00
-4.25398396e-03 4.99204588e+00
-4.23610257e-03 4.99185658e+00
-4.25159978e-03 4.99210787e+00
-4.27663373e-03 4.99210548e+00
-4.25279187e-03 4.99189329e+00
-4.27901791e-03 4.99214840e+00
-4.25279187e-03 4.99188614e+00
-4.25994443e-03 4.99189568e+00
-4.24087094e-03 4.99189568e+00
-4.26352071e-03 4.99201488e+00
-4.25994443e-03 4.99211645e+00
-4.25756024e-03 4.99206018e+00
-4.24802350e-03 4.99208546e+00
-4.25994443e-03 4.99188614e+00
-4.24921559e-03 4.99209118e+00
-4.26709699e-03 4.99202681e+00
-4.26828908e-03 4.99195290e+00
-4.24325513e-03 4.99211645e+00
-4.25517606e-03 4.99202824e+00
-4.24921559e-03 4.99191952e+00
-4.27186536e-03 4.99193859e+00
-4.25040768e-03 4.99205542e+00
-4.26113652e-03 4.99195433e+00
-4.25517606e-03 4.99201870e+00
-4.27067326e-03 4.99187899e+00
-4.25994443e-03 4.99196243e+00
-4.25756024e-03 4.99209833e+00
-4.25875233e-03 4.99200058e+00
-4.24444722e-03 4.99198151e+00
-4.23729466e-03 4.99201632e+00
-4.26471280e-03 4.99201012e+00
-4.27305745e-03 4.99197578e+00
-4.27186536e-03 4.99190903e+00
-4.24921559e-03 4.99195766e+00
-4.27067326e-03 4.99200678e+00
-4.25636815e-03 4.99195194e+00
-4.23610257e-03 4.99206972e+00
-4.27782582e-03 4.99192810e+00
-4.25279187e-03 4.99193621e+00
-4.25279187e-03 4.99202824e+00
-4.25756024e-03 4.99205923e+00
-4.24563931e-03 4.99199343e+00
-4.25398396e-03 4.99199486e+00
-4.25994443e-03 4.99198532e+00
-4.22656583e-03 4.99188995e+00
-4.26709699e-03 4.99203634e+00
-4.25398396e-03 4.99188375e+00
-4.26232861e-03 4.99192190e+00
-4.25517606e-03 4.99199724e+00
-4.26113652e-03 4.99202824e+00
-4.25279187e-03 4.99188757e+00
-4.25398396e-03 4.99208784e+00
-4.25994443e-03 4.99211168e+00
-4.25994443e-03 4.99199820e+00
-4.26113652e-03 4.99193525e+00
-4.24802350e-03 4.99180508e+00
-4.25756024e-03 4.99193621e+00
-4.25875233e-03 4.99199009e+00
-4.25040768e-03 4.99193525e+00
-4.25159978e-03 4.99208641e+00
-4.25994443e-03 4.99196482e+00
-4.26709699e-03 4.99201393e+00
-4.24563931e-03 4.99196386e+00
-4.25636815e-03 4.99209023e+00
-4.25636815e-03 4.99189091e+00
-4.25517606e-03 4.99203873e+00
-4.25279187e-03 4.99203634e+00
-4.27186536e-03 4.99200916e+00
-4.27305745e-03 4.99198532e+00
-4.26709699e-03 4.99194717e+00
-4.24921559e-03 4.99194479e+00
-4.26471280e-03 4.99200058e+00
-4.27663373e-03 4.99193525e+00
-4.24444722e-03 4.99200535e+00
-4.26828908e-03 4.99201393e+00
-4.26232861e-03 4.99200439e+00
-4.27305745e-03 4.99186945e+00
-4.27186536e-03 4.99195671e+00
-4.27901791e-03 4.99204350e+00
-4.25636815e-03 4.99208164e+00
-4.26471280e-03 4.99197674e+00
-4.25756024e-03 4.99195671e+00
-4.27186536e-03 4.99212837e+00
-4.25279187e-03 4.99197102e+00
-4.27544164e-03 4.99203062e+00
-4.26709699e-03 4.99204493e+00
-4.24325513e-03 4.99183369e+00
-4.23729466e-03 4.99201250e+00
-4.25517606e-03 4.99190283e+00
-4.27305745e-03 4.99189568e+00
-4.25756024e-03 4.99200439e+00
-4.26948117e-03 4.99200916e+00
-4.25994443e-03 4.99195433e+00
-4.25040768e-03 4.99188042e+00
-4.27067326e-03 4.99190044e+00
-4.25398396e-03 4.99192667e+00
-4.27424954e-03 4.99205446e+00
-4.25040768e-03 4.99200296e+00
-4.25756024e-03 4.99186468e+00
-4.26709699e-03 4.99202919e+00
-4.25636815e-03 4.99188757e+00
-4.25636815e-03 4.99193525e+00
-4.25517606e-03 4.99193621e+00
-4.26232861e-03 4.99198771e+00
-4.27663373e-03 4.99192810e+00
-4.24921559e-03 4.99185419e+00
-4.23848676e-03 4.99190998e+00
-4.25756024e-03 4.99187183e+00
-4.26709699e-03 4.99203634e+00
-4.25398396e-03 4.99201393e+00
-4.25398396e-03 4.99194336e+00
-4.25279187e-03 4.99199009e+00
-4.27186536e-03 4.99205208e+00
-4.26113652e-03 4.99192572e+00
-4.27067326e-03 4.99203634e+00
-4.26471280e-03 4.99192905e+00
-4.25398396e-03 4.99188375e+00
-4.26113652e-03 4.99192095e+00
-4.25159978e-03 4.99204826e+00
-4.24563931e-03 4.99200296e+00
-4.27901791e-03 4.99210787e+00
-4.26828908e-03 4.99200201e+00
-4.26232861e-03 4.99202824e+00
-4.26471280e-03 4.99192905e+00
-4.25875233e-03 4.99194574e+00
-4.25756024e-03 4.99190044e+00
-4.25994443e-03 4.99201870e+00
-4.25636815e-03 4.99191236e+00
-4.26232861e-03 4.99192905e+00
-4.26590489e-03 4.99190664e+00
-4.24444722e-03 4.99199486e+00
-4.24444722e-03 4.99189949e+00
-4.25517606e-03 4.99196625e+00
-4.26590489e-03 4.99207354e+00
-4.25279187e-03 4.99193859e+00
-4.24802350e-03 4.99200773e+00
-4.25517606e-03 4.99192429e+00
-4.23967885e-03 4.99205208e+00
-4.25040768e-03 4.99190426e+00
-4.26709699e-03 4.99202108e+00
-4.24802350e-03 4.99197340e+00
-4.24683141e-03 4.99198866e+00
-4.25159978e-03 4.99198771e+00
-4.27067326e-03 4.99191856e+00
-4.27067326e-03 4.99194479e+00
-4.24563931e-03 4.99201488e+00
-4.26352071e-03 4.99198294e+00
-4.26471280e-03 4.99204493e+00
-4.26471280e-03 4.99190664e+00
-4.26590489e-03 4.99206877e+00
-4.26590489e-03 4.99207687e+00
-4.24444722e-03 4.99206877e+00
-4.26709699e-03 4.99200058e+00
-4.26232861e-03 4.99202919e+00
-4.25756024e-03 4.99201250e+00
-4.26352071e-03 4.99197197e+00
-4.25040768e-03 4.99197674e+00
-4.25636815e-03 4.99194098e+00
-4.27067326e-03 4.99176836e+00
-4.24683141e-03 4.99210310e+00
-4.25756024e-03 4.99198389e+00
-4.26113652e-03 4.99189329e+00
-4.25159978e-03 4.99197197e+00
-4.25517606e-03 4.99197912e+00
-4.25398396e-03 4.99199820e+00
-4.25159978e-03 4.99200773e+00
-4.25517606e-03 4.99205923e+00
-4.25398396e-03 4.99189568e+00
-4.25517606e-03 4.99195433e+00
-4.25040768e-03 4.99197102e+00
-4.27186536e-03 4.99199581e+00
-4.26471280e-03 4.99204826e+00
-4.25279187e-03 4.99206877e+00
-4.25994443e-03 4.99192667e+00
-4.26828908e-03 4.99205542e+00
-4.27544164e-03 4.99192333e+00
-4.24563931e-03 4.99203634e+00
-4.26709699e-03 4.99208069e+00
-4.25517606e-03 4.99203157e+00
-4.26471280e-03 4.99199104e+00
-4.25875233e-03 4.99204493e+00
-4.27424954e-03 4.99202919e+00
-4.26590489e-03 4.99195528e+00
-4.25398396e-03 4.99194956e+00
-4.28021001e-03 4.99203157e+00
-4.25040768e-03 4.99211264e+00
-4.26471280e-03 4.99189806e+00
-4.25756024e-03 4.99202585e+00
-4.25159978e-03 4.99196625e+00
-4.25159978e-03 4.99212837e+00
-4.26948117e-03 4.99204016e+00
-4.26113652e-03 4.99186850e+00
-4.27186536e-03 4.99212933e+00
-4.26352071e-03 4.99190998e+00
-4.25875233e-03 4.99202347e+00
-4.25875233e-03 4.99198771e+00
-4.24325513e-03 4.99209118e+00
-4.25517606e-03 4.99198055e+00
-4.25636815e-03 4.99192095e+00
-4.26352071e-03 4.99201488e+00
-4.25636815e-03 4.99198294e+00
-4.26113652e-03 4.99205542e+00
-4.25517606e-03 4.99190903e+00
-4.26352071e-03 4.99186945e+00
-4.26232861e-03 4.99196243e+00
-4.23967885e-03 4.99204731e+00
-4.27186536e-03 4.99199486e+00
-4.25636815e-03 4.99192810e+00
-4.24206303e-03 4.99201488e+00
-4.24921559e-03 4.99213648e+00
-4.25279187e-03 4.99210548e+00
-4.25875233e-03 4.99205303e+00
-4.25636815e-03 4.99210310e+00
-4.25756024e-03 4.99190760e+00
-4.25517606e-03 4.99201870e+00
-4.25159978e-03 4.99202204e+00
-4.28021001e-03 4.99221039e+00
-4.25279187e-03 4.99184084e+00
-4.25756024e-03 4.99199820e+00
-4.25636815e-03 4.99201250e+00
-4.25875233e-03 4.99197578e+00
-4.27544164e-03 4.99197102e+00
-4.25279187e-03 4.99209023e+00
-4.23848676e-03 4.99196243e+00
-4.26113652e-03 4.99201250e+00
-4.24206303e-03 4.99217367e+00
-4.25756024e-03 4.99191141e+00
-4.26232861e-03 4.99206400e+00
-4.27067326e-03 4.99202442e+00
-4.26352071e-03 4.99198532e+00
-4.26948117e-03 4.99197912e+00
-4.24683141e-03 4.99202347e+00
-4.26471280e-03 4.99191618e+00
-4.24206303e-03 4.99202204e+00
-4.26352071e-03 4.99203300e+00
-4.26352071e-03 4.99195766e+00
-4.26948117e-03 4.99205542e+00
-4.25875233e-03 4.99204254e+00
-4.25279187e-03 4.99198866e+00
-4.26113652e-03 4.99194336e+00
-4.25994443e-03 4.99200296e+00
-4.25994443e-03 4.99190521e+00
-4.25279187e-03 4.99192190e+00
-4.26352071e-03 4.99190044e+00
-4.25040768e-03 4.99193525e+00
-4.27424954e-03 4.99194336e+00
-4.26352071e-03 4.99206638e+00
-4.26113652e-03 4.99183750e+00
-4.25279187e-03 4.99210072e+00
-4.25994443e-03 4.99198294e+00
-4.26352071e-03 4.99204969e+00
-4.24206303e-03 4.99198627e+00
-4.25517606e-03 4.99195671e+00
-4.25398396e-03 4.99205685e+00
-4.26828908e-03 4.99205685e+00
-4.26948117e-03 4.99199820e+00
-4.25875233e-03 4.99198389e+00
-4.27067326e-03 4.99201727e+00
-4.25159978e-03 4.99215794e+00
-4.25875233e-03 4.99209499e+00
-4.26471280e-03 4.99204350e+00
-4.24206303e-03 4.99202585e+00
-4.27186536e-03 4.99198627e+00
-4.27424954e-03 4.99199104e+00
-4.27067326e-03 4.99197817e+00
-4.25756024e-03 4.99196959e+00
-4.25159978e-03 4.99187660e+00
-4.24563931e-03 4.99195910e+00
-4.24802350e-03 4.99182320e+00
-4.25040768e-03 4.99201488e+00
-4.24563931e-03 4.99192190e+00
-4.24444722e-03 4.99205542e+00
-4.28140210e-03 4.99200773e+00
-4.26471280e-03 4.99194574e+00
-4.25875233e-03 4.99207830e+00
-4.26948117e-03 4.99200916e+00
-4.25398396e-03 4.99207592e+00
-4.26948117e-03 4.99205065e+00
-4.25279187e-03 4.99203634e+00
-4.24206303e-03 4.99211264e+00
-4.25875233e-03 4.99204588e+00
-4.26471280e-03 4.99182892e+00
-4.26948117e-03 4.99191952e+00
-4.26352071e-03 4.99195910e+00
-4.26471280e-03 4.99192667e+00
-4.25279187e-03 4.99200535e+00
-4.26590489e-03 4.99191618e+00
-4.26948117e-03 4.99194717e+00
-4.24087094e-03 4.99198866e+00
-4.26471280e-03 4.99186707e+00
-4.26232861e-03 4.99195290e+00
-4.26232861e-03 4.99193525e+00
-4.26709699e-03 4.99204969e+00
-4.27782582e-03 4.99202919e+00
-4.26113652e-03 4.99211025e+00
-4.24802350e-03 4.99202347e+00
-4.25994443e-03 4.99202347e+00
-4.25159978e-03 4.99209356e+00
-4.27067326e-03 4.99197912e+00
-4.26471280e-03 4.99197340e+00
-4.25398396e-03 4.99201250e+00
-4.26709699e-03 4.99194098e+00
-4.24802350e-03 4.99192429e+00
-4.25994443e-03 4.99198532e+00
-4.25517606e-03 4.99198866e+00
-4.26352071e-03 4.99191475e+00
-4.25994443e-03 4.99187422e+00
-4.24444722e-03 4.99193287e+00
-4.25994443e-03 4.99193144e+00
-4.25517606e-03 4.99199486e+00
-4.24802350e-03 4.99206734e+00
-4.25756024e-03 4.99195433e+00
-4.24921559e-03 4.99197340e+00
-4.25279187e-03 4.99197435e+00
-4.25040768e-03 4.99214745e+00
-4.26232861e-03 4.99217224e+00
-4.25994443e-03 4.99197578e+00
-4.28140210e-03 4.99203157e+00
-4.24563931e-03 4.99211025e+00
-4.26352071e-03 4.99194717e+00
-4.25159978e-03 4.99195433e+00
-4.26232861e-03 4.99202108e+00
-4.25040768e-03 4.99199343e+00
-4.25636815e-03 4.99187183e+00
-4.25159978e-03 4.99200916e+00
-4.25875233e-03 4.99207926e+00
-4.26232861e-03 4.99198389e+00
-4.26352071e-03 4.99196243e+00
-4.25994443e-03 4.99201012e+00
-4.27305745e-03 4.99205303e+00
-4.26113652e-03 4.99204826e+00
-4.27305745e-03 4.99205542e+00
-4.26709699e-03 4.99201965e+00
-4.26352071e-03 4.99198389e+00
-4.27186536e-03 4.99188137e+00
-4.24563931e-03 4.99194336e+00
-4.26352071e-03 4.99199963e+00
-4.25994443e-03 4.99194813e+00
-4.24444722e-03 4.99206161e+00
-4.25398396e-03 4.99209833e+00
-4.25517606e-03 4.99192905e+00
-4.26352071e-03 4.99200535e+00
-4.26352071e-03 4.99199820e+00
-4.25398396e-03 4.99197912e+00
-4.26828908e-03 4.99200773e+00
-4.25875233e-03 4.99198532e+00
-4.26352071e-03 4.99204016e+00
-4.26709699e-03 4.99185658e+00
-4.26352071e-03 4.99206161e+00
-4.24325513e-03 4.99186230e+00
-4.25398396e-03 4.99212837e+00
-4.27186536e-03 4.99204254e+00
-4.24921559e-03 4.99203157e+00
-4.24444722e-03 4.99193621e+00
-4.25517606e-03 4.99208307e+00
-4.24444722e-03 4.99193764e+00
-4.25994443e-03 4.99211979e+00
-4.27067326e-03 4.99192810e+00
-4.26709699e-03 4.99209976e+00
-4.25040768e-03 4.99201393e+00
-4.26828908e-03 4.99220562e+00
-4.24683141e-03 4.99184799e+00
-4.26471280e-03 4.99194956e+00
-4.25994443e-03 4.99190521e+00
-4.25994443e-03 4.99190283e+00
-4.25040768e-03 4.99187326e+00
-4.26113652e-03 4.99196243e+00
-4.24683141e-03 4.99204969e+00
-4.24802350e-03 4.99201250e+00
-4.25040768e-03 4.99198532e+00
-4.25875233e-03 4.99191618e+00
-4.24206303e-03 4.99195671e+00
-4.25279187e-03 4.99198771e+00
-4.27305745e-03 4.99205446e+00
-4.26113652e-03 4.99195528e+00
-4.25398396e-03 4.99179697e+00
-4.25398396e-03 4.99183750e+00
-4.25159978e-03 4.99208641e+00
-4.27424954e-03 4.99193382e+00
-4.25875233e-03 4.99193764e+00
-4.24683141e-03 4.99194336e+00
-4.22775792e-03 4.99204493e+00
-4.25159978e-03 4.99192095e+00
-4.26352071e-03 4.99194956e+00
-4.25875233e-03 4.99195766e+00
-4.25040768e-03 4.99202442e+00
-4.25398396e-03 4.99200058e+00
-4.26352071e-03 4.99202108e+00
-4.26352071e-03 4.99194956e+00
-4.26471280e-03 4.99186707e+00
-4.26471280e-03 4.99192333e+00
-4.25398396e-03 4.99203539e+00
-4.25636815e-03 4.99193859e+00
-4.25517606e-03 4.99196720e+00
-4.23967885e-03 4.99189091e+00
-4.24921559e-03 4.99191713e+00
-4.26232861e-03 4.99192667e+00
-4.24921559e-03 4.99195766e+00
-4.26471280e-03 4.99185276e+00
-4.24325513e-03 4.99203777e+00
-4.25040768e-03 4.99209833e+00
-4.25875233e-03 4.99194336e+00
-4.26352071e-03 4.99195766e+00
-4.28855466e-03 4.99189711e+00
-4.27424954e-03 4.99202681e+00
-4.25159978e-03 4.99192333e+00
-4.25159978e-03 4.99201488e+00
-4.27305745e-03 4.99191952e+00
-4.26948117e-03 4.99197578e+00
-4.24921559e-03 4.99184084e+00
-4.26471280e-03 4.99204969e+00
-4.25279187e-03 4.99198771e+00
-4.25636815e-03 4.99192429e+00
-4.26948117e-03 4.99194813e+00
-4.26471280e-03 4.99206018e+00
-4.25875233e-03 4.99204016e+00
-4.26352071e-03 4.99200773e+00
-4.25994443e-03 4.99211645e+00
-4.26590489e-03 4.99196386e+00
-4.24921559e-03 4.99199104e+00
-4.25756024e-03 4.99186468e+00
-4.24563931e-03 4.99187899e+00
-4.24802350e-03 4.99186945e+00
-4.24683141e-03 4.99198866e+00
-4.26352071e-03 4.99199009e+00
-4.25040768e-03 4.99183989e+00
-4.24921559e-03 4.99194098e+00
-4.27186536e-03 4.99192095e+00
-4.24683141e-03 4.99202442e+00
-4.25040768e-03 4.99194336e+00
-4.25398396e-03 4.99198294e+00
-4.26709699e-03 4.99203634e+00
-4.27186536e-03 4.99201155e+00
-4.26352071e-03 4.99195766e+00
-4.25040768e-03 4.99191618e+00
-4.26232861e-03 4.99189949e+00
-4.26113652e-03 4.99185896e+00
-4.25279187e-03 4.99197817e+00
-4.23848676e-03 4.99196386e+00
-4.25159978e-03 4.99201632e+00
-4.24206303e-03 4.99189568e+00
-4.25279187e-03 4.99186373e+00
-4.25398396e-03 4.99205446e+00
-4.26232861e-03 4.99188280e+00
-4.26232861e-03 4.99206257e+00
-4.26471280e-03 4.99209499e+00
-4.25040768e-03 4.99206972e+00
-4.25636815e-03 4.99195671e+00
-4.25398396e-03 4.99198532e+00
-4.26828908e-03 4.99206018e+00
-4.24683141e-03 4.99192572e+00
-4.26113652e-03 4.99199343e+00
-4.25279187e-03 4.99208641e+00
-4.25159978e-03 4.99198055e+00
-4.27186536e-03 4.99205065e+00
-4.25636815e-03 4.99195290e+00
-4.27424954e-03 4.99198151e+00
-4.25875233e-03 4.99196482e+00
-4.25756024e-03 4.99197435e+00
-4.27305745e-03 4.99200201e+00
-4.24087094e-03 4.99196482e+00
-4.25636815e-03 4.99187899e+00
-4.27067326e-03 4.99193048e+00
-4.25636815e-03 4.99195766e+00
-4.26352071e-03 4.99198771e+00
-4.26828908e-03 4.99196482e+00
-4.25159978e-03 4.99206018e+00
-4.25756024e-03 4.99208069e+00
-4.24444722e-03 4.99202681e+00
-4.25040768e-03 4.99199247e+00
-4.26113652e-03 4.99198151e+00
-4.24802350e-03 4.99192572e+00
-4.26352071e-03 4.99191713e+00
-4.25159978e-03 4.99202108e+00
-4.26471280e-03 4.99203062e+00
-4.27424954e-03 4.99200773e+00
-4.25875233e-03 4.99193859e+00
-4.25398396e-03 4.99189234e+00
-4.25994443e-03 4.99193621e+00
-4.25398396e-03 4.99211645e+00
-4.24802350e-03 4.99203777e+00
-4.26590489e-03 4.99199581e+00
-4.25636815e-03 4.99197912e+00
-4.27305745e-03 4.99209118e+00
-4.24802350e-03 4.99206257e+00
-4.26948117e-03 4.99202824e+00
-4.27186536e-03 4.99209738e+00
-4.25040768e-03 4.99198771e+00
-4.25875233e-03 4.99200058e+00
-4.23848676e-03 4.99203062e+00
-4.24563931e-03 4.99211884e+00
-4.24444722e-03 4.99206734e+00
-4.25994443e-03 4.99201870e+00
-4.25398396e-03 4.99202442e+00
-4.25040768e-03 4.99198151e+00
-4.27305745e-03 4.99196148e+00
-4.27305745e-03 4.99206877e+00
-4.26232861e-03 4.99190044e+00
-4.27663373e-03 4.99207926e+00
-4.26352071e-03 4.99208069e+00
-4.23729466e-03 4.99211740e+00
-4.25756024e-03 4.99214745e+00
-4.25636815e-03 4.99207354e+00
-4.26471280e-03 4.99212694e+00
-4.25994443e-03 4.99198532e+00
-4.25279187e-03 4.99203634e+00
-4.25398396e-03 4.99188995e+00
-4.26709699e-03 4.99207211e+00
-4.25279187e-03 4.99209023e+00
-4.26709699e-03 4.99198055e+00
-4.26471280e-03 4.99195290e+00
-4.25040768e-03 4.99210215e+00
-4.24921559e-03 4.99200296e+00
-4.26590489e-03 4.99198151e+00
-4.26590489e-03 4.99216890e+00
-4.26948117e-03 4.99207830e+00
-4.25756024e-03 4.99197578e+00
-4.26948117e-03 4.99198771e+00
-4.28021001e-03 4.99195290e+00
-4.25279187e-03 4.99197340e+00
-4.23610257e-03 4.99199104e+00
-4.26709699e-03 4.99197435e+00
-4.28021001e-03 4.99216747e+00
-4.23371838e-03 4.99196243e+00
-4.26948117e-03 4.99205780e+00
-4.24683141e-03 4.99214125e+00
-4.27663373e-03 4.99208403e+00
-4.25279187e-03 4.99213171e+00
-4.25636815e-03 4.99194002e+00
-4.26828908e-03 4.99209023e+00
-4.25159978e-03 4.99195671e+00
-4.27186536e-03 4.99192190e+00
-4.24444722e-03 4.99203396e+00
-4.25517606e-03 4.99210310e+00
-4.25875233e-03 4.99191475e+00
-4.26590489e-03 4.99201393e+00
-4.25517606e-03 4.99186373e+00
-4.24087094e-03 4.99193764e+00
-4.26113652e-03 4.99216509e+00
-4.26948117e-03 4.99207211e+00
-4.26352071e-03 4.99210691e+00
-4.25756024e-03 4.99207830e+00
-4.24563931e-03 4.99204254e+00
-4.25159978e-03 4.99212456e+00
-4.26232861e-03 4.99205303e+00
-4.25756024e-03 4.99209499e+00
-4.25279187e-03 4.99205208e+00
-4.25756024e-03 4.99201250e+00
-4.26232861e-03 4.99195433e+00
-4.26113652e-03 4.99198771e+00
-4.25756024e-03 4.99202681e+00
-4.25636815e-03 4.99202204e+00
-4.26232861e-03 4.99204016e+00
-4.24444722e-03 4.99206972e+00
-4.25994443e-03 4.99200201e+00
-4.25636815e-03 4.99197435e+00
-4.26113652e-03 4.99198294e+00
-4.24563931e-03 4.99196720e+00
-4.25040768e-03 4.99197674e+00
-4.26352071e-03 4.99215317e+00
-4.26471280e-03 4.99201632e+00
-4.27067326e-03 4.99211264e+00
-4.26232861e-03 4.99198627e+00
-4.26352071e-03 4.99190283e+00
-4.23729466e-03 4.99196386e+00
-4.26948117e-03 4.99206734e+00
-4.26471280e-03 4.99203396e+00
-4.25875233e-03 4.99202108e+00
-4.27424954e-03 4.99215794e+00
-4.24563931e-03 4.99195671e+00
-4.25875233e-03 4.99192429e+00
-4.24802350e-03 4.99203157e+00
-4.28140210e-03 4.99200916e+00
-4.26590489e-03 4.99209023e+00
-4.26471280e-03 4.99197340e+00
-4.27186536e-03 4.99205780e+00
-4.24802350e-03 4.99204588e+00
-4.25040768e-03 4.99209118e+00
-4.26113652e-03 4.99197435e+00
-4.26828908e-03 4.99220467e+00
-4.25517606e-03 4.99199724e+00
-4.24683141e-03 4.99205923e+00
-4.26828908e-03 4.99206495e+00
-4.25040768e-03 4.99219370e+00
-4.23729466e-03 4.99198389e+00
-4.27663373e-03 4.99198771e+00
-4.24802350e-03 4.99194717e+00
-4.27901791e-03 4.99202824e+00
-4.27901791e-03 4.99195528e+00
-4.25756024e-03 4.99203062e+00
-4.26828908e-03 4.99199247e+00
-4.23252629e-03 4.99200678e+00
-4.26948117e-03 4.99204111e+00
-4.24087094e-03 4.99203634e+00
-4.24683141e-03 4.99210310e+00
-4.23967885e-03 4.99202442e+00
-4.27186536e-03 4.99211884e+00
-4.26232861e-03 4.99203062e+00
-4.26948117e-03 4.99198151e+00
-4.26709699e-03 4.99198532e+00
-4.26352071e-03 4.99209118e+00
-4.26113652e-03 4.99203539e+00
-4.26352071e-03 4.99197340e+00
-4.25875233e-03 4.99210453e+00
-4.23610257e-03 4.99211168e+00
-4.25040768e-03 4.99208307e+00
-4.24325513e-03 4.99211264e+00
-4.26828908e-03 4.99209976e+00
-4.27186536e-03 4.99194717e+00
-4.27544164e-03 4.99199486e+00
-4.25517606e-03 4.99198532e+00
-4.26232861e-03 4.99197912e+00
-4.25875233e-03 4.99197197e+00
-4.26471280e-03 4.99188519e+00
-4.24921559e-03 4.99190903e+00
-4.26948117e-03 4.99198151e+00
-4.25636815e-03 4.99189949e+00
-4.24325513e-03 4.99216175e+00
-4.24563931e-03 4.99197912e+00
-4.24683141e-03 4.99191475e+00
-4.26352071e-03 4.99207687e+00
-4.25159978e-03 4.99206018e+00
-4.26471280e-03 4.99206972e+00
-4.25398396e-03 4.99206972e+00
-4.25398396e-03 4.99207687e+00
-4.27067326e-03 4.99204588e+00
-4.24802350e-03 4.99210310e+00
-4.25636815e-03 4.99208546e+00
-4.26232861e-03 4.99189091e+00
-4.25756024e-03 4.99208069e+00
-4.26590489e-03 4.99205208e+00
-4.24802350e-03 4.99205065e+00
-4.26709699e-03 4.99196243e+00
-4.25517606e-03 4.99208546e+00
-4.25756024e-03 4.99206400e+00
-4.25398396e-03 4.99190760e+00
-4.26590489e-03 4.99207830e+00
-4.24325513e-03 4.99186707e+00
-4.26232861e-03 4.99197197e+00
-4.25994443e-03 4.99201965e+00
-4.29570721e-03 4.99200535e+00
-4.25279187e-03 4.99192095e+00
-4.26471280e-03 4.99194098e+00
-4.25398396e-03 4.99199009e+00
-4.26709699e-03 4.99190283e+00
-4.24921559e-03 4.99217701e+00
-4.24563931e-03 4.99196148e+00
-4.25279187e-03 4.99193048e+00
-4.25994443e-03 4.99212217e+00
-4.25398396e-03 4.99190187e+00
-4.23729466e-03 4.99198866e+00
-4.26471280e-03 4.99193048e+00
-4.28974675e-03 4.99201870e+00
-4.24683141e-03 4.99200773e+00
-4.24802350e-03 4.99198055e+00
-4.26232861e-03 4.99204254e+00
-4.25159978e-03 4.99201965e+00
-4.24087094e-03 4.99209738e+00
-4.25279187e-03 4.99204111e+00
-4.25636815e-03 4.99202919e+00
-4.26590489e-03 4.99191713e+00
-4.24325513e-03 4.99202442e+00
-4.26352071e-03 4.99198389e+00
-4.26232861e-03 4.99206161e+00
-4.25636815e-03 4.99201727e+00
-4.26113652e-03 4.99201155e+00
-4.26352071e-03 4.99195051e+00
-4.26352071e-03 4.99190426e+00
-4.24444722e-03 4.99200535e+00
-4.25994443e-03 4.99210787e+00
-4.26471280e-03 4.99197674e+00
-4.25636815e-03 4.99196005e+00
-4.24444722e-03 4.99207449e+00
-4.25994443e-03 4.99198389e+00
-4.24563931e-03 4.99202919e+00
-4.26471280e-03 4.99195528e+00
-4.24206303e-03 4.99196863e+00
-4.26352071e-03 4.99193859e+00
-4.23848676e-03 4.99196482e+00
-4.23848676e-03 4.99200535e+00
-4.24921559e-03 4.99209023e+00
-4.26113652e-03 4.99202204e+00
-4.25994443e-03 4.99215698e+00
-4.24325513e-03 4.99204731e+00
-4.25875233e-03 4.99198389e+00
-4.25994443e-03 4.99199104e+00
-4.25994443e-03 4.99197197e+00
-4.24325513e-03 4.99193859e+00
-4.26232861e-03 4.99199724e+00
-4.27424954e-03 4.99199104e+00
-4.24444722e-03 4.99194574e+00
-4.23371838e-03 4.99203062e+00
-4.25279187e-03 4.99200916e+00
-4.26113652e-03 4.99196863e+00
-4.25279187e-03 4.99194813e+00
-4.23729466e-03 4.99196482e+00
-4.23729466e-03 4.99206018e+00
-4.24563931e-03 4.99186134e+00
-4.24325513e-03 4.99192810e+00
-4.25279187e-03 4.99200058e+00
-4.27186536e-03 4.99195290e+00
-4.26113652e-03 4.99206161e+00
-4.25756024e-03 4.99212456e+00
-4.25756024e-03 4.99194336e+00
-4.26471280e-03 4.99193859e+00
-4.24444722e-03 4.99192333e+00
-4.26828908e-03 4.99193764e+00
-4.24206303e-03 4.99196720e+00
-4.24683141e-03 4.99186850e+00
-4.24921559e-03 4.99200296e+00
-4.25517606e-03 4.99206877e+00
-4.25398396e-03 4.99197102e+00
-4.23967885e-03 4.99202347e+00
-4.24921559e-03 4.99181128e+00
-4.25756024e-03 4.99194956e+00
-4.27424954e-03 4.99199581e+00
-4.26232861e-03 4.99193764e+00
-4.24921559e-03 4.99196863e+00
-4.25756024e-03 4.99193525e+00
-4.26232861e-03 4.99182796e+00
-4.25994443e-03 4.99210215e+00
-4.27901791e-03 4.99201012e+00
-4.24683141e-03 4.99186373e+00
-4.25398396e-03 4.99187803e+00
-4.25636815e-03 4.99192190e+00
-4.27782582e-03 4.99188757e+00
-4.25517606e-03 4.99186373e+00
-4.25517606e-03 4.99196243e+00
-4.25636815e-03 4.99202442e+00
-4.25279187e-03 4.99180984e+00
-4.26828908e-03 4.99190903e+00
-4.27544164e-03 4.99202204e+00
-4.24444722e-03 4.99188614e+00
-4.25040768e-03 4.99203300e+00
-4.24563931e-03 4.99190760e+00
-4.28021001e-03 4.99184084e+00
-4.27067326e-03 4.99202585e+00
-4.27186536e-03 4.99188519e+00
-4.25279187e-03 4.99187326e+00
-4.25636815e-03 4.99188757e+00
-4.24206303e-03 4.99185753e+00
-4.26828908e-03 4.99197340e+00
-4.24325513e-03 4.99186468e+00
-4.24802350e-03 4.99185419e+00
-4.25398396e-03 4.99194956e+00
-4.24325513e-03 4.99185276e+00
-4.25398396e-03 4.99197340e+00
-4.25398396e-03 4.99207449e+00
-4.26232861e-03 4.99196005e+00
-4.24802350e-03 4.99194717e+00
-4.25517606e-03 4.99196959e+00
-4.26471280e-03 4.99183273e+00
-4.25756024e-03 4.99188280e+00
-4.27424954e-03 4.99192429e+00
-4.25636815e-03 4.99194717e+00
-4.26590489e-03 4.99184561e+00
-4.26232861e-03 4.99178982e+00
-4.23014211e-03 4.99192810e+00
-4.26232861e-03 4.99186707e+00
-4.24802350e-03 4.99202919e+00
-4.25875233e-03 4.99195290e+00
-4.27901791e-03 4.99189568e+00
-4.26590489e-03 4.99190187e+00
-4.25159978e-03 4.99185276e+00
-4.25756024e-03 4.99186373e+00
-4.25636815e-03 4.99182320e+00
-4.26828908e-03 4.99188375e+00
-4.27305745e-03 4.99183989e+00
-4.26590489e-03 4.99190426e+00
-4.28497838e-03 4.99191475e+00
-4.23848676e-03 4.99199343e+00
-4.24921559e-03 4.99182653e+00
-4.27186536e-03 4.99204969e+00
-4.27782582e-03 4.99186945e+00
-4.25159978e-03 4.99197817e+00
-4.27663373e-03 4.99187088e+00
-4.25636815e-03 4.99188280e+00
-4.23967885e-03 4.99197674e+00
-4.24325513e-03 4.99200201e+00
-4.24325513e-03 4.99198771e+00
-4.25994443e-03 4.99192333e+00
-4.26948117e-03 4.99197340e+00
-4.25279187e-03 4.99205303e+00
-4.25875233e-03 4.99185991e+00
-4.25398396e-03 4.99204350e+00
-4.23967885e-03 4.99182892e+00
-4.27424954e-03 4.99199820e+00
-4.26232861e-03 4.99189234e+00
-4.26709699e-03 4.99197197e+00
-4.27901791e-03 4.99178362e+00
-4.26709699e-03 4.99179935e+00
-4.26113652e-03 4.99181461e+00
-4.26232861e-03 4.99208307e+00
-4.24087094e-03 4.99193382e+00
-4.25517606e-03 4.99195671e+00
-4.25875233e-03 4.99177551e+00
-4.24802350e-03 4.99192810e+00
-4.26471280e-03 4.99189949e+00
-4.25636815e-03 4.99189949e+00
-4.25279187e-03 4.99186850e+00
-4.24802350e-03 4.99180651e+00
-4.27186536e-03 4.99190760e+00
-4.25279187e-03 4.99195528e+00
-4.26590489e-03 4.99199724e+00
-4.25398396e-03 4.99191618e+00
-4.26471280e-03 4.99197674e+00
-4.27424954e-03 4.99191618e+00
-4.27544164e-03 4.99205542e+00
-4.24444722e-03 4.99189091e+00
-4.26709699e-03 4.99188519e+00
-4.27186536e-03 4.99198055e+00
-4.24444722e-03 4.99184704e+00
-4.26113652e-03 4.99194098e+00
-4.26590489e-03 4.99193287e+00
-4.26113652e-03 4.99192810e+00
-4.23967885e-03 4.99186850e+00
-4.25398396e-03 4.99187565e+00
-4.27901791e-03 4.99192810e+00
-4.25040768e-03 4.99184084e+00
-4.23371838e-03 4.99195910e+00
-4.23610257e-03 4.99200773e+00
-4.26590489e-03 4.99181700e+00
-4.23729466e-03 4.99191475e+00
-4.25756024e-03 4.99184561e+00
-4.25398396e-03 4.99191475e+00
-4.27067326e-03 4.99197435e+00
-4.27544164e-03 4.99190760e+00
-4.23967885e-03 4.99184465e+00
-4.25636815e-03 4.99198532e+00
-4.25756024e-03 4.99201727e+00
-4.25517606e-03 4.99194813e+00
-4.25398396e-03 4.99189234e+00
-4.24444722e-03 4.99190760e+00
-4.26471280e-03 4.99202347e+00
-4.24563931e-03 4.99185038e+00
-4.25517606e-03 4.99192572e+00
-4.24921559e-03 4.99195194e+00
-4.24563931e-03 4.99178362e+00
-4.26232861e-03 4.99189329e+00
-4.25756024e-03 4.99201727e+00
-4.25636815e-03 4.99200916e+00
-4.27424954e-03 4.99185514e+00
-4.24683141e-03 4.99188042e+00
-4.24325513e-03 4.99201155e+00
-4.26113652e-03 4.99194241e+00
-4.26948117e-03 4.99196482e+00
-4.26590489e-03 4.99190283e+00
-4.26709699e-03 4.99201965e+00
-4.25636815e-03 4.99186134e+00
-4.26948117e-03 4.99199247e+00
-4.24087094e-03 4.99198294e+00
-4.26828908e-03 4.99200058e+00
-4.25875233e-03 4.99187326e+00
-4.26590489e-03 4.99196005e+00
-4.25636815e-03 4.99190664e+00
-4.24802350e-03 4.99208307e+00
-4.25875233e-03 4.99204588e+00
-4.24325513e-03 4.99184084e+00
-4.25279187e-03 4.99206161e+00
-4.25994443e-03 4.99194956e+00
-4.26709699e-03 4.99201012e+00
-4.25875233e-03 4.99193621e+00
-4.25756024e-03 4.99197435e+00
-4.26113652e-03 4.99184799e+00
-4.23848676e-03 4.99193764e+00
-4.25994443e-03 4.99195910e+00
-4.24325513e-03 4.99196959e+00
-4.26948117e-03 4.99199724e+00
-4.26113652e-03 4.99204588e+00
-4.25159978e-03 4.99191236e+00
-4.25756024e-03 4.99192572e+00
-4.26709699e-03 4.99193859e+00
-4.25994443e-03 4.99193525e+00
-4.26948117e-03 4.99211979e+00
-4.26113652e-03 4.99182796e+00
-4.24683141e-03 4.99190187e+00
-4.25159978e-03 4.99199963e+00
-4.25636815e-03 4.99200773e+00
-4.24444722e-03 4.99189568e+00
-4.25994443e-03 4.99203157e+00
-4.25040768e-03 4.99183369e+00
-4.27067326e-03 4.99183130e+00
-4.24802350e-03 4.99190426e+00
-4.25398396e-03 4.99186468e+00
-4.23491048e-03 4.99193859e+00
-4.25398396e-03 4.99199581e+00
-4.26709699e-03 4.99192333e+00
-4.25279187e-03 4.99194098e+00
-4.25040768e-03 4.99192429e+00
-4.25517606e-03 4.99190998e+00
-4.25517606e-03 4.99181843e+00
-4.27782582e-03 4.99186850e+00
-4.27305745e-03 4.99180984e+00
-4.24206303e-03 4.99187088e+00
-4.24802350e-03 4.99194098e+00
-4.25875233e-03 4.99181938e+00
-4.26113652e-03 4.99181128e+00
-4.26828908e-03 4.99197340e+00
-4.25398396e-03 4.99199009e+00
-4.26113652e-03 4.99187899e+00
-4.25994443e-03 4.99185419e+00
-4.26113652e-03 4.99182177e+00
-4.27782582e-03 4.99183750e+00
-4.26352071e-03 4.99195910e+00
-4.26828908e-03 4.99184465e+00
-4.26113652e-03 4.99190044e+00
-4.25636815e-03 4.99189568e+00
-4.25756024e-03 4.99202108e+00
-4.24802350e-03 4.99177074e+00
-4.26352071e-03 4.99187326e+00
-4.25636815e-03 4.99185181e+00
-4.25398396e-03 4.99185753e+00
-4.26232861e-03 4.99188757e+00
-4.26352071e-03 4.99178123e+00
-4.27067326e-03 4.99186230e+00
-4.26471280e-03 4.99194241e+00
-4.25756024e-03 4.99184227e+00
-4.26113652e-03 4.99201870e+00
-4.25994443e-03 4.99182796e+00
-4.25517606e-03 4.99203300e+00
-4.25279187e-03 4.99204254e+00
-4.25875233e-03 4.99197912e+00
-4.24921559e-03 4.99194241e+00
-4.26113652e-03 4.99204016e+00
-4.24683141e-03 4.99189472e+00
-4.23610257e-03 4.99180651e+00
-4.26113652e-03 4.99185753e+00
-4.25994443e-03 4.99191618e+00
-4.27067326e-03 4.99195194e+00
-4.28021001e-03 4.99185753e+00
-4.26948117e-03 4.99181128e+00
-4.25756024e-03 4.99176216e+00
-4.23967885e-03 4.99190998e+00
-4.26471280e-03 4.99195290e+00
-4.27424954e-03 4.99191952e+00
-4.25279187e-03 4.99190521e+00
-4.24802350e-03 4.99197578e+00
-4.24206303e-03 4.99181128e+00
-4.25875233e-03 4.99191475e+00
-4.25517606e-03 4.99196720e+00
-4.24444722e-03 4.99188614e+00
-4.25994443e-03 4.99183369e+00
-4.24921559e-03 4.99202204e+00
-4.25279187e-03 4.99179554e+00
-4.25159978e-03 4.99190760e+00
-4.26590489e-03 4.99204016e+00
-4.23252629e-03 4.99204016e+00
-4.25279187e-03 4.99188852e+00
-4.25398396e-03 4.99190044e+00
-4.23014211e-03 4.99192905e+00
-4.25040768e-03 4.99199724e+00
-4.26828908e-03 4.99179792e+00
-4.24444722e-03 4.99196959e+00
-4.26590489e-03 4.99188137e+00
-4.25279187e-03 4.99185276e+00
-4.26590489e-03 4.99175406e+00
-4.25517606e-03 4.99184799e+00
-4.25040768e-03 4.99186373e+00
-4.25040768e-03 4.99200535e+00
-4.24802350e-03 4.99185419e+00
-4.23371838e-03 4.99186707e+00
-4.26352071e-03 4.99194002e+00
-4.23610257e-03 4.99195528e+00
-4.26232861e-03 4.99204016e+00
-4.25994443e-03 4.99178028e+00
-4.25398396e-03 4.99194241e+00
-4.25994443e-03 4.99189329e+00
-4.25159978e-03 4.99212217e+00
-4.25994443e-03 4.99184942e+00
-4.24683141e-03 4.99191236e+00
-4.25159978e-03 4.99195910e+00
-4.23252629e-03 4.99187326e+00
-4.29332303e-03 4.99182892e+00
-4.23729466e-03 4.99185514e+00
-4.24921559e-03 4.99198389e+00
-4.24921559e-03 4.99194098e+00
-4.23014211e-03 4.99198389e+00
-4.23967885e-03 4.99205208e+00
-4.26590489e-03 4.99197197e+00
-4.25040768e-03 4.99189091e+00
-4.24444722e-03 4.99197578e+00
-4.25636815e-03 4.99197197e+00
-4.24921559e-03 4.99202919e+00
-4.24563931e-03 4.99185753e+00
-4.25756024e-03 4.99197912e+00
-4.26113652e-03 4.99194241e+00
-4.26948117e-03 4.99196005e+00
-4.26948117e-03 4.99194002e+00
-4.25279187e-03 4.99177313e+00
-4.25875233e-03 4.99190283e+00
-4.25279187e-03 4.99185514e+00
-4.26352071e-03 4.99194956e+00
-4.25398396e-03 4.99197817e+00
-4.24921559e-03 4.99185896e+00
-4.27067326e-03 4.99199820e+00
-4.25994443e-03 4.99176359e+00
-4.25756024e-03 4.99190521e+00
-4.22298955e-03 4.99197578e+00
-4.24921559e-03 4.99193144e+00
-4.25517606e-03 4.99194479e+00
-4.23371838e-03 4.99185419e+00
-4.27067326e-03 4.99198294e+00
-4.25159978e-03 4.99182796e+00
-4.26113652e-03 4.99174309e+00
-4.26709699e-03 4.99201488e+00
-4.26471280e-03 4.99197674e+00
-4.25040768e-03 4.99190760e+00
-4.25994443e-03 4.99181700e+00
-4.24683141e-03 4.99189806e+00
-4.25398396e-03 4.99185276e+00
-4.25756024e-03 4.99184561e+00
-4.24325513e-03 4.99183369e+00
-4.24563931e-03 4.99187803e+00
-4.26828908e-03 4.99189329e+00
-4.27424954e-03 4.99210215e+00
-4.25756024e-03 4.99201393e+00
-4.26232861e-03 4.99192572e+00
-4.24444722e-03 4.99189568e+00
-4.26828908e-03 4.99206161e+00
-4.25636815e-03 4.99185658e+00
-4.25398396e-03 4.99196959e+00
-4.23967885e-03 4.99197197e+00
-4.25517606e-03 4.99182796e+00
-4.24563931e-03 4.99185991e+00
-4.25636815e-03 4.99190187e+00
-4.26709699e-03 4.99193859e+00
-4.23848676e-03 4.99185991e+00
-4.24325513e-03 4.99178505e+00
-4.24325513e-03 4.99212933e+00
-4.25279187e-03 4.99192905e+00
-4.26471280e-03 4.99188757e+00
-4.25875233e-03 4.99183369e+00
-4.25279187e-03 4.99197340e+00
-4.24563931e-03 4.99184561e+00
-4.24921559e-03 4.99199963e+00
-4.25875233e-03 4.99200916e+00
-4.26113652e-03 4.99179554e+00
-4.26709699e-03 4.99206161e+00
-4.24802350e-03 4.99202585e+00
-4.26471280e-03 4.99190283e+00
-4.24206303e-03 4.99186707e+00
-4.24921559e-03 4.99193144e+00
-4.26113652e-03 4.99198055e+00
-4.25279187e-03 4.99188375e+00
-4.26709699e-03 4.99186945e+00
-4.24921559e-03 4.99184942e+00
-4.25994443e-03 4.99194479e+00
-4.25517606e-03 4.99196243e+00
-4.23491048e-03 4.99183750e+00
-4.25636815e-03 4.99189091e+00
-4.25159978e-03 4.99196005e+00
-4.26113652e-03 4.99202824e+00
-4.26590489e-03 4.99201155e+00
-4.27901791e-03 4.99182415e+00
-4.25398396e-03 4.99186134e+00
-4.26471280e-03 4.99193144e+00
-4.26590489e-03 4.99185896e+00
-4.25875233e-03 4.99187183e+00
-4.24325513e-03 4.99176836e+00
-4.25159978e-03 4.99190426e+00
-4.25517606e-03 4.99199963e+00
-4.25756024e-03 4.99190760e+00
-4.26113652e-03 4.99194574e+00
-4.25994443e-03 4.99193764e+00
-4.25159978e-03 4.99191713e+00
-4.25040768e-03 4.99197912e+00
-4.25279187e-03 4.99192095e+00
-4.26232861e-03 4.99185514e+00
-4.25994443e-03 4.99202347e+00
-4.25040768e-03 4.99194717e+00
-4.25636815e-03 4.99183846e+00
-4.26113652e-03 4.99194813e+00
-4.26471280e-03 4.99206400e+00
-4.24802350e-03 4.99199963e+00
-4.27067326e-03 4.99191618e+00
-4.24087094e-03 4.99197674e+00
-4.24325513e-03 4.99196386e+00
-4.25279187e-03 4.99199104e+00
-4.25875233e-03 4.99182320e+00
-4.25636815e-03 4.99189568e+00
-4.27901791e-03 4.99203634e+00
-4.24921559e-03 4.99190187e+00
-4.23371838e-03 4.99200535e+00
-4.26232861e-03 4.99191141e+00
-4.25279187e-03 4.99193764e+00
-4.24683141e-03 4.99195194e+00
-4.25636815e-03 4.99182320e+00
-4.25040768e-03 4.99174452e+00
-4.26232861e-03 4.99187088e+00
-4.25994443e-03 4.99184227e+00
-4.24087094e-03 4.99187803e+00
-4.26232861e-03 4.99190187e+00
-4.25398396e-03 4.99186850e+00
-4.25636815e-03 4.99189091e+00
-4.25994443e-03 4.99189711e+00
-4.25636815e-03 4.99177647e+00
-4.25517606e-03 4.99193859e+00
-4.26471280e-03 4.99188614e+00
-4.24206303e-03 4.99187422e+00
-4.26232861e-03 4.99177170e+00
-4.25994443e-03 4.99184465e+00
-4.26352071e-03 4.99203062e+00
-4.25159978e-03 4.99191856e+00
-4.27067326e-03 4.99198771e+00
-4.24802350e-03 4.99201632e+00
-4.27663373e-03 4.99172783e+00
-4.25279187e-03 4.99187565e+00
-4.26590489e-03 4.99191856e+00
-4.25279187e-03 4.99194002e+00
-4.26590489e-03 4.99195671e+00
-4.25517606e-03 4.99205923e+00
-4.25994443e-03 4.99179459e+00
-4.25517606e-03 4.99186850e+00
-4.24802350e-03 4.99192667e+00
-4.23371838e-03 4.99194241e+00
-4.25159978e-03 4.99205065e+00
-4.25994443e-03 4.99205065e+00
-4.25517606e-03 4.99203396e+00
-4.27305745e-03 4.99193859e+00
-4.26232861e-03 4.99204016e+00
-4.24921559e-03 4.99177885e+00
-4.24921559e-03 4.99198532e+00
-4.27186536e-03 4.99181700e+00
-4.24206303e-03 4.99183989e+00
-4.24683141e-03 4.99201393e+00
-4.23967885e-03 4.99198294e+00
-4.26113652e-03 4.99196625e+00
-4.27067326e-03 4.99195910e+00
-4.23610257e-03 4.99211025e+00
-4.28259419e-03 4.99207354e+00
-4.25756024e-03 4.99190521e+00
-4.26232861e-03 4.99189568e+00
-4.25875233e-03 4.99192095e+00
-4.24325513e-03 4.99191141e+00
-4.24206303e-03 4.99187422e+00
-4.26709699e-03 4.99198389e+00
-4.26352071e-03 4.99183846e+00
-4.25636815e-03 4.99205923e+00
-4.25875233e-03 4.99189806e+00
-4.26352071e-03 4.99188375e+00
-4.24444722e-03 4.99192905e+00
-4.26232861e-03 4.99200678e+00
-4.26113652e-03 4.99197340e+00
-4.25517606e-03 4.99187660e+00
-4.25517606e-03 4.99188519e+00
-4.24802350e-03 4.99174786e+00
-4.25159978e-03 4.99193764e+00
-4.25279187e-03 4.99201632e+00
-4.26232861e-03 4.99197817e+00
-4.23014211e-03 4.99183273e+00
-4.25398396e-03 4.99188137e+00
-4.26828908e-03 4.99184465e+00
-4.26948117e-03 4.99189091e+00
-4.25994443e-03 4.99190664e+00
-4.27067326e-03 4.99193525e+00
-4.25994443e-03 4.99192333e+00
-4.25159978e-03 4.99194956e+00
-4.25398396e-03 4.99201870e+00
-4.25279187e-03 4.99205923e+00
-4.25159978e-03 4.99197197e+00
-4.26232861e-03 4.99191713e+00
-4.26590489e-03 4.99197912e+00
-4.26113652e-03 4.99190426e+00
-4.27424954e-03 4.99196482e+00
-4.23848676e-03 4.99188995e+00
-4.24325513e-03 4.99201870e+00
-4.23610257e-03 4.99199820e+00
-4.26352071e-03 4.99196148e+00
-4.26113652e-03 4.99194002e+00
-4.25636815e-03 4.99200296e+00
-4.24563931e-03 4.99180984e+00
-4.23491048e-03 4.99185514e+00
-4.25159978e-03 4.99179459e+00
-4.25994443e-03 4.99183035e+00
-4.24802350e-03 4.99184799e+00
-4.25040768e-03 4.99198866e+00
-4.24206303e-03 4.99198294e+00
-4.24444722e-03 4.99202347e+00
-4.27067326e-03 4.99174786e+00
-4.25875233e-03 4.99192190e+00
-4.27424954e-03 4.99180984e+00
-4.26828908e-03 4.99196720e+00
-4.26828908e-03 4.99190044e+00
-4.25279187e-03 4.99205685e+00
-4.24444722e-03 4.99193764e+00
-4.26828908e-03 4.99195051e+00
-4.27305745e-03 4.99194002e+00
-4.25994443e-03 4.99193382e+00
-4.25994443e-03 4.99189472e+00
-4.26948117e-03 4.99189711e+00
-4.25636815e-03 4.99187422e+00
-4.26471280e-03 4.99176931e+00
-4.26828908e-03 4.99194241e+00
-4.26828908e-03 4.99179554e+00
-4.25994443e-03 4.99190664e+00
-4.24444722e-03 4.99188375e+00
-4.25517606e-03 4.99183607e+00
-4.25159978e-03 4.99184942e+00
-4.25040768e-03 4.99193764e+00
-4.26590489e-03 4.99183750e+00
-4.24325513e-03 4.99197817e+00
-4.24921559e-03 4.99205542e+00
-4.26828908e-03 4.99198151e+00
-4.24206303e-03 4.99199486e+00
-4.23133420e-03 4.99180746e+00
-4.24802350e-03 4.99187326e+00
-4.25875233e-03 4.99193764e+00
-4.28021001e-03 4.99195910e+00
-4.27424954e-03 4.99191141e+00
-4.24206303e-03 4.99184799e+00
-4.24921559e-03 4.99198151e+00
-4.26352071e-03 4.99191475e+00
-4.25756024e-03 4.99181223e+00
-4.24325513e-03 4.99204969e+00
-4.25636815e-03 4.99200296e+00
-4.25994443e-03 4.99188042e+00
-4.25875233e-03 4.99211168e+00
-4.25398396e-03 4.99192095e+00
-4.25398396e-03 4.99188519e+00
-4.24921559e-03 4.99185181e+00
-4.26232861e-03 4.99177790e+00
-4.25398396e-03 4.99189806e+00
-4.24087094e-03 4.99190903e+00
-4.24921559e-03 4.99189234e+00
-4.26232861e-03 4.99205208e+00
-4.26113652e-03 4.99195051e+00
-4.24206303e-03 4.99198771e+00
-4.28021001e-03 4.99194813e+00
-4.24444722e-03 4.99190044e+00
-4.25279187e-03 4.99186945e+00
-4.26232861e-03 4.99181128e+00
-4.26113652e-03 4.99189568e+00
-4.24563931e-03 4.99189711e+00
-4.25994443e-03 4.99198389e+00
-4.26113652e-03 4.99204826e+00
-4.24683141e-03 4.99203396e+00
-4.26590489e-03 4.99206018e+00
-4.25636815e-03 4.99191952e+00
-4.26709699e-03 4.99210215e+00
-4.25398396e-03 4.99198627e+00
-4.26709699e-03 4.99200058e+00
-4.23967885e-03 4.99186134e+00
-4.23252629e-03 4.99191856e+00
-4.26471280e-03 4.99198771e+00
-4.26948117e-03 4.99192095e+00
-4.25994443e-03 4.99201012e+00
-4.26352071e-03 4.99196625e+00
-4.25159978e-03 4.99196386e+00
-4.26113652e-03 4.99200535e+00
-4.27186536e-03 4.99198627e+00
-4.26709699e-03 4.99189091e+00
-4.25875233e-03 4.99207354e+00
-4.24563931e-03 4.99208879e+00
-4.24683141e-03 4.99192429e+00
-4.25517606e-03 4.99214363e+00
-4.24087094e-03 4.99211264e+00
-4.24563931e-03 4.99189949e+00
-4.24563931e-03 4.99186134e+00
-4.26352071e-03 4.99201632e+00
-4.25875233e-03 4.99190044e+00
-4.25994443e-03 4.99186230e+00
-4.25040768e-03 4.99196386e+00
-4.26113652e-03 4.99211264e+00
-4.25159978e-03 4.99199009e+00
-4.24683141e-03 4.99188137e+00
-4.25636815e-03 4.99191141e+00
-4.26232861e-03 4.99194813e+00
-4.24921559e-03 4.99200439e+00
-4.23610257e-03 4.99197435e+00
-4.25040768e-03 4.99190664e+00
-4.26352071e-03 4.99205923e+00
-4.25159978e-03 4.99186850e+00
-4.24802350e-03 4.99194574e+00
-4.24802350e-03 4.99193382e+00
-4.25994443e-03 4.99192667e+00
-4.24802350e-03 4.99212217e+00
-4.24802350e-03 4.99201250e+00
-4.26590489e-03 4.99193382e+00
-4.23252629e-03 4.99205065e+00
-4.25517606e-03 4.99197102e+00
-4.27901791e-03 4.99196148e+00
-4.27424954e-03 4.99204111e+00
-4.24325513e-03 4.99204731e+00
-4.25398396e-03 4.99211168e+00
-4.26352071e-03 4.99206018e+00
-4.26471280e-03 4.99196720e+00
-4.25159978e-03 4.99198866e+00
-4.26590489e-03 4.99205065e+00
-4.25159978e-03 4.99193144e+00
-4.27544164e-03 4.99191380e+00
-4.25756024e-03 4.99193048e+00
-4.23729466e-03 4.99191856e+00
-4.25279187e-03 4.99202824e+00
-4.26352071e-03 4.99185276e+00
-4.25517606e-03 4.99209833e+00
-4.25279187e-03 4.99202681e+00
-4.23967885e-03 4.99192667e+00
-4.26471280e-03 4.99193382e+00
-4.26113652e-03 4.99191475e+00
-4.26948117e-03 4.99195051e+00
-4.25279187e-03 4.99204731e+00
-4.25398396e-03 4.99191475e+00
-4.23729466e-03 4.99197912e+00
-4.23967885e-03 4.99197102e+00
-4.26352071e-03 4.99195194e+00
-4.25159978e-03 4.99197674e+00
-4.24802350e-03 4.99197102e+00
-4.26590489e-03 4.99205446e+00
-4.24921559e-03 4.99195528e+00
-4.25875233e-03 4.99189091e+00
-4.27186536e-03 4.99204254e+00
-4.25159978e-03 4.99198294e+00
-4.24683141e-03 4.99202442e+00
-4.25279187e-03 4.99192190e+00
-4.26113652e-03 4.99199724e+00
-4.24683141e-03 4.99191236e+00
-4.25636815e-03 4.99189329e+00
-4.24802350e-03 4.99197578e+00
-4.25875233e-03 4.99184561e+00
-4.25994443e-03 4.99175406e+00
-4.26232861e-03 4.99204016e+00
-4.24683141e-03 4.99188614e+00
-4.26352071e-03 4.99196482e+00
-4.25636815e-03 4.99188995e+00
-4.25756024e-03 4.99192667e+00
-4.26828908e-03 4.99204350e+00
-4.24087094e-03 4.99198151e+00
-4.25636815e-03 4.99204493e+00
-4.25159978e-03 4.99191236e+00
-4.24683141e-03 4.99193048e+00
-4.25279187e-03 4.99206877e+00
-4.26828908e-03 4.99202442e+00
-4.25517606e-03 4.99201632e+00
-4.24921559e-03 4.99207354e+00
-4.26590489e-03 4.99193859e+00
-4.25398396e-03 4.99190760e+00
-4.25040768e-03 4.99192810e+00
-4.25398396e-03 4.99185419e+00
-4.25756024e-03 4.99194336e+00
-4.25159978e-03 4.99189806e+00
-4.24921559e-03 4.99188042e+00
-4.27424954e-03 4.99197674e+00
-4.26471280e-03 4.99196243e+00
-4.24206303e-03 4.99216747e+00
-4.25875233e-03 4.99205542e+00
-4.26590489e-03 4.99200296e+00
-4.25756024e-03 4.99193525e+00
-4.25517606e-03 4.99209023e+00
-4.24921559e-03 4.99199724e+00
-4.24921559e-03 4.99187660e+00
-4.24206303e-03 4.99195194e+00
-4.26709699e-03 4.99200296e+00
-4.24206303e-03 4.99196243e+00
-4.24683141e-03 4.99201870e+00
-4.25994443e-03 4.99197435e+00
-4.24802350e-03 4.99191713e+00
-4.25279187e-03 4.99199724e+00
-4.24683141e-03 4.99201727e+00
-4.25398396e-03 4.99207211e+00
-4.25279187e-03 4.99202585e+00
-4.24563931e-03 4.99205065e+00
-4.24563931e-03 4.99203634e+00
-4.26948117e-03 4.99193525e+00
-4.24921559e-03 4.99205446e+00
-4.26948117e-03 4.99203300e+00
-4.26590489e-03 4.99198389e+00
-4.25040768e-03 4.99192190e+00
-4.26471280e-03 4.99191236e+00
-4.27424954e-03 4.99210930e+00
-4.23967885e-03 4.99197578e+00
-4.25398396e-03 4.99201870e+00
-4.25279187e-03 4.99191952e+00
-4.26352071e-03 4.99194098e+00
-4.27424954e-03 4.99198627e+00
-4.24206303e-03 4.99207211e+00
-4.24563931e-03 4.99211979e+00
-4.24802350e-03 4.99213409e+00
-4.25875233e-03 4.99188852e+00
-4.25040768e-03 4.99194241e+00
-4.26948117e-03 4.99198866e+00
-4.26113652e-03 4.99190521e+00
-4.25756024e-03 4.99191952e+00
-4.25517606e-03 4.99200201e+00
-4.25636815e-03 4.99193764e+00
-4.26352071e-03 4.99198389e+00
-4.25398396e-03 4.99193621e+00
-4.26828908e-03 4.99186850e+00
-4.26113652e-03 4.99195528e+00
-4.26113652e-03 4.99192810e+00
-4.24563931e-03 4.99201393e+00
-4.23967885e-03 4.99204111e+00
-4.26113652e-03 4.99197340e+00
-4.26232861e-03 4.99200535e+00
-4.25279187e-03 4.99196959e+00
-4.24921559e-03 4.99200296e+00
-4.25756024e-03 4.99209738e+00
-4.24325513e-03 4.99201488e+00
-4.25398396e-03 4.99199343e+00
-4.25756024e-03 4.99207592e+00
-4.26948117e-03 4.99197912e+00
-4.24921559e-03 4.99198866e+00
-4.26232861e-03 4.99211264e+00
-4.25875233e-03 4.99203539e+00
-4.25756024e-03 4.99187183e+00
-4.26948117e-03 4.99195766e+00
-4.26828908e-03 4.99196386e+00
-4.25159978e-03 4.99209023e+00
-4.25636815e-03 4.99194336e+00
-4.25636815e-03 4.99198055e+00
-4.24087094e-03 4.99204350e+00
-4.25756024e-03 4.99203873e+00
-4.23967885e-03 4.99212694e+00
-4.24563931e-03 4.99184084e+00
-4.24683141e-03 4.99202204e+00
-4.26352071e-03 4.99188519e+00
-4.25517606e-03 4.99201870e+00
-4.25994443e-03 4.99191141e+00
-4.25398396e-03 4.99199009e+00
-4.26352071e-03 4.99199581e+00
-4.27067326e-03 4.99211025e+00
-4.24325513e-03 4.99195766e+00
-4.24802350e-03 4.99205685e+00
-4.24206303e-03 4.99191475e+00
-4.26828908e-03 4.99205065e+00
-4.25756024e-03 4.99199486e+00
-4.24921559e-03 4.99194813e+00
-4.26471280e-03 4.99199009e+00
-4.26352071e-03 4.99188852e+00
-4.23848676e-03 4.99205542e+00
-4.27544164e-03 4.99193525e+00
-4.22895001e-03 4.99195433e+00
-4.24325513e-03 4.99193525e+00
-4.26590489e-03 4.99204826e+00
-4.25994443e-03 4.99185419e+00
-4.25398396e-03 4.99184704e+00
-4.25875233e-03 4.99199343e+00
-4.25636815e-03 4.99193621e+00
-4.26352071e-03 4.99204016e+00
-4.26113652e-03 4.99206400e+00
-4.24325513e-03 4.99179316e+00
-4.27186536e-03 4.99198627e+00
-4.25279187e-03 4.99192667e+00
-4.27067326e-03 4.99192095e+00
-4.26352071e-03 4.99186134e+00
-4.25517606e-03 4.99198151e+00
-4.25398396e-03 4.99195290e+00
-4.25279187e-03 4.99183750e+00
-4.27186536e-03 4.99196482e+00
-4.26113652e-03 4.99202681e+00
-4.24921559e-03 4.99206972e+00
-4.25636815e-03 4.99207830e+00
-4.25159978e-03 4.99211025e+00
-4.24563931e-03 4.99194241e+00
-4.25279187e-03 4.99186850e+00
-4.25756024e-03 4.99196720e+00
-4.25875233e-03 4.99195910e+00
-4.25875233e-03 4.99202585e+00
-4.26113652e-03 4.99195766e+00
-4.27186536e-03 4.99183369e+00
-4.24206303e-03 4.99218893e+00
-4.25398396e-03 4.99188852e+00
-4.26352071e-03 4.99207926e+00
-4.24683141e-03 4.99191856e+00
-4.27901791e-03 4.99201488e+00
-4.25159978e-03 4.99193621e+00
-4.25875233e-03 4.99198866e+00
-4.25279187e-03 4.99192667e+00
-4.25636815e-03 4.99212933e+00
-4.24087094e-03 4.99187326e+00
-4.25517606e-03 4.99194241e+00
-4.25159978e-03 4.99199009e+00
-4.26828908e-03 4.99199963e+00
-4.26113652e-03 4.99204111e+00
-4.26590489e-03 4.99201488e+00
-4.25398396e-03 4.99192572e+00
-4.23967885e-03 4.99202108e+00
-4.25517606e-03 4.99192190e+00
-4.23729466e-03 4.99193764e+00
-4.26590489e-03 4.99205923e+00
-4.26471280e-03 4.99201870e+00
-4.27663373e-03 4.99189472e+00
-4.24802350e-03 4.99201250e+00
-4.24802350e-03 4.99203062e+00
-4.24325513e-03 4.99207926e+00
-4.24683141e-03 4.99209738e+00
-4.26352071e-03 4.99187088e+00
-4.23848676e-03 4.99206638e+00
-4.25875233e-03 4.99187803e+00
-4.25279187e-03 4.99198389e+00
-4.26828908e-03 4.99189329e+00
-4.25756024e-03 4.99196482e+00
-4.24921559e-03 4.99189806e+00
-4.24444722e-03 4.99198771e+00
-4.25279187e-03 4.99199724e+00
-4.28259419e-03 4.99190760e+00
-4.25875233e-03 4.99195528e+00
-4.26113652e-03 4.99196720e+00
-4.25756024e-03 4.99187565e+00
-4.25636815e-03 4.99191141e+00
-4.25040768e-03 4.99196386e+00
-4.25636815e-03 4.99190521e+00
-4.24087094e-03 4.99194098e+00
-4.23252629e-03 4.99197340e+00
-4.26113652e-03 4.99203062e+00
-4.26709699e-03 4.99203396e+00
-4.25875233e-03 4.99194336e+00
-4.25279187e-03 4.99177885e+00
-4.22775792e-03 4.99196720e+00
-4.27305745e-03 4.99204588e+00
-4.26590489e-03 4.99187899e+00
-4.25756024e-03 4.99190998e+00
-4.26471280e-03 4.99200201e+00
-4.25159978e-03 4.99206638e+00
-4.28259419e-03 4.99207592e+00
-4.25040768e-03 4.99195671e+00
-4.25398396e-03 4.99204254e+00
-4.25994443e-03 4.99203634e+00
-4.24206303e-03 4.99199343e+00
-4.25756024e-03 4.99200439e+00
-4.26948117e-03 4.99198532e+00
-4.25279187e-03 4.99197674e+00
-4.24802350e-03 4.99201870e+00
-4.26471280e-03 4.99195766e+00
-4.25040768e-03 4.99201632e+00
-4.24802350e-03 4.99174547e+00
-4.24087094e-03 4.99200296e+00
-4.24921559e-03 4.99203873e+00
-4.25994443e-03 4.99195433e+00
-4.26828908e-03 4.99204731e+00
-4.26948117e-03 4.99197912e+00
-4.26232861e-03 4.99210310e+00
-4.24444722e-03 4.99191618e+00
-4.25875233e-03 4.99193764e+00
-4.26709699e-03 4.99186230e+00
-4.24683141e-03 4.99193859e+00
-4.26948117e-03 4.99195910e+00
-4.25159978e-03 4.99191618e+00
-4.23729466e-03 4.99193382e+00
-4.27305745e-03 4.99187803e+00
-4.25994443e-03 4.99199963e+00
-4.25398396e-03 4.99192810e+00
-4.26352071e-03 4.99195910e+00
-4.25875233e-03 4.99201012e+00
-4.25994443e-03 4.99204493e+00
-4.25875233e-03 4.99183512e+00
-4.25875233e-03 4.99188852e+00
-4.26471280e-03 4.99206638e+00
-4.26709699e-03 4.99187660e+00
-4.25517606e-03 4.99194813e+00
-4.25398396e-03 4.99198151e+00
-4.25756024e-03 4.99183989e+00
-4.27186536e-03 4.99184942e+00
-4.24325513e-03 4.99185181e+00
-4.27424954e-03 4.99195671e+00
-4.26828908e-03 4.99196386e+00
-4.24206303e-03 4.99195671e+00
-4.23729466e-03 4.99191475e+00
-4.25756024e-03 4.99201155e+00
-4.25398396e-03 4.99203873e+00
-4.24325513e-03 4.99209023e+00
-4.25398396e-03 4.99206877e+00
-4.25040768e-03 4.99201632e+00
-4.25636815e-03 4.99196959e+00
-4.25279187e-03 4.99196720e+00
-4.23491048e-03 4.99196625e+00
-4.23967885e-03 4.99195194e+00
-4.26113652e-03 4.99198055e+00
-4.25398396e-03 4.99198627e+00
-4.25517606e-03 4.99186707e+00
-4.24087094e-03 4.99201870e+00
-4.26471280e-03 4.99190760e+00
-4.25636815e-03 4.99190426e+00
-4.25636815e-03 4.99197817e+00
-4.26113652e-03 4.99192190e+00
-4.27663373e-03 4.99202585e+00
-4.27186536e-03 4.99194336e+00
-4.26948117e-03 4.99187088e+00
-4.24921559e-03 4.99197197e+00
-4.25636815e-03 4.99187565e+00
-4.25040768e-03 4.99184227e+00
-4.24444722e-03 4.99212694e+00
-4.26232861e-03 4.99196720e+00
-4.25756024e-03 4.99195910e+00
-4.25398396e-03 4.99190187e+00
-4.26828908e-03 4.99204111e+00
-4.25994443e-03 4.99194956e+00
-4.25875233e-03 4.99192810e+00
-4.25994443e-03 4.99202824e+00
-4.26590489e-03 4.99199343e+00
-4.25875233e-03 4.99192572e+00
-4.25875233e-03 4.99194479e+00
-4.26232861e-03 4.99205923e+00
-4.25159978e-03 4.99189329e+00
-4.24563931e-03 4.99207211e+00
-4.24683141e-03 4.99205685e+00
-4.28855466e-03 4.99187803e+00
-4.25875233e-03 4.99196148e+00
-4.27305745e-03 4.99201965e+00
-4.24325513e-03 4.99203396e+00
-4.25040768e-03 4.99193048e+00
-4.26232861e-03 4.99205065e+00
-4.25159978e-03 4.99197674e+00
-4.26471280e-03 4.99204350e+00
-4.26471280e-03 4.99193859e+00
-4.25875233e-03 4.99204969e+00
-4.24921559e-03 4.99199963e+00
-4.23848676e-03 4.99198055e+00
-4.24921559e-03 4.99194813e+00
-4.27305745e-03 4.99181128e+00
-4.24206303e-03 4.99194479e+00
-4.25517606e-03 4.99194956e+00
-4.25636815e-03 4.99186468e+00
-4.27186536e-03 4.99189949e+00
-4.25994443e-03 4.99192429e+00
-4.24444722e-03 4.99192190e+00
-4.25279187e-03 4.99201870e+00
-4.23848676e-03 4.99206257e+00
-4.27067326e-03 4.99187565e+00
-4.27186536e-03 4.99196625e+00
-4.25040768e-03 4.99192333e+00
-4.24683141e-03 4.99200058e+00
-4.25040768e-03 4.99190998e+00
-4.26232861e-03 4.99196863e+00
-4.27186536e-03 4.99207354e+00
-4.25040768e-03 4.99204254e+00
-4.24683141e-03 4.99192905e+00
-4.25756024e-03 4.99204969e+00
-4.28378629e-03 4.99200678e+00
-4.25398396e-03 4.99200773e+00
-4.24444722e-03 4.99197817e+00
-4.26232861e-03 4.99194479e+00
-4.25875233e-03 4.99189806e+00
-4.24683141e-03 4.99192572e+00
-4.26948117e-03 4.99214363e+00
-4.24683141e-03 4.99192429e+00
-4.24444722e-03 4.99193048e+00
-4.24325513e-03 4.99203396e+00
-4.24802350e-03 4.99195433e+00
-4.27782582e-03 4.99186468e+00
-4.24563931e-03 4.99194574e+00
-4.25756024e-03 4.99190521e+00
-4.25636815e-03 4.99199247e+00
-4.26113652e-03 4.99196148e+00
-4.25040768e-03 4.99195051e+00
-4.25636815e-03 4.99190521e+00
-4.25636815e-03 4.99193621e+00
-4.25398396e-03 4.99194002e+00
-4.26352071e-03 4.99189472e+00
-4.25279187e-03 4.99196243e+00
-4.24802350e-03 4.99199724e+00
-4.27544164e-03 4.99193287e+00
-4.23610257e-03 4.99194336e+00
-4.26828908e-03 4.99189091e+00
-4.27067326e-03 4.99187422e+00
-4.25398396e-03 4.99205685e+00
-4.25398396e-03 4.99201250e+00
-4.24206303e-03 4.99196243e+00
-4.26948117e-03 4.99187326e+00
-4.24444722e-03 4.99197197e+00
-4.25756024e-03 4.99189091e+00
-4.27305745e-03 4.99183989e+00
-4.24206303e-03 4.99210787e+00
-4.25159978e-03 4.99196243e+00
-4.25875233e-03 4.99191475e+00
-4.26948117e-03 4.99190283e+00
-4.25517606e-03 4.99192905e+00
-4.25875233e-03 4.99196243e+00
-4.24325513e-03 4.99192667e+00
-4.26113652e-03 4.99192905e+00
-4.26709699e-03 4.99190998e+00
-4.25875233e-03 4.99188519e+00
-4.25040768e-03 4.99202442e+00
-4.26948117e-03 4.99196959e+00
-4.23371838e-03 4.99193859e+00
-4.25398396e-03 4.99193144e+00
-4.25398396e-03 4.99185991e+00
-4.25159978e-03 4.99185419e+00
-4.26948117e-03 4.99190903e+00
-4.24921559e-03 4.99199247e+00
-4.27067326e-03 4.99193859e+00
-4.25994443e-03 4.99185419e+00
-4.25517606e-03 4.99183989e+00
-4.25994443e-03 4.99186611e+00
-4.25040768e-03 4.99176359e+00
-4.24921559e-03 4.99191380e+00
-4.26709699e-03 4.99198151e+00
-4.25756024e-03 4.99189806e+00
-4.25756024e-03 4.99190283e+00
-4.25398396e-03 4.99182558e+00
-4.26352071e-03 4.99202442e+00
-4.25279187e-03 4.99189234e+00
-4.27305745e-03 4.99188519e+00
-4.25398396e-03 4.99193048e+00
-4.26709699e-03 4.99194956e+00
-4.24206303e-03 4.99191618e+00
-4.25994443e-03 4.99195194e+00
-4.25875233e-03 4.99190998e+00
-4.26113652e-03 4.99194241e+00
-4.25756024e-03 4.99193382e+00
-4.26709699e-03 4.99201012e+00
-4.26471280e-03 4.99183750e+00
-4.26590489e-03 4.99180508e+00
-4.26590489e-03 4.99184704e+00
-4.25636815e-03 4.99193382e+00
-4.25159978e-03 4.99187422e+00
-4.24325513e-03 4.99193525e+00
-4.24921559e-03 4.99183846e+00
-4.26948117e-03 4.99181938e+00
-4.26709699e-03 4.99192333e+00
-4.24921559e-03 4.99189091e+00
-4.24563931e-03 4.99196386e+00
-4.26828908e-03 4.99190760e+00
-4.24444722e-03 4.99179220e+00
-4.27186536e-03 4.99197817e+00
-4.24563931e-03 4.99187803e+00
-4.26471280e-03 4.99185514e+00
-4.25398396e-03 4.99188042e+00
-4.24444722e-03 4.99189949e+00
-4.25398396e-03 4.99196005e+00
-4.25756024e-03 4.99168110e+00
-4.25636815e-03 4.99188280e+00
-4.25875233e-03 4.99178123e+00
-4.26948117e-03 4.99177170e+00
-4.25159978e-03 4.99187422e+00
-4.27544164e-03 4.99190903e+00
-4.25398396e-03 4.99187803e+00
-4.24087094e-03 4.99178362e+00
-4.25756024e-03 4.99189949e+00
-4.25756024e-03 4.99187803e+00
-4.26352071e-03 4.99188757e+00
-4.25279187e-03 4.99191856e+00
-4.25517606e-03 4.99179077e+00
-4.24683141e-03 4.99192667e+00
-4.25398396e-03 4.99201488e+00
-4.28021001e-03 4.99191856e+00
-4.25994443e-03 4.99191141e+00
-4.25875233e-03 4.99176359e+00
-4.25040768e-03 4.99189329e+00
-4.27663373e-03 4.99191713e+00
-4.24325513e-03 4.99188137e+00
-4.24802350e-03 4.99184942e+00
-4.26232861e-03 4.99189091e+00
-4.24325513e-03 4.99185181e+00
-4.27305745e-03 4.99179316e+00
-4.26471280e-03 4.99196625e+00
-4.27067326e-03 4.99193048e+00
-4.25279187e-03 4.99191952e+00
-4.25398396e-03 4.99193048e+00
-4.25875233e-03 4.99178028e+00
-4.26113652e-03 4.99192810e+00
-4.24683141e-03 4.99187422e+00
-4.24325513e-03 4.99187422e+00
-4.26590489e-03 4.99199581e+00
-4.25279187e-03 4.99192667e+00
-4.23491048e-03 4.99186611e+00
-4.25159978e-03 4.99184561e+00
-4.25398396e-03 4.99187565e+00
-4.25279187e-03 4.99186707e+00
-4.24206303e-03 4.99190760e+00
-4.25875233e-03 4.99191141e+00
-4.27186536e-03 4.99194479e+00
-4.25875233e-03 4.99184561e+00
-4.25636815e-03 4.99179554e+00
-4.24563931e-03 4.99189806e+00
-4.24206303e-03 4.99180746e+00
-4.26113652e-03 4.99187088e+00
-4.26709699e-03 4.99182415e+00
-4.24325513e-03 4.99194098e+00
-4.27186536e-03 4.99184704e+00
-4.24206303e-03 4.99193144e+00
-4.25756024e-03 4.99182415e+00
-4.25517606e-03 4.99186468e+00
-4.27067326e-03 4.99196243e+00
-4.26590489e-03 4.99185181e+00
-4.25279187e-03 4.99183607e+00
-4.24563931e-03 4.99181843e+00
-4.26113652e-03 4.99177313e+00
-4.26352071e-03 4.99202585e+00
-4.26232861e-03 4.99171209e+00
-4.25159978e-03 4.99197912e+00
-4.24921559e-03 4.99187803e+00
-4.25159978e-03 4.99176359e+00
-4.24683141e-03 4.99184942e+00
-4.25398396e-03 4.99169683e+00
-4.26590489e-03 4.99178267e+00
-4.24325513e-03 4.99191236e+00
-4.25279187e-03 4.99193621e+00
-4.27067326e-03 4.99183989e+00
-4.26471280e-03 4.99180031e+00
-4.25636815e-03 4.99200535e+00
-4.25994443e-03 4.99190426e+00
-4.25040768e-03 4.99193859e+00
-4.24683141e-03 4.99185896e+00
-4.26471280e-03 4.99188995e+00
-4.26828908e-03 4.99198294e+00
-4.24683141e-03 4.99191475e+00
-4.27305745e-03 4.99181938e+00
-4.24206303e-03 4.99193764e+00
-4.24802350e-03 4.99196863e+00
-4.24563931e-03 4.99192810e+00
-4.26709699e-03 4.99197674e+00
-4.24444722e-03 4.99197435e+00
-4.25279187e-03 4.99183989e+00
-4.26590489e-03 4.99185753e+00
-4.25994443e-03 4.99172544e+00
-4.25398396e-03 4.99193382e+00
-4.28378629e-03 4.99173832e+00
-4.25636815e-03 4.99182653e+00
-4.25636815e-03 4.99190664e+00
-4.26113652e-03 4.99183846e+00
-4.25875233e-03 4.99199963e+00
-4.24563931e-03 4.99178028e+00
-4.25517606e-03 4.99183130e+00
-4.25875233e-03 4.99184799e+00
-4.25756024e-03 4.99182892e+00
-4.25994443e-03 4.99182177e+00
-4.26232861e-03 4.99176836e+00
-4.25636815e-03 4.99178362e+00
-4.26471280e-03 4.99177313e+00
-4.25636815e-03 4.99192667e+00
-4.25994443e-03 4.99198294e+00
-4.27067326e-03 4.99178743e+00
-4.25040768e-03 4.99169302e+00
-4.27544164e-03 4.99169540e+00
-4.25517606e-03 4.99187899e+00
-4.26709699e-03 4.99181223e+00
-4.25279187e-03 4.99190187e+00
-4.23371838e-03 4.99178267e+00
-4.26828908e-03 4.99193621e+00
-4.24444722e-03 4.99184799e+00
-4.22775792e-03 4.99182892e+00
-4.25636815e-03 4.99183273e+00
-4.26709699e-03 4.99188042e+00
-4.26471280e-03 4.99196863e+00
-4.24683141e-03 4.99192667e+00
-4.23848676e-03 4.99185658e+00
-4.25636815e-03 4.99180412e+00
-4.26590489e-03 4.99186945e+00
-4.22775792e-03 4.99189234e+00
-4.24921559e-03 4.99191475e+00
-4.26113652e-03 4.99179077e+00
-4.26232861e-03 4.99190664e+00
-4.23491048e-03 4.99190283e+00
-4.24444722e-03 4.99187088e+00
-4.24921559e-03 4.99187183e+00
-4.27186536e-03 4.99183035e+00
-4.26232861e-03 4.99179935e+00
-4.25398396e-03 4.99184799e+00
-4.27544164e-03 4.99195051e+00
-4.23967885e-03 4.99181128e+00
-4.24563931e-03 4.99193144e+00
-4.26590489e-03 4.99192572e+00
-4.24206303e-03 4.99189472e+00
-4.27544164e-03 4.99187422e+00
-4.26590489e-03 4.99185514e+00
-4.24563931e-03 4.99186134e+00
-4.26352071e-03 4.99186945e+00
-4.25517606e-03 4.99196243e+00
-4.25756024e-03 4.99195528e+00
-4.27186536e-03 4.99188280e+00
-4.26113652e-03 4.99177408e+00
-4.25159978e-03 4.99184704e+00
-4.25756024e-03 4.99190044e+00
-4.26232861e-03 4.99190187e+00
-4.26471280e-03 4.99186611e+00
-4.25517606e-03 4.99191380e+00
-4.25398396e-03 4.99186468e+00
-4.24683141e-03 4.99180269e+00
-4.26471280e-03 4.99178505e+00
-4.24921559e-03 4.99190187e+00
-4.25875233e-03 4.99191236e+00
-4.23729466e-03 4.99192190e+00
-4.25517606e-03 4.99187803e+00
-4.24444722e-03 4.99196959e+00
-4.24921559e-03 4.99191618e+00
-4.24563931e-03 4.99186134e+00
-4.27544164e-03 4.99193621e+00
-4.24802350e-03 4.99193764e+00
-4.22775792e-03 4.99200535e+00
-4.25636815e-03 4.99194813e+00
-4.24563931e-03 4.99184227e+00
-4.26232861e-03 4.99197340e+00
-4.23252629e-03 4.99191856e+00
-4.26232861e-03 4.99202347e+00
-4.25517606e-03 4.99210691e+00
-4.25756024e-03 4.99192429e+00
-4.26232861e-03 4.99179697e+00
-4.26471280e-03 4.99187088e+00
-4.25517606e-03 4.99196720e+00
-4.25040768e-03 4.99185419e+00
-4.25398396e-03 4.99195194e+00
-4.25279187e-03 4.99194479e+00
-4.25636815e-03 4.99196625e+00
-4.25279187e-03 4.99193859e+00
-4.26471280e-03 4.99185276e+00
-4.25398396e-03 4.99188042e+00
-4.25279187e-03 4.99199104e+00
-4.24325513e-03 4.99193048e+00
-4.26232861e-03 4.99203634e+00
-4.25517606e-03 4.99189329e+00
-4.25994443e-03 4.99202442e+00
-4.25875233e-03 4.99189711e+00
-4.24563931e-03 4.99183512e+00
-4.24444722e-03 4.99198294e+00
-4.27067326e-03 4.99199581e+00
-4.26113652e-03 4.99198294e+00
-4.26590489e-03 4.99201012e+00
-4.24921559e-03 4.99211884e+00
-4.23729466e-03 4.99196243e+00
-4.26948117e-03 4.99211740e+00
-4.25756024e-03 4.99198771e+00
-4.26232861e-03 4.99187899e+00
-4.25994443e-03 4.99193144e+00
-4.25398396e-03 4.99211979e+00
-4.24087094e-03 4.99191856e+00
-4.26232861e-03 4.99192190e+00
-4.24444722e-03 4.99194098e+00
-4.26113652e-03 4.99190426e+00
-4.26709699e-03 4.99206495e+00
-4.24444722e-03 4.99193144e+00
-4.23610257e-03 4.99189711e+00
-4.24444722e-03 4.99199486e+00
-4.26352071e-03 4.99200773e+00
-4.26948117e-03 4.99196148e+00
-4.24683141e-03 4.99200201e+00
-4.25875233e-03 4.99189711e+00
-4.24802350e-03 4.99208307e+00
-4.25994443e-03 4.99191952e+00
-4.26352071e-03 4.99187803e+00
-4.25875233e-03 4.99196148e+00
-4.24325513e-03 4.99200916e+00
-4.25636815e-03 4.99194813e+00
-4.25517606e-03 4.99191952e+00
-4.25040768e-03 4.99181461e+00
-4.26948117e-03 4.99192667e+00
-4.25159978e-03 4.99194956e+00
-4.24444722e-03 4.99195433e+00
-4.24921559e-03 4.99200058e+00
-4.26471280e-03 4.99197102e+00
-4.26948117e-03 4.99196148e+00
-4.25517606e-03 4.99192095e+00
-4.26828908e-03 4.99205065e+00
-4.26113652e-03 4.99204588e+00
-4.26113652e-03 4.99194241e+00
-4.26113652e-03 4.99197817e+00
-4.26232861e-03 4.99205923e+00
-4.25875233e-03 4.99189472e+00
-4.24563931e-03 4.99178600e+00
-4.25756024e-03 4.99189329e+00
-4.26590489e-03 4.99191856e+00
-4.26590489e-03 4.99196863e+00
-4.26709699e-03 4.99189949e+00
-4.25398396e-03 4.99189568e+00
-4.24683141e-03 4.99187422e+00
-4.26828908e-03 4.99191952e+00
-4.23491048e-03 4.99188995e+00
-4.23848676e-03 4.99191952e+00
-4.25040768e-03 4.99188042e+00
-4.23729466e-03 4.99183846e+00
-4.22895001e-03 4.99199963e+00
-4.25756024e-03 4.99195910e+00
-4.25636815e-03 4.99187565e+00
-4.26113652e-03 4.99206257e+00
-4.25756024e-03 4.99198055e+00
-4.25994443e-03 4.99198389e+00
-4.25040768e-03 4.99206638e+00
-4.25159978e-03 4.99196148e+00
-4.24206303e-03 4.99194717e+00
-4.25398396e-03 4.99200296e+00
-4.26471280e-03 4.99180651e+00
-4.25040768e-03 4.99191236e+00
-4.24563931e-03 4.99190426e+00
-4.25875233e-03 4.99196720e+00
-4.24563931e-03 4.99205685e+00
-4.24325513e-03 4.99199724e+00
-4.24921559e-03 4.99206972e+00
-4.26113652e-03 4.99205923e+00
-4.25040768e-03 4.99188280e+00
-4.23848676e-03 4.99196482e+00
-4.25756024e-03 4.99202347e+00
-4.25756024e-03 4.99196720e+00
-4.26232861e-03 4.99198627e+00
-4.26232861e-03 4.99202108e+00
-4.25159978e-03 4.99206400e+00
-4.25040768e-03 4.99210453e+00
-4.25756024e-03 4.99199247e+00
-4.24683141e-03 4.99192333e+00
-4.25756024e-03 4.99195528e+00
-4.24802350e-03 4.99191236e+00
-4.25279187e-03 4.99190187e+00
-4.26352071e-03 4.99183750e+00
-4.26471280e-03 4.99198151e+00
-4.25875233e-03 4.99189234e+00
-4.26232861e-03 4.99192905e+00
-4.25636815e-03 4.99200058e+00
-4.26232861e-03 4.99186945e+00
-4.25398396e-03 4.99203396e+00
-4.23133420e-03 4.99197674e+00
-4.25994443e-03 4.99198294e+00
-4.25636815e-03 4.99194098e+00
-4.24563931e-03 4.99200916e+00
-4.25756024e-03 4.99190664e+00
-4.24802350e-03 4.99196720e+00
-4.25279187e-03 4.99181938e+00
-4.25517606e-03 4.99199963e+00
-4.23967885e-03 4.99197674e+00
-4.26232861e-03 4.99196005e+00
-4.26948117e-03 4.99189472e+00
-4.25994443e-03 4.99192572e+00
-4.23252629e-03 4.99191952e+00
-4.25398396e-03 4.99201155e+00
-4.24563931e-03 4.99194956e+00
-4.26113652e-03 4.99203777e+00
-4.25517606e-03 4.99218416e+00
-4.26352071e-03 4.99194002e+00
-4.24563931e-03 4.99197197e+00
-4.26709699e-03 4.99203777e+00
-4.24325513e-03 4.99209356e+00
-4.24087094e-03 4.99197912e+00
-4.27544164e-03 4.99205780e+00
-4.25040768e-03 4.99206018e+00
-4.24444722e-03 4.99195290e+00
-4.26113652e-03 4.99192667e+00
-4.22656583e-03 4.99205780e+00
-4.25040768e-03 4.99197340e+00
-4.26948117e-03 4.99197102e+00
-4.26828908e-03 4.99195528e+00
-4.26948117e-03 4.99191856e+00
-4.25994443e-03 4.99199486e+00
-4.26232861e-03 4.99201870e+00
-4.23729466e-03 4.99195194e+00
-4.24563931e-03 4.99200439e+00
-4.26471280e-03 4.99197102e+00
-4.25756024e-03 4.99198294e+00
-4.25279187e-03 4.99198151e+00
-4.27067326e-03 4.99187088e+00
-4.26113652e-03 4.99196005e+00
-4.25040768e-03 4.99206734e+00
-4.22895001e-03 4.99208879e+00
-4.25994443e-03 4.99201870e+00
-4.27305745e-03 4.99189806e+00
-4.26471280e-03 4.99203634e+00
-4.24683141e-03 4.99199581e+00
-4.26232861e-03 4.99200439e+00
-4.25875233e-03 4.99196720e+00
-4.26113652e-03 4.99217939e+00
-4.25517606e-03 4.99204731e+00
-4.27663373e-03 4.99196625e+00
-4.25398396e-03 4.99201870e+00
-4.26113652e-03 4.99201393e+00
-4.24921559e-03 4.99206400e+00
-4.26352071e-03 4.99200773e+00
-4.25398396e-03 4.99204350e+00
-4.24683141e-03 4.99187660e+00
-4.27067326e-03 4.99199104e+00
-4.25875233e-03 4.99207449e+00
-4.26352071e-03 4.99181223e+00
-4.25875233e-03 4.99205446e+00
-4.25756024e-03 4.99195671e+00
-4.24325513e-03 4.99216413e+00
-4.24921559e-03 4.99191475e+00
-4.26352071e-03 4.99214506e+00
-4.27663373e-03 4.99183607e+00
-4.24921559e-03 4.99202108e+00
-4.25517606e-03 4.99207687e+00
-4.26709699e-03 4.99193764e+00
-4.25636815e-03 4.99196005e+00
-4.25279187e-03 4.99188995e+00
-4.23967885e-03 4.99205923e+00
-4.26352071e-03 4.99190903e+00
-4.27424954e-03 4.99191475e+00
-4.24444722e-03 4.99201393e+00
-4.24444722e-03 4.99189329e+00
-4.24563931e-03 4.99192572e+00
-4.24802350e-03 4.99194098e+00
-4.26352071e-03 4.99196959e+00
-4.25875233e-03 4.99217844e+00
-4.27067326e-03 4.99202108e+00
-4.25875233e-03 4.99196625e+00
-4.23967885e-03 4.99202108e+00
-4.26113652e-03 4.99206877e+00
-4.25398396e-03 4.99188614e+00
-4.26232861e-03 4.99184799e+00
-4.24563931e-03 4.99188042e+00
-4.25994443e-03 4.99198389e+00
-4.25994443e-03 4.99195051e+00
-4.26590489e-03 4.99198532e+00
-4.26113652e-03 4.99197912e+00
-4.25994443e-03 4.99186945e+00
-4.25398396e-03 4.99194956e+00
-4.24206303e-03 4.99190760e+00
-4.24206303e-03 4.99187183e+00
-4.26709699e-03 4.99193525e+00
-4.27544164e-03 4.99206257e+00
-4.25398396e-03 4.99207592e+00
-4.24325513e-03 4.99202347e+00
-4.24444722e-03 4.99204969e+00
-4.26709699e-03 4.99192667e+00
-4.25875233e-03 4.99200535e+00
-4.26948117e-03 4.99189329e+00
-4.25398396e-03 4.99205542e+00
-4.23610257e-03 4.99187183e+00
-4.28021001e-03 4.99209595e+00
-4.25994443e-03 4.99202347e+00
-4.24921559e-03 4.99202585e+00
-4.26113652e-03 4.99203873e+00
-4.27067326e-03 4.99198294e+00
-4.25040768e-03 4.99201250e+00
-4.24683141e-03 4.99188519e+00
-4.25040768e-03 4.99183750e+00
-4.25756024e-03 4.99196482e+00
-4.26948117e-03 4.99198294e+00
-4.25756024e-03 4.99207592e+00
-4.25279187e-03 4.99198055e+00
-4.24206303e-03 4.99184704e+00
-4.26590489e-03 4.99200916e+00
-4.25875233e-03 4.99193048e+00
-4.25994443e-03 4.99194241e+00
-4.25994443e-03 4.99193144e+00
-4.27067326e-03 4.99189472e+00
-4.25756024e-03 4.99194479e+00
-4.25398396e-03 4.99197578e+00
-4.23729466e-03 4.99198389e+00
-4.26948117e-03 4.99206161e+00
-4.24683141e-03 4.99194098e+00
-4.25398396e-03 4.99179316e+00
-4.25040768e-03 4.99195051e+00
-4.25756024e-03 4.99196482e+00
-4.24683141e-03 4.99197912e+00
-4.26709699e-03 4.99194336e+00
-4.25875233e-03 4.99203777e+00
-4.26352071e-03 4.99202585e+00
-4.25159978e-03 4.99195051e+00
-4.25159978e-03 4.99203062e+00
-4.27663373e-03 4.99213076e+00
-4.26471280e-03 4.99190664e+00
-4.26113652e-03 4.99183607e+00
-4.25875233e-03 4.99185896e+00
-4.25994443e-03 4.99202919e+00
-4.24683141e-03 4.99199009e+00
-4.24563931e-03 4.99199963e+00
-4.26232861e-03 4.99182320e+00
-4.27663373e-03 4.99206257e+00
-4.24683141e-03 4.99192429e+00
-4.24087094e-03 4.99193144e+00
-4.26352071e-03 4.99202442e+00
-4.26828908e-03 4.99191618e+00
-4.25398396e-03 4.99208164e+00
-4.26113652e-03 4.99209118e+00
-4.28021001e-03 4.99184465e+00
-4.24563931e-03 4.99199486e+00
-4.24921559e-03 4.99194479e+00
-4.24563931e-03 4.99200058e+00
-4.27663373e-03 4.99190521e+00
-4.25994443e-03 4.99186230e+00
-4.25756024e-03 4.99203396e+00
-4.25875233e-03 4.99191952e+00
-4.27186536e-03 4.99200535e+00
-4.28021001e-03 4.99201965e+00
-4.27901791e-03 4.99196959e+00
-4.25636815e-03 4.99201250e+00
-4.25875233e-03 4.99187422e+00
-4.25398396e-03 4.99203157e+00
-4.25875233e-03 4.99190521e+00
-4.26352071e-03 4.99202585e+00
-4.26471280e-03 4.99212122e+00
-4.25040768e-03 4.99202347e+00
-4.23848676e-03 4.99197197e+00
-4.25279187e-03 4.99201250e+00
-4.26948117e-03 4.99201155e+00
-4.25279187e-03 4.99197340e+00
-4.26948117e-03 4.99204016e+00
-4.23848676e-03 4.99187422e+00
-4.25636815e-03 4.99195528e+00
-4.25159978e-03 4.99197578e+00
-4.25756024e-03 4.99194813e+00
-4.26113652e-03 4.99202204e+00
-4.27901791e-03 4.99202442e+00
-4.26590489e-03 4.99199724e+00
-4.23967885e-03 4.99211884e+00
-4.26590489e-03 4.99187422e+00
-4.25279187e-03 4.99197197e+00
-4.25398396e-03 4.99193525e+00
-4.26948117e-03 4.99196959e+00
-4.25994443e-03 4.99189568e+00
-4.26352071e-03 4.99203062e+00
-4.26113652e-03 4.99191141e+00
-4.26828908e-03 4.99194479e+00
-4.25994443e-03 4.99195528e+00
-4.25279187e-03 4.99191236e+00
-4.25636815e-03 4.99184799e+00
-4.26352071e-03 4.99201250e+00
-4.25159978e-03 4.99198627e+00
-4.24444722e-03 4.99201250e+00
-4.25159978e-03 4.99197912e+00
-4.25279187e-03 4.99191475e+00
-4.26590489e-03 4.99206495e+00
-4.25398396e-03 4.99194813e+00
-4.24683141e-03 4.99196148e+00
-4.26828908e-03 4.99199009e+00
-4.26709699e-03 4.99188757e+00
-4.25636815e-03 4.99197102e+00
-4.25279187e-03 4.99205542e+00
-4.26113652e-03 4.99195290e+00
-4.25398396e-03 4.99195433e+00
-4.26471280e-03 4.99192667e+00
-4.26709699e-03 4.99205780e+00
-4.25875233e-03 4.99208307e+00
-4.25040768e-03 4.99191952e+00
-4.25875233e-03 4.99193859e+00
-4.27186536e-03 4.99206161e+00
-4.24802350e-03 4.99192429e+00
-4.26709699e-03 4.99195528e+00
-4.23729466e-03 4.99205685e+00
-4.23133420e-03 4.99206877e+00
-4.25398396e-03 4.99206734e+00
-4.23133420e-03 4.99191856e+00
-4.26709699e-03 4.99195910e+00
-4.24444722e-03 4.99194241e+00
-4.26113652e-03 4.99184322e+00
-4.25040768e-03 4.99194336e+00
-4.25279187e-03 4.99191236e+00
-4.25398396e-03 4.99192810e+00
-4.24444722e-03 4.99200535e+00
-4.26352071e-03 4.99182892e+00
-4.25159978e-03 4.99180889e+00
-4.25398396e-03 4.99191141e+00
-4.25159978e-03 4.99195194e+00
-4.25636815e-03 4.99206877e+00
-4.25517606e-03 4.99198771e+00
-4.23729466e-03 4.99199724e+00
-4.24087094e-03 4.99195528e+00
-4.24921559e-03 4.99199724e+00
-4.25994443e-03 4.99187899e+00
-4.24683141e-03 4.99196625e+00
-4.26232861e-03 4.99192667e+00
-4.25398396e-03 4.99180269e+00
-4.25756024e-03 4.99198532e+00
-4.24206303e-03 4.99180746e+00
-4.25756024e-03 4.99203873e+00
-4.25040768e-03 4.99192905e+00
-4.24444722e-03 4.99194956e+00
-4.26113652e-03 4.99199963e+00
-4.25636815e-03 4.99202347e+00
-4.27544164e-03 4.99197674e+00
-4.26471280e-03 4.99201155e+00
-4.25279187e-03 4.99188995e+00
-4.24921559e-03 4.99187422e+00
-4.25279187e-03 4.99207687e+00
-4.24087094e-03 4.99197912e+00
-4.27663373e-03 4.99206638e+00
-4.25756024e-03 4.99197435e+00
-4.25636815e-03 4.99210072e+00
-4.25756024e-03 4.99196720e+00
-4.25875233e-03 4.99187183e+00
-4.24563931e-03 4.99191141e+00
-4.24444722e-03 4.99189568e+00
-4.25875233e-03 4.99188852e+00
-4.27067326e-03 4.99203300e+00
-4.24802350e-03 4.99199343e+00
-4.27663373e-03 4.99195671e+00
-4.25040768e-03 4.99179220e+00
-4.26948117e-03 4.99188852e+00
-4.26828908e-03 4.99195290e+00
-4.25756024e-03 4.99192905e+00
-4.24802350e-03 4.99205208e+00
-4.24325513e-03 4.99179077e+00
-4.24444722e-03 4.99186230e+00
-4.26352071e-03 4.99202919e+00
-4.26590489e-03 4.99196005e+00
-4.24444722e-03 4.99193287e+00
-4.26471280e-03 4.99194479e+00
-4.25636815e-03 4.99200678e+00
-4.26828908e-03 4.99198532e+00
-4.25159978e-03 4.99193382e+00
-4.26232861e-03 4.99198532e+00
-4.25159978e-03 4.99196625e+00
-4.25398396e-03 4.99193287e+00
-4.24921559e-03 4.99206495e+00
-4.24206303e-03 4.99197435e+00
-4.26232861e-03 4.99200678e+00
-4.26590489e-03 4.99198771e+00
-4.25875233e-03 4.99196720e+00
-4.24325513e-03 4.99193048e+00
-4.28497838e-03 4.99192429e+00
-4.24444722e-03 4.99199104e+00
-4.24325513e-03 4.99201393e+00
-4.24683141e-03 4.99189472e+00
-4.25756024e-03 4.99203539e+00
-4.25994443e-03 4.99194956e+00
-4.24444722e-03 4.99208069e+00
-4.25279187e-03 4.99192905e+00
-4.25279187e-03 4.99183750e+00
-4.24087094e-03 4.99201632e+00
-4.26352071e-03 4.99198866e+00
-4.24087094e-03 4.99192905e+00
-4.25756024e-03 4.99190760e+00
-4.27901791e-03 4.99184561e+00
-4.23729466e-03 4.99192572e+00
-4.25636815e-03 4.99176693e+00
-4.25398396e-03 4.99196386e+00
-4.25756024e-03 4.99197102e+00
-4.24087094e-03 4.99197435e+00
-4.25398396e-03 4.99190521e+00
-4.24683141e-03 4.99183273e+00
-4.25756024e-03 4.99195290e+00
-4.26828908e-03 4.99184465e+00
-4.27067326e-03 4.99193144e+00
-4.26113652e-03 4.99177647e+00
-4.25517606e-03 4.99196863e+00
-4.24921559e-03 4.99189472e+00
-4.26352071e-03 4.99188995e+00
-4.27067326e-03 4.99195528e+00
-4.24802350e-03 4.99189806e+00
-4.24683141e-03 4.99193382e+00
-4.26471280e-03 4.99201155e+00
-4.26232861e-03 4.99187803e+00
-4.24563931e-03 4.99184084e+00
-4.27424954e-03 4.99178982e+00
-4.25636815e-03 4.99193287e+00
-4.24325513e-03 4.99183607e+00
-4.25398396e-03 4.99193287e+00
-4.26590489e-03 4.99189472e+00
-4.25756024e-03 4.99207592e+00
-4.27901791e-03 4.99202204e+00
-4.23610257e-03 4.99185181e+00
-4.24683141e-03 4.99190283e+00
-4.25159978e-03 4.99190426e+00
-4.25398396e-03 4.99194098e+00
-4.26709699e-03 4.99192905e+00
-4.24921559e-03 4.99192667e+00
-4.25398396e-03 4.99198771e+00
-4.26352071e-03 4.99198151e+00
-4.25517606e-03 4.99185514e+00
-4.26352071e-03 4.99185276e+00
-4.26590489e-03 4.99196243e+00
-4.25398396e-03 4.99206400e+00
-4.24087094e-03 4.99187803e+00
-4.26590489e-03 4.99190187e+00
-4.26471280e-03 4.99184465e+00
-4.26232861e-03 4.99177790e+00
-4.25398396e-03 4.99192572e+00
-4.25040768e-03 4.99179697e+00
-4.24802350e-03 4.99197674e+00
-4.25398396e-03 4.99187088e+00
-4.27424954e-03 4.99202585e+00
-4.27067326e-03 4.99194336e+00
-4.24563931e-03 4.99188852e+00
-4.26590489e-03 4.99193859e+00
-4.24921559e-03 4.99190283e+00
-4.25875233e-03 4.99183369e+00
-4.26232861e-03 4.99193525e+00
-4.24683141e-03 4.99190283e+00
-4.25040768e-03 4.99194574e+00
-4.26352071e-03 4.99193048e+00
-4.25756024e-03 4.99179792e+00
-4.25636815e-03 4.99186230e+00
-4.26232861e-03 4.99182796e+00
-4.25040768e-03 4.99183989e+00
-4.25398396e-03 4.99187088e+00
-4.25517606e-03 4.99191618e+00
-4.27544164e-03 4.99195433e+00
-4.23610257e-03 4.99201012e+00
-4.24921559e-03 4.99190903e+00
-4.25636815e-03 4.99203777e+00
-4.25159978e-03 4.99193525e+00
-4.25636815e-03 4.99195766e+00
-4.25040768e-03 4.99182796e+00
-4.25159978e-03 4.99196863e+00
-4.24683141e-03 4.99202204e+00
-4.26709699e-03 4.99203539e+00
-4.24683141e-03 4.99206734e+00
-4.25875233e-03 4.99203539e+00
-4.26471280e-03 4.99193525e+00
-4.27067326e-03 4.99176216e+00
-4.24087094e-03 4.99192429e+00
-4.24921559e-03 4.99187183e+00
-4.25279187e-03 4.99189234e+00
-4.24087094e-03 4.99196959e+00
-4.24325513e-03 4.99182177e+00
-4.25398396e-03 4.99184704e+00
-4.24444722e-03 4.99200439e+00
-4.26471280e-03 4.99185514e+00
-4.26828908e-03 4.99184084e+00
-4.25875233e-03 4.99205446e+00
-4.26828908e-03 4.99180651e+00
-4.25756024e-03 4.99185753e+00
-4.25994443e-03 4.99179459e+00
-4.25517606e-03 4.99206257e+00
-4.24206303e-03 4.99187660e+00
-4.24444722e-03 4.99201012e+00
-4.25398396e-03 4.99189472e+00
-4.25279187e-03 4.99190760e+00
-4.28021001e-03 4.99195433e+00
-4.24444722e-03 4.99189234e+00
-4.27544164e-03 4.99190187e+00
-4.23967885e-03 4.99202204e+00
-4.24563931e-03 4.99189472e+00
-4.26232861e-03 4.99182892e+00
-4.23967885e-03 4.99188137e+00
-4.22656583e-03 4.99179935e+00
-4.25756024e-03 4.99209023e+00
-4.25875233e-03 4.99191856e+00
-4.26113652e-03 4.99193764e+00
-4.24802350e-03 4.99193287e+00
-4.24683141e-03 4.99196959e+00
-4.25875233e-03 4.99199820e+00
-4.23729466e-03 4.99194098e+00
-4.26709699e-03 4.99179077e+00
-4.26232861e-03 4.99199581e+00
-4.25517606e-03 4.99188137e+00
-4.27305745e-03 4.99202347e+00
-4.24921559e-03 4.99181223e+00
-4.25636815e-03 4.99188375e+00
-4.25517606e-03 4.99198389e+00
-4.26828908e-03 4.99194336e+00
-4.25636815e-03 4.99185038e+00
-4.23371838e-03 4.99195910e+00
-4.26113652e-03 4.99193621e+00
-4.24683141e-03 4.99193859e+00
-4.24921559e-03 4.99192572e+00
-4.24683141e-03 4.99195433e+00
-4.26113652e-03 4.99188852e+00
-4.26113652e-03 4.99191618e+00
-4.25159978e-03 4.99195194e+00
-4.26232861e-03 4.99189091e+00
-4.26232861e-03 4.99193287e+00
-4.24563931e-03 4.99204826e+00
-4.26590489e-03 4.99185896e+00
-4.25875233e-03 4.99192572e+00
-4.26232861e-03 4.99191475e+00
-4.26113652e-03 4.99195528e+00
-4.23848676e-03 4.99199963e+00
-4.26232861e-03 4.99191475e+00
-4.28021001e-03 4.99195766e+00
-4.26113652e-03 4.99199486e+00
-4.26590489e-03 4.99190998e+00
-4.24563931e-03 4.99193764e+00
-4.25517606e-03 4.99204969e+00
-4.24206303e-03 4.99188042e+00
-4.25875233e-03 4.99204731e+00
-4.26232861e-03 4.99199104e+00
-4.24563931e-03 4.99198294e+00
-4.25517606e-03 4.99197912e+00
-4.26590489e-03 4.99184227e+00
-4.25040768e-03 4.99198627e+00
-4.24206303e-03 4.99182320e+00
-4.25875233e-03 4.99185276e+00
-4.26113652e-03 4.99193382e+00
-4.26590489e-03 4.99186230e+00
-4.26352071e-03 4.99199581e+00
-4.27067326e-03 4.99177885e+00
-4.25994443e-03 4.99190426e+00
-4.25398396e-03 4.99197817e+00
-4.24563931e-03 4.99192572e+00
-4.25875233e-03 4.99189568e+00
-4.25875233e-03 4.99184227e+00
-4.28140210e-03 4.99193287e+00
-4.25875233e-03 4.99196959e+00
-4.24683141e-03 4.99188995e+00
-4.24563931e-03 4.99186230e+00
-4.24444722e-03 4.99185991e+00
-4.24444722e-03 4.99199247e+00
-4.25517606e-03 4.99196482e+00
-4.27424954e-03 4.99178743e+00
-4.25159978e-03 4.99178743e+00
-4.24802350e-03 4.99196863e+00
-4.25756024e-03 4.99198771e+00
-4.25040768e-03 4.99198771e+00
-4.25279187e-03 4.99196386e+00
-4.23610257e-03 4.99185514e+00
-4.26709699e-03 4.99193382e+00
-4.26113652e-03 4.99188137e+00
-4.26828908e-03 4.99188042e+00
-4.25875233e-03 4.99195194e+00
-4.25279187e-03 4.99193621e+00
-4.26709699e-03 4.99198294e+00
-4.24206303e-03 4.99191236e+00
-4.25517606e-03 4.99212217e+00
-4.26709699e-03 4.99191141e+00
-4.25756024e-03 4.99206161e+00
-4.25756024e-03 4.99196625e+00
-4.25040768e-03 4.99195194e+00
-4.25279187e-03 4.99194241e+00
-4.27186536e-03 4.99195528e+00
-4.25756024e-03 4.99193764e+00
-4.25517606e-03 4.99199104e+00
-4.26232861e-03 4.99184465e+00
-4.24444722e-03 4.99183512e+00
-4.25398396e-03 4.99193144e+00
-4.26948117e-03 4.99187899e+00
-4.26113652e-03 4.99190521e+00
-4.25994443e-03 4.99190998e+00
-4.26709699e-03 4.99174452e+00
-4.27067326e-03 4.99194098e+00
-4.26590489e-03 4.99190760e+00
-4.27186536e-03 4.99191618e+00
-4.25517606e-03 4.99200773e+00
-4.26232861e-03 4.99176121e+00
-4.26471280e-03 4.99182892e+00
-4.27663373e-03 4.99194098e+00
-4.24444722e-03 4.99179697e+00
-4.26828908e-03 4.99186850e+00
-4.27067326e-03 4.99192572e+00
-4.26471280e-03 4.99195671e+00
-4.25875233e-03 4.99189091e+00
-4.25279187e-03 4.99193287e+00
-4.27663373e-03 4.99185419e+00
-4.24563931e-03 4.99199009e+00
-4.25756024e-03 4.99199247e+00
-4.24444722e-03 4.99186230e+00
-4.25875233e-03 4.99208403e+00
-4.24921559e-03 4.99199486e+00
-4.27186536e-03 4.99180031e+00
-4.25517606e-03 4.99178028e+00
-4.25756024e-03 4.99195051e+00
-4.24683141e-03 4.99195194e+00
-4.25875233e-03 4.99201632e+00
-4.25517606e-03 4.99204588e+00
-4.24325513e-03 4.99198627e+00
-4.25279187e-03 4.99204588e+00
-4.26232861e-03 4.99182892e+00
-4.25875233e-03 4.99183846e+00
-4.25875233e-03 4.99196148e+00
-4.25159978e-03 4.99206400e+00
-4.26709699e-03 4.99191141e+00
-4.26709699e-03 4.99186134e+00
-4.24563931e-03 4.99196720e+00
-4.25398396e-03 4.99197578e+00
-4.23848676e-03 4.99186611e+00
-4.25398396e-03 4.99201488e+00
-4.25994443e-03 4.99195051e+00
-4.24683141e-03 4.99190664e+00
-4.27544164e-03 4.99179077e+00
-4.25636815e-03 4.99208307e+00
-4.25994443e-03 4.99191952e+00
-4.26113652e-03 4.99189711e+00
-4.25875233e-03 4.99199343e+00
-4.24802350e-03 4.99175882e+00
-4.24444722e-03 4.99203062e+00
-4.25159978e-03 4.99187803e+00
-4.26232861e-03 4.99185753e+00
-4.25279187e-03 4.99190283e+00
-4.25875233e-03 4.99193144e+00
-4.23491048e-03 4.99188375e+00
-4.25756024e-03 4.99185038e+00
-4.25994443e-03 4.99191236e+00
-4.26709699e-03 4.99201155e+00
-4.25398396e-03 4.99193859e+00
-4.25398396e-03 4.99189806e+00
-4.25040768e-03 4.99185753e+00
-4.26352071e-03 4.99193621e+00
-4.27782582e-03 4.99195290e+00
-4.25517606e-03 4.99193621e+00
-4.25756024e-03 4.99196005e+00
-4.27067326e-03 4.99190283e+00
-4.26709699e-03 4.99188042e+00
-4.24921559e-03 4.99200773e+00
-4.23729466e-03 4.99207687e+00
-4.24921559e-03 4.99183369e+00
-4.24802350e-03 4.99190426e+00
-4.25279187e-03 4.99188995e+00
-4.26709699e-03 4.99205923e+00
-4.24802350e-03 4.99188995e+00
-4.24325513e-03 4.99186945e+00
-4.24206303e-03 4.99193764e+00
-4.24802350e-03 4.99185038e+00
-4.27782582e-03 4.99195910e+00
-4.26948117e-03 4.99207115e+00
-4.26113652e-03 4.99196625e+00
-4.27305745e-03 4.99196625e+00
-4.24563931e-03 4.99181843e+00
-4.26352071e-03 4.99193382e+00
-4.26471280e-03 4.99193621e+00
-4.26232861e-03 4.99192095e+00
-4.26828908e-03 4.99191141e+00
-4.24444722e-03 4.99189568e+00
-4.26113652e-03 4.99180174e+00
-4.27186536e-03 4.99195528e+00
-4.26352071e-03 4.99196386e+00
-4.26352071e-03 4.99196959e+00
-4.28378629e-03 4.99187088e+00
-4.23014211e-03 4.99193287e+00
-4.24802350e-03 4.99183369e+00
-4.26828908e-03 4.99192429e+00
-4.26948117e-03 4.99190187e+00
-4.25398396e-03 4.99193859e+00
-4.25517606e-03 4.99196720e+00
-4.27186536e-03 4.99201155e+00
-4.25517606e-03 4.99188614e+00
-4.26113652e-03 4.99194241e+00
-4.26590489e-03 4.99206495e+00
-4.27067326e-03 4.99192333e+00
-4.27663373e-03 4.99190521e+00
-4.26828908e-03 4.99194956e+00
-4.26590489e-03 4.99193621e+00
-4.25756024e-03 4.99183369e+00
-4.25040768e-03 4.99195051e+00
-4.25279187e-03 4.99198627e+00
-4.24921559e-03 4.99190903e+00
-4.23967885e-03 4.99201727e+00
-4.25398396e-03 4.99197197e+00
-4.23610257e-03 4.99189949e+00
-4.26113652e-03 4.99196720e+00
-4.25159978e-03 4.99206257e+00
-4.25517606e-03 4.99201155e+00
-4.25994443e-03 4.99192429e+00
-4.26709699e-03 4.99193287e+00
-4.25756024e-03 4.99185276e+00
-4.25398396e-03 4.99187660e+00
-4.24921559e-03 4.99195194e+00
-4.23848676e-03 4.99198294e+00
-4.26471280e-03 4.99184561e+00
-4.26590489e-03 4.99175406e+00
-4.23967885e-03 4.99197435e+00
-4.25994443e-03 4.99196482e+00
-4.26948117e-03 4.99190521e+00
-4.26352071e-03 4.99197340e+00
-4.27544164e-03 4.99183512e+00
-4.25994443e-03 4.99201488e+00
-4.27067326e-03 4.99197102e+00
-4.24683141e-03 4.99181223e+00
-4.24206303e-03 4.99192810e+00
-4.25040768e-03 4.99185514e+00
-4.23371838e-03 4.99193764e+00
-4.26471280e-03 4.99197197e+00
-4.25517606e-03 4.99201012e+00
-4.25517606e-03 4.99201870e+00
-4.26709699e-03 4.99192190e+00
-4.25994443e-03 4.99204493e+00
-4.25756024e-03 4.99199963e+00
-4.25159978e-03 4.99200201e+00
-4.26590489e-03 4.99193764e+00
-4.27305745e-03 4.99192572e+00
-4.24921559e-03 4.99191380e+00
-4.24683141e-03 4.99187183e+00
-4.24921559e-03 4.99183989e+00
-4.24921559e-03 4.99199343e+00
-4.24683141e-03 4.99196625e+00
-4.28259419e-03 4.99198532e+00
-4.23610257e-03 4.99199581e+00
-4.25517606e-03 4.99185276e+00
-4.27663373e-03 4.99200201e+00
-4.26828908e-03 4.99193144e+00
-4.25875233e-03 4.99185276e+00
-4.24921559e-03 4.99191236e+00
-4.26828908e-03 4.99194479e+00
-4.25159978e-03 4.99191380e+00
-4.25636815e-03 4.99192333e+00
-4.26232861e-03 4.99195051e+00
-4.26828908e-03 4.99201250e+00
-4.26113652e-03 4.99203157e+00
-4.25756024e-03 4.99192810e+00
-4.25040768e-03 4.99197912e+00
-4.23967885e-03 4.99185181e+00
-4.26471280e-03 4.99202442e+00
-4.25636815e-03 4.99186230e+00
-4.29093884e-03 4.99185038e+00
-4.25875233e-03 4.99193144e+00
-4.27424954e-03 4.99190044e+00
-4.25159978e-03 4.99184561e+00
-4.23491048e-03 4.99185896e+00
-4.24444722e-03 4.99188137e+00
-4.24921559e-03 4.99183035e+00
-4.26471280e-03 4.99190044e+00
-4.26113652e-03 4.99190187e+00
-4.24921559e-03 4.99202108e+00
-4.24802350e-03 4.99182892e+00
-4.26828908e-03 4.99192572e+00
-4.25517606e-03 4.99205208e+00
-4.25040768e-03 4.99189472e+00
-4.26232861e-03 4.99189234e+00
-4.25875233e-03 4.99187088e+00
-4.25875233e-03 4.99206018e+00
-4.27305745e-03 4.99202824e+00
-4.25636815e-03 4.99181366e+00
-4.24325513e-03 4.99184465e+00
-4.25636815e-03 4.99193859e+00
-4.24683141e-03 4.99186707e+00
-4.25517606e-03 4.99188614e+00
-4.25636815e-03 4.99182796e+00
-4.25636815e-03 4.99193144e+00
-4.25517606e-03 4.99193048e+00
-4.24206303e-03 4.99185514e+00
-4.24563931e-03 4.99190521e+00
-4.25159978e-03 4.99186850e+00
-4.24802350e-03 4.99191380e+00
-4.25159978e-03 4.99179077e+00
-4.26232861e-03 4.99194241e+00
-4.25756024e-03 4.99175978e+00
-4.25398396e-03 4.99193144e+00
-4.26590489e-03 4.99187326e+00
-4.24087094e-03 4.99190998e+00
-4.27186536e-03 4.99178505e+00
-4.26948117e-03 4.99190283e+00
-4.27782582e-03 4.99193144e+00
-4.26948117e-03 4.99203539e+00
-4.24683141e-03 4.99203300e+00
-4.26948117e-03 4.99187422e+00
-4.25875233e-03 4.99183846e+00
-4.26232861e-03 4.99190998e+00
-4.24563931e-03 4.99188280e+00
-4.25279187e-03 4.99179316e+00
-4.25398396e-03 4.99187422e+00
-4.25159978e-03 4.99196386e+00
-4.26352071e-03 4.99188042e+00
-4.26352071e-03 4.99196386e+00
-4.25159978e-03 4.99187899e+00
-4.23371838e-03 4.99195290e+00
-4.23371838e-03 4.99182653e+00
-4.26352071e-03 4.99191236e+00
-4.25636815e-03 4.99184227e+00
-4.24563931e-03 4.99190521e+00
-4.23848676e-03 4.99188280e+00
-4.24325513e-03 4.99199724e+00
-4.24683141e-03 4.99200058e+00
-4.26113652e-03 4.99189949e+00
-4.24802350e-03 4.99192810e+00
-4.26590489e-03 4.99198055e+00
-4.25875233e-03 4.99185181e+00
-4.26709699e-03 4.99189329e+00
-4.25398396e-03 4.99187565e+00
-4.25517606e-03 4.99196005e+00
-4.26709699e-03 4.99186230e+00
-4.25517606e-03 4.99195433e+00
-4.24325513e-03 4.99191141e+00
-4.25517606e-03 4.99181461e+00
-4.26828908e-03 4.99193859e+00
-4.23967885e-03 4.99185181e+00
-4.26948117e-03 4.99185896e+00
-4.24921559e-03 4.99191856e+00
-4.25517606e-03 4.99180746e+00
-4.28259419e-03 4.99188042e+00
-4.26828908e-03 4.99188519e+00
-4.26709699e-03 4.99187422e+00
-4.26471280e-03 4.99189234e+00
-4.24444722e-03 4.99188757e+00
-4.26232861e-03 4.99190903e+00
-4.25398396e-03 4.99190187e+00
-4.25279187e-03 4.99192572e+00
-4.25875233e-03 4.99186373e+00
-4.26590489e-03 4.99193144e+00
-4.25398396e-03 4.99189711e+00
-4.24325513e-03 4.99197674e+00
-4.26471280e-03 4.99184799e+00
-4.25875233e-03 4.99187088e+00
-4.24087094e-03 4.99179316e+00
-4.25636815e-03 4.99192572e+00
-4.27067326e-03 4.99192810e+00
-4.25994443e-03 4.99192429e+00
-4.25517606e-03 4.99195194e+00
-4.24921559e-03 4.99186468e+00
-4.25756024e-03 4.99181604e+00
-4.26232861e-03 4.99203777e+00
-4.26828908e-03 4.99190664e+00
-4.25875233e-03 4.99186707e+00
-4.25517606e-03 4.99201012e+00
-4.26471280e-03 4.99195290e+00
-4.26471280e-03 4.99187803e+00
-4.27663373e-03 4.99195194e+00
-4.25994443e-03 4.99192095e+00
-4.25636815e-03 4.99186945e+00
-4.26113652e-03 4.99186850e+00
-4.24563931e-03 4.99187660e+00
-4.25636815e-03 4.99186850e+00
-4.25994443e-03 4.99195671e+00
-4.25756024e-03 4.99181700e+00
-4.27782582e-03 4.99190903e+00
-4.24325513e-03 4.99189091e+00
-4.25875233e-03 4.99190426e+00
-4.25398396e-03 4.99194098e+00
-4.25398396e-03 4.99189806e+00
-4.27067326e-03 4.99185514e+00
-4.27782582e-03 4.99175644e+00
-4.25040768e-03 4.99187803e+00
-4.28140210e-03 4.99192190e+00
-4.25040768e-03 4.99195528e+00
-4.24921559e-03 4.99178982e+00
-4.26232861e-03 4.99189949e+00
-4.26352071e-03 4.99195528e+00
-4.24325513e-03 4.99188375e+00
-4.27067326e-03 4.99180651e+00
-4.23848676e-03 4.99186373e+00
-4.26232861e-03 4.99184465e+00
-4.25875233e-03 4.99183989e+00
-4.25756024e-03 4.99184942e+00
-4.24325513e-03 4.99190760e+00
-4.24921559e-03 4.99180984e+00
-4.26113652e-03 4.99198151e+00
-4.26709699e-03 4.99190903e+00
-4.26471280e-03 4.99194956e+00
-4.24444722e-03 4.99184227e+00
-4.27186536e-03 4.99200439e+00
-4.26232861e-03 4.99197197e+00
-4.25875233e-03 4.99184561e+00
-4.26113652e-03 4.99188280e+00
-4.24683141e-03 4.99188757e+00
-4.24921559e-03 4.99176836e+00
-4.26828908e-03 4.99199820e+00
-4.25875233e-03 4.99190187e+00
-4.23729466e-03 4.99193859e+00
-4.23967885e-03 4.99184465e+00
-4.26828908e-03 4.99200439e+00
-4.26352071e-03 4.99183607e+00
-4.26828908e-03 4.99190998e+00
-4.26828908e-03 4.99194241e+00
-4.25398396e-03 4.99188375e+00
-4.25636815e-03 4.99192333e+00
-4.25875233e-03 4.99185658e+00
-4.25636815e-03 4.99184942e+00
-4.26828908e-03 4.99187565e+00
-4.26113652e-03 4.99184942e+00
-4.27186536e-03 4.99180889e+00
-4.26709699e-03 4.99196243e+00
-4.25636815e-03 4.99190044e+00
-4.25636815e-03 4.99187422e+00
-4.26828908e-03 4.99186230e+00
-4.26948117e-03 4.99177647e+00
-4.24563931e-03 4.99177551e+00
-4.28855466e-03 4.99191713e+00
-4.25994443e-03 4.99199963e+00
-4.26828908e-03 4.99200201e+00
-4.25517606e-03 4.99188995e+00
-4.26590489e-03 4.99184465e+00
-4.25636815e-03 4.99194956e+00
-4.26709699e-03 4.99184322e+00
-4.25756024e-03 4.99192190e+00
-4.25517606e-03 4.99193048e+00
-4.25756024e-03 4.99189329e+00
-4.24802350e-03 4.99187088e+00
-4.25159978e-03 4.99179697e+00
-4.25398396e-03 4.99191141e+00
-4.25517606e-03 4.99178743e+00
-4.24444722e-03 4.99198151e+00
-4.26352071e-03 4.99197912e+00
-4.26232861e-03 4.99189568e+00
-4.25159978e-03 4.99196625e+00
-4.25636815e-03 4.99192429e+00
-4.25756024e-03 4.99177885e+00
-4.27305745e-03 4.99193525e+00
-4.26828908e-03 4.99185991e+00
-4.25279187e-03 4.99187565e+00
-4.26471280e-03 4.99186468e+00
-4.27067326e-03 4.99191713e+00
-4.25517606e-03 4.99179792e+00
-4.24087094e-03 4.99186468e+00
-4.25994443e-03 4.99179792e+00
-4.26352071e-03 4.99184465e+00
-4.24683141e-03 4.99200058e+00
-4.25517606e-03 4.99189806e+00
-4.25517606e-03 4.99190044e+00
-4.25040768e-03 4.99194813e+00
-4.26948117e-03 4.99180889e+00
-4.25756024e-03 4.99189091e+00
-4.26471280e-03 4.99192810e+00
-4.24087094e-03 4.99187660e+00
-4.26232861e-03 4.99186468e+00
-4.25517606e-03 4.99196005e+00
-4.25994443e-03 4.99202919e+00
-4.24563931e-03 4.99183512e+00
-4.25875233e-03 4.99185038e+00
-4.26471280e-03 4.99191618e+00
-4.25040768e-03 4.99198294e+00
-4.25159978e-03 4.99185038e+00
-4.25517606e-03 4.99187422e+00
-4.25875233e-03 4.99197674e+00
-4.25398396e-03 4.99193859e+00
-4.27186536e-03 4.99186230e+00
-4.25279187e-03 4.99195051e+00
-4.25756024e-03 4.99187326e+00
-4.25517606e-03 4.99191141e+00
-4.27782582e-03 4.99185038e+00
-4.25756024e-03 4.99172401e+00
-4.25159978e-03 4.99183369e+00
-4.26948117e-03 4.99194336e+00
-4.23014211e-03 4.99179554e+00
-4.24921559e-03 4.99183607e+00
-4.27544164e-03 4.99197197e+00
-4.25756024e-03 4.99192429e+00
-4.24325513e-03 4.99191713e+00
-4.25159978e-03 4.99192667e+00
-4.24087094e-03 4.99204254e+00
-4.26352071e-03 4.99194479e+00
-4.25875233e-03 4.99180889e+00
-4.25756024e-03 4.99186707e+00
-4.25398396e-03 4.99202204e+00
-4.25636815e-03 4.99176359e+00
-4.24683141e-03 4.99195290e+00
-4.27901791e-03 4.99187326e+00
-4.23967885e-03 4.99199486e+00
-4.25517606e-03 4.99184227e+00
-4.25756024e-03 4.99185753e+00
-4.24206303e-03 4.99196148e+00
-4.26113652e-03 4.99189091e+00
-4.26113652e-03 4.99188995e+00
-4.26948117e-03 4.99180651e+00
-4.25040768e-03 4.99190998e+00
-4.24325513e-03 4.99193287e+00
-4.26590489e-03 4.99200201e+00
-4.26828908e-03 4.99186373e+00
-4.25875233e-03 4.99185658e+00
-4.23491048e-03 4.99176455e+00
-4.25398396e-03 4.99180889e+00
-4.23252629e-03 4.99184227e+00
-4.24563931e-03 4.99191236e+00
-4.25040768e-03 4.99196625e+00
-4.27424954e-03 4.99197578e+00
-4.25040768e-03 4.99198055e+00
-4.25875233e-03 4.99185181e+00
-4.25756024e-03 4.99193382e+00
-4.25756024e-03 4.99178362e+00
-4.25875233e-03 4.99189806e+00
-4.26352071e-03 4.99196243e+00
-4.24206303e-03 4.99195433e+00
-4.25398396e-03 4.99191236e+00
-4.25636815e-03 4.99190521e+00
-4.24802350e-03 4.99191713e+00
-4.25756024e-03 4.99184799e+00
-4.25994443e-03 4.99184799e+00
-4.27186536e-03 4.99196863e+00
-4.26232861e-03 4.99196386e+00
-4.25159978e-03 4.99187422e+00
-4.25756024e-03 4.99184227e+00
-4.26709699e-03 4.99191618e+00
-4.26113652e-03 4.99178982e+00
-4.23252629e-03 4.99181461e+00
-4.26828908e-03 4.99186707e+00
-4.24683141e-03 4.99188280e+00
-4.26352071e-03 4.99186468e+00
-4.25756024e-03 4.99186707e+00
-4.25875233e-03 4.99170160e+00
-4.24921559e-03 4.99181843e+00
-4.25756024e-03 4.99169540e+00
-4.26113652e-03 4.99182653e+00
-4.25279187e-03 4.99191713e+00
-4.23848676e-03 4.99183750e+00
-4.27424954e-03 4.99187422e+00
-4.25994443e-03 4.99187088e+00
-4.26232861e-03 4.99189568e+00
-4.25159978e-03 4.99183512e+00
-4.23491048e-03 4.99178362e+00
-4.24206303e-03 4.99180174e+00
-4.26590489e-03 4.99176455e+00
-4.28259419e-03 4.99182653e+00
-4.24683141e-03 4.99166584e+00
-4.26471280e-03 4.99189234e+00
-4.25040768e-03 4.99191475e+00
-4.25159978e-03 4.99186134e+00
-4.26709699e-03 4.99181938e+00
-4.26590489e-03 4.99196720e+00
-4.23967885e-03 4.99183989e+00
-4.26590489e-03 4.99190664e+00
-4.25756024e-03 4.99182320e+00
-4.25040768e-03 4.99188852e+00
-4.26113652e-03 4.99199581e+00
-4.23967885e-03 4.99186945e+00
-4.25279187e-03 4.99186134e+00
-4.23610257e-03 4.99172878e+00
-4.26948117e-03 4.99184704e+00
-4.25636815e-03 4.99186945e+00
-4.25756024e-03 4.99187088e+00
-4.24563931e-03 4.99192667e+00
-4.25517606e-03 4.99183512e+00
-4.25517606e-03 4.99178600e+00
-4.26828908e-03 4.99187803e+00
-4.26352071e-03 4.99201870e+00
-4.24921559e-03 4.99188852e+00
-4.27782582e-03 4.99182892e+00
-4.27067326e-03 4.99191856e+00
-4.24683141e-03 4.99179316e+00
-4.26352071e-03 4.99176121e+00
-4.26232861e-03 4.99190044e+00
-4.26352071e-03 4.99182081e+00
-4.25517606e-03 4.99196386e+00
-4.26590489e-03 4.99183035e+00
-4.26948117e-03 4.99177885e+00
-4.25636815e-03 4.99189091e+00
-4.24206303e-03 4.99176121e+00
-4.23610257e-03 4.99180174e+00
-4.25398396e-03 4.99183750e+00
-4.26948117e-03 4.99179554e+00
-4.26828908e-03 4.99190283e+00
-4.26709699e-03 4.99191856e+00
-4.25398396e-03 4.99182177e+00
-4.25279187e-03 4.99187660e+00
-4.24802350e-03 4.99187088e+00
-4.28140210e-03 4.99182558e+00
-4.25636815e-03 4.99178600e+00
-4.24683141e-03 4.99177647e+00
-4.25517606e-03 4.99185753e+00
-4.23967885e-03 4.99183273e+00
-4.26113652e-03 4.99176359e+00
-4.25040768e-03 4.99178839e+00
-4.27782582e-03 4.99178123e+00
-4.26352071e-03 4.99184799e+00
-4.26590489e-03 4.99184227e+00
-4.26232861e-03 4.99173594e+00
-4.25756024e-03 4.99190426e+00
-4.24444722e-03 4.99189806e+00
-4.23967885e-03 4.99186134e+00
-4.26352071e-03 4.99174070e+00
-4.26113652e-03 4.99175167e+00
-4.26113652e-03 4.99189329e+00
-4.26709699e-03 4.99183273e+00
-4.27305745e-03 4.99189234e+00
-4.27067326e-03 4.99176455e+00
-4.25636815e-03 4.99175739e+00
-4.26113652e-03 4.99187422e+00
-4.25398396e-03 4.99175024e+00
-4.25636815e-03 4.99176598e+00
-4.25279187e-03 4.99197102e+00
-4.29213094e-03 4.99189329e+00
-4.26352071e-03 4.99188042e+00
-4.25159978e-03 4.99169445e+00
-4.24206303e-03 4.99199343e+00
-4.26471280e-03 4.99180508e+00
-4.25756024e-03 4.99170876e+00
-4.25517606e-03 4.99185753e+00
-4.26471280e-03 4.99194574e+00
-4.25159978e-03 4.99186468e+00
-4.26232861e-03 4.99185276e+00
-4.25398396e-03 4.99203396e+00
-4.26113652e-03 4.99180412e+00
-4.24683141e-03 4.99188995e+00
-4.23729466e-03 4.99192572e+00
-4.23371838e-03 4.99189091e+00
-4.25398396e-03 4.99186945e+00
-4.26948117e-03 4.99182796e+00
-4.26709699e-03 4.99185896e+00
-4.24921559e-03 4.99184799e+00
-4.25040768e-03 4.99180984e+00
-4.24563931e-03 4.99181700e+00
-4.25756024e-03 4.99174070e+00
-4.27067326e-03 4.99179077e+00
-4.26828908e-03 4.99194241e+00
-4.25279187e-03 4.99191475e+00
-4.25040768e-03 4.99191713e+00
-4.27305745e-03 4.99199343e+00
-4.25398396e-03 4.99179554e+00
-4.27186536e-03 4.99177647e+00
-4.25517606e-03 4.99178743e+00
-4.24802350e-03 4.99186468e+00
-4.24683141e-03 4.99188519e+00
-4.26232861e-03 4.99182892e+00
-4.25398396e-03 4.99188614e+00
-4.25517606e-03 4.99190187e+00
-4.25517606e-03 4.99184799e+00
-4.24921559e-03 4.99192190e+00
-4.24802350e-03 4.99189711e+00
-4.26113652e-03 4.99179459e+00
-4.26828908e-03 4.99189472e+00
-4.25398396e-03 4.99178028e+00
-4.23491048e-03 4.99186945e+00
-4.25040768e-03 4.99192667e+00
-4.25636815e-03 4.99187803e+00
-4.26590489e-03 4.99192190e+00
-4.28021001e-03 4.99180651e+00
-4.25398396e-03 4.99182415e+00
-4.24683141e-03 4.99190426e+00
-4.27305745e-03 4.99193621e+00
-4.26709699e-03 4.99175644e+00
-4.25040768e-03 4.99186945e+00
-4.26352071e-03 4.99190187e+00
-4.25040768e-03 4.99190187e+00
-4.25756024e-03 4.99177647e+00
-4.23848676e-03 4.99196720e+00
-4.25875233e-03 4.99189806e+00
-4.26232861e-03 4.99191475e+00
-4.25994443e-03 4.99181366e+00
-4.25398396e-03 4.99178505e+00
-4.26471280e-03 4.99184322e+00
-4.26471280e-03 4.99200678e+00
-4.24563931e-03 4.99178028e+00
-4.24921559e-03 4.99188137e+00
-4.25159978e-03 4.99172783e+00
-4.25994443e-03 4.99185038e+00
-4.25159978e-03 4.99181604e+00
-4.25756024e-03 4.99200773e+00
-4.25279187e-03 4.99189329e+00
-4.25159978e-03 4.99191380e+00
-4.25756024e-03 4.99185276e+00
-4.25875233e-03 4.99181700e+00
-4.26232861e-03 4.99200678e+00
-4.26113652e-03 4.99191618e+00
-4.24683141e-03 4.99189329e+00
-4.25398396e-03 4.99189472e+00
-4.28021001e-03 4.99181604e+00
-4.24325513e-03 4.99188614e+00
-4.27305745e-03 4.99183846e+00
-4.25875233e-03 4.99194479e+00
-4.26948117e-03 4.99178267e+00
-4.25279187e-03 4.99184322e+00
-4.27186536e-03 4.99165154e+00
-4.28736256e-03 4.99196959e+00
-4.25994443e-03 4.99191236e+00
-4.23610257e-03 4.99191618e+00
-4.24683141e-03 4.99185753e+00
-4.26113652e-03 4.99175882e+00
-4.26113652e-03 4.99190283e+00
-4.25875233e-03 4.99184465e+00
-4.26113652e-03 4.99180174e+00
-4.25994443e-03 4.99190903e+00
-4.25994443e-03 4.99185658e+00
-4.25517606e-03 4.99183512e+00
-4.25756024e-03 4.99190426e+00
-4.25517606e-03 4.99193048e+00
-4.27663373e-03 4.99182081e+00
-4.25636815e-03 4.99173021e+00
-4.26352071e-03 4.99181128e+00
-4.24683141e-03 4.99187326e+00
-4.25159978e-03 4.99183989e+00
-4.24683141e-03 4.99188519e+00
-4.26709699e-03 4.99196720e+00
-4.24444722e-03 4.99180984e+00
-4.25636815e-03 4.99182415e+00
-4.25517606e-03 4.99190426e+00
-4.26471280e-03 4.99181938e+00
-4.26113652e-03 4.99189568e+00
-4.25636815e-03 4.99185419e+00
-4.26471280e-03 4.99196959e+00
-4.25994443e-03 4.99193621e+00
-4.24683141e-03 4.99177790e+00
-4.25517606e-03 4.99184704e+00
-4.26352071e-03 4.99192572e+00
-4.26113652e-03 4.99183369e+00
-4.28259419e-03 4.99190426e+00
-4.24683141e-03 4.99186468e+00
-4.25636815e-03 4.99185038e+00
-4.26948117e-03 4.99182796e+00
-4.26590489e-03 4.99182892e+00
-4.28140210e-03 4.99179459e+00
-4.25517606e-03 4.99195290e+00
-4.26232861e-03 4.99198389e+00
-4.24683141e-03 4.99198627e+00
-4.27305745e-03 4.99179697e+00
-4.25636815e-03 4.99184799e+00
-4.24444722e-03 4.99189568e+00
-4.27067326e-03 4.99185419e+00
-4.26471280e-03 4.99192429e+00
-4.24921559e-03 4.99179697e+00
-4.25994443e-03 4.99182415e+00
-4.27067326e-03 4.99190998e+00
-4.25398396e-03 4.99195766e+00
-4.25279187e-03 4.99192095e+00
-4.27305745e-03 4.99185896e+00
-4.26828908e-03 4.99196720e+00
-4.24683141e-03 4.99190187e+00
-4.25398396e-03 4.99187565e+00
-4.27067326e-03 4.99188519e+00
-4.25159978e-03 4.99188852e+00
-4.27186536e-03 4.99183369e+00
-4.26471280e-03 4.99179697e+00
-4.25279187e-03 4.99194479e+00
-4.24444722e-03 4.99177074e+00
-4.25517606e-03 4.99182415e+00
-4.27305745e-03 4.99193048e+00
-4.24325513e-03 4.99183035e+00
-4.25517606e-03 4.99193621e+00
-4.24087094e-03 4.99180412e+00
-4.24683141e-03 4.99199963e+00
-4.23967885e-03 4.99194813e+00
-4.24802350e-03 4.99187565e+00
-4.27067326e-03 4.99201488e+00
-4.27305745e-03 4.99187183e+00
-4.25159978e-03 4.99197102e+00
-4.26232861e-03 4.99188519e+00
-4.26232861e-03 4.99189568e+00
-4.25994443e-03 4.99188852e+00
-4.24802350e-03 4.99183130e+00
-4.26828908e-03 4.99185658e+00
-4.24206303e-03 4.99187803e+00
-4.25279187e-03 4.99190998e+00
-4.25636815e-03 4.99184704e+00
-4.27424954e-03 4.99200296e+00
-4.25517606e-03 4.99197435e+00
-4.23729466e-03 4.99185658e+00
-4.25875233e-03 4.99198627e+00
-4.26590489e-03 4.99195766e+00
-4.26471280e-03 4.99186611e+00
-4.26471280e-03 4.99187565e+00
-4.24563931e-03 4.99180984e+00
-4.25875233e-03 4.99195194e+00
-4.25994443e-03 4.99192905e+00
-4.26709699e-03 4.99194336e+00
-4.26352071e-03 4.99182796e+00
-4.23848676e-03 4.99187803e+00
-4.25636815e-03 4.99190998e+00
-4.26113652e-03 4.99190664e+00
-4.24683141e-03 4.99197674e+00
-4.25398396e-03 4.99192429e+00
-4.26113652e-03 4.99190044e+00
-4.29213094e-03 4.99188519e+00
-4.24683141e-03 4.99196005e+00
-4.25040768e-03 4.99192572e+00
-4.25517606e-03 4.99185276e+00
-4.26709699e-03 4.99195290e+00
-4.25994443e-03 4.99196482e+00
-4.26232861e-03 4.99170160e+00
-4.25279187e-03 4.99187422e+00
-4.26709699e-03 4.99185753e+00
-4.25636815e-03 4.99184465e+00
-4.24921559e-03 4.99173832e+00
-4.27305745e-03 4.99182796e+00
-4.24921559e-03 4.99190426e+00
-4.24325513e-03 4.99188042e+00
-4.25398396e-03 4.99185658e+00
-4.25994443e-03 4.99178028e+00
-4.24206303e-03 4.99181461e+00
-4.25636815e-03 4.99173498e+00
-4.26352071e-03 4.99178028e+00
-4.26232861e-03 4.99189711e+00
-4.25994443e-03 4.99196005e+00
-4.25994443e-03 4.99189234e+00
-4.26471280e-03 4.99185753e+00
-4.27067326e-03 4.99194574e+00
-4.25279187e-03 4.99197912e+00
-4.25636815e-03 4.99181938e+00
-4.25398396e-03 4.99198866e+00
-4.26590489e-03 4.99188280e+00
-4.25040768e-03 4.99175406e+00
-4.26352071e-03 4.99180174e+00
-4.26590489e-03 4.99197102e+00
-4.26590489e-03 4.99186945e+00
-4.24325513e-03 4.99196863e+00
-4.25279187e-03 4.99192572e+00
-4.26709699e-03 4.99186945e+00
-4.23848676e-03 4.99187899e+00
-4.25994443e-03 4.99181366e+00
-4.26948117e-03 4.99192667e+00
-4.24563931e-03 4.99195433e+00
-4.27067326e-03 4.99186945e+00
-4.27305745e-03 4.99198627e+00
-4.25517606e-03 4.99189806e+00
-4.25875233e-03 4.99191475e+00
-4.28497838e-03 4.99199247e+00
-4.26828908e-03 4.99182081e+00
-4.25875233e-03 4.99191618e+00
-4.24563931e-03 4.99189711e+00
-4.26948117e-03 4.99191856e+00
-4.25636815e-03 4.99200773e+00
-4.26709699e-03 4.99191952e+00
-4.24802350e-03 4.99196720e+00
-4.24802350e-03 4.99182415e+00
-4.25756024e-03 4.99188042e+00
-4.25636815e-03 4.99189472e+00
-4.25636815e-03 4.99183989e+00
-4.25636815e-03 4.99194336e+00
-4.26709699e-03 4.99186850e+00
-4.25517606e-03 4.99188519e+00
-4.24802350e-03 4.99195433e+00
-4.25398396e-03 4.99194241e+00
-4.26232861e-03 4.99190998e+00
-4.24921559e-03 4.99190998e+00
-4.25040768e-03 4.99200439e+00
-4.24444722e-03 4.99178839e+00
-4.25875233e-03 4.99192333e+00
-4.26113652e-03 4.99191952e+00
-4.25636815e-03 4.99181366e+00
-4.25398396e-03 4.99187899e+00
-4.26471280e-03 4.99191236e+00
-4.26232861e-03 4.99194241e+00
-4.26948117e-03 4.99190187e+00
-4.24325513e-03 4.99188280e+00
-4.25398396e-03 4.99191952e+00
-4.24563931e-03 4.99199486e+00
-4.25279187e-03 4.99188519e+00
-4.24444722e-03 4.99187422e+00
-4.26352071e-03 4.99168730e+00
-4.28974675e-03 4.99186373e+00
-4.25159978e-03 4.99182415e+00
-4.26113652e-03 4.99203300e+00
-4.24444722e-03 4.99197340e+00
-4.25398396e-03 4.99192810e+00
-4.25994443e-03 4.99193144e+00
-4.26709699e-03 4.99184322e+00
-4.27424954e-03 4.99188757e+00
-4.25517606e-03 4.99188042e+00
-4.25398396e-03 4.99184227e+00
-4.26948117e-03 4.99189472e+00
-4.24921559e-03 4.99197340e+00
-4.25756024e-03 4.99193048e+00
-4.24802350e-03 4.99185038e+00
-4.24444722e-03 4.99181938e+00
-4.26232861e-03 4.99200201e+00
-4.25517606e-03 4.99191236e+00
-4.27305745e-03 4.99188995e+00
-4.24921559e-03 4.99184704e+00
-4.25159978e-03 4.99194813e+00
-4.24087094e-03 4.99199486e+00
-4.25040768e-03 4.99197435e+00
-4.25636815e-03 4.99204588e+00
-4.25517606e-03 4.99193764e+00
-4.25040768e-03 4.99191475e+00
-4.25159978e-03 4.99187326e+00
-4.25756024e-03 4.99186945e+00
-4.26828908e-03 4.99188042e+00
-4.25875233e-03 4.99189711e+00
-4.25398396e-03 4.99197197e+00
-4.24444722e-03 4.99189949e+00
-4.26232861e-03 4.99192429e+00
-4.26471280e-03 4.99187803e+00
-4.25636815e-03 4.99193859e+00
-4.26232861e-03 4.99202204e+00
-4.24921559e-03 4.99190283e+00
-4.26709699e-03 4.99185658e+00
-4.26590489e-03 4.99196625e+00
-4.26232861e-03 4.99186707e+00
-4.24802350e-03 4.99189806e+00
-4.26113652e-03 4.99179459e+00
-4.25040768e-03 4.99197102e+00
-4.24921559e-03 4.99187803e+00
-4.28021001e-03 4.99194717e+00
-4.26471280e-03 4.99189806e+00
-4.26113652e-03 4.99193764e+00
-4.25636815e-03 4.99192905e+00
-4.25398396e-03 4.99178839e+00
-4.26232861e-03 4.99183512e+00
-4.27663373e-03 4.99206734e+00
-4.27782582e-03 4.99184704e+00
-4.25756024e-03 4.99194241e+00
-4.26113652e-03 4.99187183e+00
-4.27305745e-03 4.99193859e+00
-4.26828908e-03 4.99192333e+00
-4.26948117e-03 4.99196386e+00
-4.25756024e-03 4.99184322e+00
-4.27067326e-03 4.99172640e+00
-4.26828908e-03 4.99193287e+00
-4.27424954e-03 4.99184465e+00
-4.27305745e-03 4.99197674e+00
-4.25279187e-03 4.99196625e+00
-4.24563931e-03 4.99195194e+00
-4.26471280e-03 4.99187660e+00
-4.26709699e-03 4.99192810e+00
-4.26232861e-03 4.99194002e+00
-4.27186536e-03 4.99179697e+00
-4.26471280e-03 4.99190187e+00
-4.27067326e-03 4.99185419e+00
-4.27067326e-03 4.99206495e+00
-4.25756024e-03 4.99181843e+00
-4.25756024e-03 4.99191380e+00
-4.26352071e-03 4.99197578e+00
-4.25517606e-03 4.99178839e+00
-4.25279187e-03 4.99187565e+00
-4.26352071e-03 4.99186134e+00
-4.25279187e-03 4.99189091e+00
-4.26471280e-03 4.99188042e+00
-4.25636815e-03 4.99188137e+00
-4.28617047e-03 4.99191141e+00
-4.27424954e-03 4.99188757e+00
-4.27424954e-03 4.99188614e+00
-4.26232861e-03 4.99184084e+00
-4.26113652e-03 4.99200439e+00
-4.27544164e-03 4.99191856e+00
-4.27424954e-03 4.99196720e+00
-4.26590489e-03 4.99199963e+00
-4.27544164e-03 4.99188375e+00
-4.25875233e-03 4.99186230e+00
-4.27067326e-03 4.99180269e+00
-4.27544164e-03 4.99189472e+00
-4.26709699e-03 4.99175882e+00
-4.25756024e-03 4.99203396e+00
-4.25756024e-03 4.99190760e+00
-4.25398396e-03 4.99185419e+00
-4.25994443e-03 4.99179792e+00
-4.25636815e-03 4.99184799e+00
-4.24563931e-03 4.99187803e+00
-4.25756024e-03 4.99198532e+00
-4.27544164e-03 4.99200678e+00
-4.26709699e-03 4.99181843e+00
-4.28021001e-03 4.99196386e+00
-4.26232861e-03 4.99184942e+00
-4.25994443e-03 4.99181938e+00
-4.27186536e-03 4.99178600e+00
-4.25756024e-03 4.99184799e+00
-4.25636815e-03 4.99189329e+00
-4.26232861e-03 4.99189568e+00
-4.27901791e-03 4.99186134e+00
-4.28259419e-03 4.99195433e+00
-4.26352071e-03 4.99192095e+00
-4.26590489e-03 4.99181128e+00
-4.25636815e-03 4.99194336e+00
-4.24802350e-03 4.99190187e+00
-4.24802350e-03 4.99194479e+00
-4.26232861e-03 4.99192095e+00
-4.25756024e-03 4.99177647e+00
-4.27305745e-03 4.99185514e+00
-4.24802350e-03 4.99189568e+00
-4.26828908e-03 4.99187899e+00
-4.24206303e-03 4.99183369e+00
-4.25279187e-03 4.99192572e+00
-4.27305745e-03 4.99189711e+00
-4.26352071e-03 4.99191856e+00
-4.27424954e-03 4.99190760e+00
-4.25159978e-03 4.99193287e+00
-4.24802350e-03 4.99188519e+00
-4.27424954e-03 4.99189234e+00
-4.24563931e-03 4.99196243e+00
-4.26948117e-03 4.99187565e+00
-4.26709699e-03 4.99191141e+00
-4.25994443e-03 4.99192190e+00
-4.26828908e-03 4.99189091e+00
-4.26828908e-03 4.99190426e+00
-4.25994443e-03 4.99178362e+00
-4.24563931e-03 4.99194956e+00
-4.26352071e-03 4.99193144e+00
-4.27782582e-03 4.99190426e+00
-4.25636815e-03 4.99188137e+00
-4.28378629e-03 4.99193144e+00
-4.24325513e-03 4.99196005e+00
-4.26709699e-03 4.99199247e+00
-4.26232861e-03 4.99190044e+00
-4.27782582e-03 4.99185181e+00
-4.26113652e-03 4.99189711e+00
-4.26948117e-03 4.99180984e+00
-4.24921559e-03 4.99184799e+00
-4.23014211e-03 4.99181938e+00
-4.26352071e-03 4.99194098e+00
-4.27305745e-03 4.99192095e+00
-4.25875233e-03 4.99193144e+00
-4.25994443e-03 4.99190664e+00
-4.25279187e-03 4.99191380e+00
-4.24802350e-03 4.99192572e+00
-4.26352071e-03 4.99204350e+00
-4.26232861e-03 4.99189949e+00
-4.27186536e-03 4.99189949e+00
-4.26232861e-03 4.99200439e+00
-4.28021001e-03 4.99189806e+00
-4.26709699e-03 4.99177551e+00
-4.27067326e-03 4.99185276e+00
-4.27186536e-03 4.99193621e+00
-4.25994443e-03 4.99197435e+00
-4.25517606e-03 4.99200439e+00
-4.27544164e-03 4.99173975e+00
-4.25398396e-03 4.99182320e+00
-4.24683141e-03 4.99197197e+00
-4.27663373e-03 4.99186707e+00
-4.25159978e-03 4.99188519e+00
-4.26113652e-03 4.99193764e+00
-4.25040768e-03 4.99195766e+00
-4.25875233e-03 4.99193287e+00
-4.26709699e-03 4.99180508e+00
-4.27305745e-03 4.99194336e+00
-4.26113652e-03 4.99195671e+00
-4.24206303e-03 4.99197102e+00
-4.25875233e-03 4.99181938e+00
-4.26828908e-03 4.99186850e+00
-4.27186536e-03 4.99200678e+00
-4.26113652e-03 4.99205208e+00
-4.26590489e-03 4.99191618e+00
-4.26352071e-03 4.99185181e+00
-4.25517606e-03 4.99199486e+00
-4.27186536e-03 4.99198151e+00
-4.26709699e-03 4.99200439e+00
-4.22775792e-03 4.99188280e+00
-4.24802350e-03 4.99202108e+00
-4.26352071e-03 4.99206972e+00
-4.27424954e-03 4.99198532e+00
-4.25636815e-03 4.99197817e+00
-4.26828908e-03 4.99194241e+00
-4.26352071e-03 4.99188519e+00
-4.27663373e-03 4.99194956e+00
-4.24802350e-03 4.99193048e+00
-4.26232861e-03 4.99201727e+00
-4.26113652e-03 4.99199343e+00
-4.26590489e-03 4.99211264e+00
-4.24206303e-03 4.99192667e+00
-4.25994443e-03 4.99193144e+00
-4.25517606e-03 4.99193621e+00
-4.26113652e-03 4.99193382e+00
-4.25517606e-03 4.99178123e+00
-4.25040768e-03 4.99194956e+00
-4.26113652e-03 4.99197435e+00
-4.26828908e-03 4.99207687e+00
-4.24444722e-03 4.99194717e+00
-4.25636815e-03 4.99196720e+00
-4.26948117e-03 4.99195290e+00
-4.26352071e-03 4.99183512e+00
-4.25398396e-03 4.99193048e+00
-4.26232861e-03 4.99203157e+00
-4.25994443e-03 4.99191380e+00
-4.27067326e-03 4.99201155e+00
-4.25994443e-03 4.99186468e+00
-4.26948117e-03 4.99184799e+00
-4.26352071e-03 4.99194336e+00
-4.25756024e-03 4.99196482e+00
-4.26471280e-03 4.99191713e+00
-4.26352071e-03 4.99203873e+00
-4.25636815e-03 4.99199820e+00
-4.28378629e-03 4.99206734e+00
-4.27544164e-03 4.99197197e+00
-4.26471280e-03 4.99204350e+00
-4.25636815e-03 4.99189806e+00
-4.25159978e-03 4.99196482e+00
-4.27186536e-03 4.99197817e+00
-4.26232861e-03 4.99200296e+00
-4.25636815e-03 4.99212456e+00
-4.26471280e-03 4.99202681e+00
-4.27663373e-03 4.99193764e+00
-4.24802350e-03 4.99180984e+00
-4.26948117e-03 4.99198771e+00
-4.25398396e-03 4.99197578e+00
-4.25636815e-03 4.99199724e+00
-4.24563931e-03 4.99201870e+00
-4.26113652e-03 4.99195910e+00
-4.25398396e-03 4.99184322e+00
-4.26471280e-03 4.99198627e+00
-4.24921559e-03 4.99191141e+00
-4.25398396e-03 4.99193859e+00
-4.24683141e-03 4.99182796e+00
-4.27067326e-03 4.99193144e+00
-4.25517606e-03 4.99193048e+00
-4.26352071e-03 4.99179935e+00
-4.26352071e-03 4.99197817e+00
-4.25875233e-03 4.99195051e+00
-4.25398396e-03 4.99194098e+00
-4.26948117e-03 4.99193525e+00
-4.26232861e-03 4.99183512e+00
-4.26828908e-03 4.99189329e+00
-4.27305745e-03 4.99187565e+00
-4.26590489e-03 4.99202347e+00
-4.27186536e-03 4.99185991e+00
-4.26113652e-03 4.99195910e+00
-4.25279187e-03 4.99180889e+00
-4.26709699e-03 4.99175739e+00
-4.26113652e-03 4.99191618e+00
-4.26471280e-03 4.99198294e+00
-4.26352071e-03 4.99202681e+00
-4.24563931e-03 4.99199009e+00
-4.26471280e-03 4.99184942e+00
-4.25159978e-03 4.99199581e+00
-4.25517606e-03 4.99192333e+00
-4.26590489e-03 4.99197817e+00
-4.26948117e-03 4.99196243e+00
-4.25040768e-03 4.99206400e+00
-4.26471280e-03 4.99183607e+00
-4.25636815e-03 4.99186230e+00
-4.26709699e-03 4.99196386e+00
-4.26590489e-03 4.99200916e+00
-4.24444722e-03 4.99187422e+00
-4.24921559e-03 4.99209023e+00
-4.27663373e-03 4.99192190e+00
-4.25279187e-03 4.99193525e+00
-4.27901791e-03 4.99204969e+00
-4.25279187e-03 4.99196148e+00
-4.26352071e-03 4.99189711e+00
-4.26352071e-03 4.99193764e+00
-4.26590489e-03 4.99199009e+00
-4.26232861e-03 4.99198627e+00
-4.25159978e-03 4.99197435e+00
-4.27782582e-03 4.99192190e+00
-4.26113652e-03 4.99196243e+00
-4.24563931e-03 4.99185038e+00
-4.23729466e-03 4.99188757e+00
-4.28021001e-03 4.99193525e+00
-4.25517606e-03 4.99192810e+00
-4.24802350e-03 4.99180031e+00
-4.25040768e-03 4.99191475e+00
-4.26113652e-03 4.99211502e+00
-4.26948117e-03 4.99198771e+00
-4.25398396e-03 4.99192572e+00
-4.25398396e-03 4.99189949e+00
-4.27544164e-03 4.99200296e+00
-4.25875233e-03 4.99187899e+00
-4.25040768e-03 4.99187088e+00
-4.25756024e-03 4.99195290e+00
-4.25398396e-03 4.99198866e+00
-4.26709699e-03 4.99189806e+00
-4.26232861e-03 4.99180889e+00
-4.25279187e-03 4.99192190e+00
-4.26471280e-03 4.99187899e+00
-4.25875233e-03 4.99204493e+00
-4.26709699e-03 4.99188519e+00
-4.26113652e-03 4.99194098e+00
-4.24683141e-03 4.99193144e+00
-4.27544164e-03 4.99187565e+00
-4.23967885e-03 4.99190903e+00
-4.26828908e-03 4.99186230e+00
-4.25994443e-03 4.99186611e+00
-4.26590489e-03 4.99203300e+00
-4.25875233e-03 4.99194241e+00
-4.23133420e-03 4.99195766e+00
-4.26709699e-03 4.99192667e+00
-4.23729466e-03 4.99190044e+00
-4.26471280e-03 4.99190760e+00
-4.25517606e-03 4.99189568e+00
-4.26948117e-03 4.99198151e+00
-4.25517606e-03 4.99176598e+00
-4.25159978e-03 4.99198151e+00
-4.25875233e-03 4.99180651e+00
-4.25279187e-03 4.99191141e+00
-4.25159978e-03 4.99201965e+00
-4.24802350e-03 4.99199581e+00
-4.24683141e-03 4.99203300e+00
-4.26828908e-03 4.99191475e+00
-4.25040768e-03 4.99191952e+00
-4.23848676e-03 4.99180651e+00
-4.27424954e-03 4.99194813e+00
-4.24683141e-03 4.99193287e+00
-4.27424954e-03 4.99182892e+00
-4.25159978e-03 4.99198627e+00
-4.24921559e-03 4.99189091e+00
-4.26352071e-03 4.99192095e+00
-4.24087094e-03 4.99192810e+00
-4.26590489e-03 4.99206972e+00
-4.25159978e-03 4.99194241e+00
-4.25279187e-03 4.99198627e+00
-4.26232861e-03 4.99191856e+00
-4.26590489e-03 4.99204350e+00
-4.24802350e-03 4.99193859e+00
-4.25636815e-03 4.99199009e+00
-4.25517606e-03 4.99193764e+00
-4.25875233e-03 4.99193859e+00
-4.24325513e-03 4.99200296e+00
-4.26352071e-03 4.99197578e+00
-4.25517606e-03 4.99188852e+00
-4.25636815e-03 4.99198627e+00
-4.25875233e-03 4.99200678e+00
-4.26590489e-03 4.99187326e+00
-4.25398396e-03 4.99200535e+00
-4.24087094e-03 4.99190664e+00
-4.27663373e-03 4.99211502e+00
-4.26352071e-03 4.99199343e+00
-4.24563931e-03 4.99203539e+00
-4.25756024e-03 4.99206018e+00
-4.26232861e-03 4.99194956e+00
-4.25517606e-03 4.99201393e+00
-4.26948117e-03 4.99194002e+00
-4.24087094e-03 4.99188042e+00
-4.26590489e-03 4.99197674e+00
-4.25875233e-03 4.99198294e+00
-4.25398396e-03 4.99207211e+00
-4.25636815e-03 4.99193859e+00
-4.26232861e-03 4.99197197e+00
-4.26828908e-03 4.99194336e+00
-4.24087094e-03 4.99194002e+00
-4.26471280e-03 4.99204350e+00
-4.26113652e-03 4.99194002e+00
-4.25517606e-03 4.99199724e+00
-4.25636815e-03 4.99199009e+00
-4.25994443e-03 4.99200439e+00
-4.26232861e-03 4.99198532e+00
-4.27186536e-03 4.99199820e+00
-4.25159978e-03 4.99202347e+00
-4.26709699e-03 4.99212360e+00
-4.24206303e-03 4.99193525e+00
-4.25159978e-03 4.99195528e+00
-4.25159978e-03 4.99188852e+00
-4.24563931e-03 4.99203300e+00
-4.26232861e-03 4.99196863e+00
-4.25159978e-03 4.99209595e+00
-4.27663373e-03 4.99191618e+00
-4.28378629e-03 4.99197912e+00
-4.25636815e-03 4.99211168e+00
-4.25279187e-03 4.99206877e+00
-4.26828908e-03 4.99192190e+00
-4.25398396e-03 4.99190903e+00
-4.25875233e-03 4.99185896e+00
-4.24206303e-03 4.99204254e+00
-4.25994443e-03 4.99193764e+00
-4.26948117e-03 4.99197817e+00
-4.25398396e-03 4.99210691e+00
-4.25517606e-03 4.99200058e+00
-4.25636815e-03 4.99196386e+00
-4.27544164e-03 4.99206400e+00
-4.26948117e-03 4.99208164e+00
-4.27305745e-03 4.99211168e+00
-4.22656583e-03 4.99190903e+00
-4.25756024e-03 4.99199104e+00
-4.26232861e-03 4.99203396e+00
-4.26590489e-03 4.99204254e+00
-4.26352071e-03 4.99200535e+00
-4.25756024e-03 4.99203873e+00
-4.25875233e-03 4.99196243e+00
-4.25159978e-03 4.99202919e+00
-4.25875233e-03 4.99199104e+00
-4.26590489e-03 4.99193287e+00
-4.25875233e-03 4.99208164e+00
-4.26948117e-03 4.99186134e+00
-4.24802350e-03 4.99196005e+00
-4.25279187e-03 4.99203300e+00
-4.26113652e-03 4.99190187e+00
-4.26709699e-03 4.99201488e+00
-4.25875233e-03 4.99194479e+00
-4.26471280e-03 4.99194241e+00
-4.26113652e-03 4.99195433e+00
-4.24563931e-03 4.99205208e+00
-4.27663373e-03 4.99202108e+00
-4.26828908e-03 4.99205065e+00
-4.27782582e-03 4.99202919e+00
-4.24683141e-03 4.99206161e+00
-4.27663373e-03 4.99210548e+00
-4.26232861e-03 4.99202442e+00
-4.25994443e-03 4.99196148e+00
-4.24563931e-03 4.99194813e+00
-4.25040768e-03 4.99208546e+00
-4.24921559e-03 4.99206018e+00
-4.25517606e-03 4.99193048e+00
-4.27424954e-03 4.99196863e+00
-4.27067326e-03 4.99207449e+00
-4.26471280e-03 4.99186850e+00
-4.26113652e-03 4.99208879e+00
-4.26113652e-03 4.99189472e+00
-4.26828908e-03 4.99195194e+00
-4.24563931e-03 4.99186134e+00
-4.26113652e-03 4.99203634e+00
-4.26352071e-03 4.99184227e+00
-4.25756024e-03 4.99194479e+00
-4.26471280e-03 4.99204969e+00
-4.26471280e-03 4.99195671e+00
-4.25636815e-03 4.99200201e+00
-4.26113652e-03 4.99206972e+00
-4.24802350e-03 4.99201155e+00
-4.28974675e-03 4.99195433e+00
-4.26113652e-03 4.99185991e+00
-4.24921559e-03 4.99196148e+00
-4.28140210e-03 4.99204969e+00
-4.23491048e-03 4.99181604e+00
-4.27663373e-03 4.99187422e+00
-4.27544164e-03 4.99208164e+00
-4.24444722e-03 4.99193859e+00
-4.25398396e-03 4.99210215e+00
-4.26471280e-03 4.99204493e+00
-4.26113652e-03 4.99189806e+00
-4.25398396e-03 4.99201870e+00
-4.26709699e-03 4.99195194e+00
-4.27186536e-03 4.99197340e+00
-4.27424954e-03 4.99197102e+00
-4.23967885e-03 4.99197435e+00
-4.25994443e-03 4.99194574e+00
-4.25875233e-03 4.99192810e+00
-4.23967885e-03 4.99195910e+00
-4.23848676e-03 4.99199820e+00
-4.26471280e-03 4.99201155e+00
-4.26590489e-03 4.99189091e+00
-4.25040768e-03 4.99197912e+00
-4.26471280e-03 4.99193859e+00
-4.25994443e-03 4.99196386e+00
-4.25636815e-03 4.99210930e+00
-4.26113652e-03 4.99200916e+00
-4.26948117e-03 4.99195194e+00
-4.25636815e-03 4.99200296e+00
-4.25756024e-03 4.99197435e+00
-4.24206303e-03 4.99204588e+00
-4.26948117e-03 4.99200773e+00
-4.25875233e-03 4.99189234e+00
-4.25994443e-03 4.99203062e+00
-4.26948117e-03 4.99196959e+00
-4.24802350e-03 4.99195671e+00
-4.26948117e-03 4.99204493e+00
-4.25517606e-03 4.99195766e+00
-4.26709699e-03 4.99203634e+00
-4.24563931e-03 4.99202347e+00
-4.27424954e-03 4.99193382e+00
-4.25517606e-03 4.99193144e+00
-4.23967885e-03 4.99203300e+00
-4.24683141e-03 4.99199486e+00
-4.28140210e-03 4.99198627e+00
-4.26352071e-03 4.99195194e+00
-4.26352071e-03 4.99200296e+00
-4.26232861e-03 4.99195671e+00
-4.24921559e-03 4.99201965e+00
-4.27544164e-03 4.99194336e+00
-4.25875233e-03 4.99198151e+00
-4.26352071e-03 4.99194479e+00
-4.25159978e-03 4.99198389e+00
-4.26828908e-03 4.99199581e+00
-4.23729466e-03 4.99203062e+00
-4.24325513e-03 4.99199724e+00
-4.24921559e-03 4.99205065e+00
-4.25994443e-03 4.99190664e+00
-4.27544164e-03 4.99197912e+00
-4.25756024e-03 4.99194956e+00
-4.25040768e-03 4.99195433e+00
-4.25994443e-03 4.99192810e+00
-4.25279187e-03 4.99195433e+00
-4.26471280e-03 4.99196386e+00
-4.27901791e-03 4.99204826e+00
-4.25040768e-03 4.99190903e+00
-4.26471280e-03 4.99206161e+00
-4.23848676e-03 4.99187565e+00
-4.25398396e-03 4.99195194e+00
-4.25875233e-03 4.99183512e+00
-4.25994443e-03 4.99190283e+00
-4.25994443e-03 4.99198771e+00
-4.25994443e-03 4.99188852e+00
-4.25994443e-03 4.99191618e+00
-4.24921559e-03 4.99188519e+00
-4.25040768e-03 4.99191236e+00
-4.26948117e-03 4.99198771e+00
-4.26471280e-03 4.99200201e+00
-4.27424954e-03 4.99183273e+00
-4.24683141e-03 4.99203634e+00
-4.28497838e-03 4.99197674e+00
-4.26828908e-03 4.99192905e+00
-4.26113652e-03 4.99187899e+00
-4.25398396e-03 4.99193764e+00
-4.27782582e-03 4.99196243e+00
-4.25159978e-03 4.99190760e+00
-4.27067326e-03 4.99196243e+00
-4.25159978e-03 4.99197674e+00
-4.26948117e-03 4.99191952e+00
-4.27186536e-03 4.99190521e+00
-4.28855466e-03 4.99194717e+00
-4.26948117e-03 4.99195671e+00
-4.26232861e-03 4.99203634e+00
-4.25040768e-03 4.99206734e+00
-4.26471280e-03 4.99198151e+00
-4.25159978e-03 4.99205685e+00
-4.24683141e-03 4.99194479e+00
-4.26948117e-03 4.99190903e+00
-4.26352071e-03 4.99197817e+00
-4.26709699e-03 4.99196243e+00
-4.25398396e-03 4.99200058e+00
-4.25636815e-03 4.99190903e+00
-4.24683141e-03 4.99186850e+00
-4.26113652e-03 4.99193382e+00
-4.25756024e-03 4.99193144e+00
-4.27305745e-03 4.99196148e+00
-4.25756024e-03 4.99188614e+00
-4.25994443e-03 4.99195671e+00
-4.25636815e-03 4.99199724e+00
-4.26232861e-03 4.99193144e+00
-4.26232861e-03 4.99200439e+00
-4.25994443e-03 4.99192810e+00
-4.25159978e-03 4.99196005e+00
-4.25636815e-03 4.99202681e+00
-4.24087094e-03 4.99201012e+00
-4.24802350e-03 4.99189091e+00
-4.23491048e-03 4.99198866e+00
-4.22895001e-03 4.99191856e+00
-4.26471280e-03 4.99206161e+00
-4.26471280e-03 4.99186134e+00
-4.26709699e-03 4.99197102e+00
-4.25994443e-03 4.99195194e+00
-4.23848676e-03 4.99195671e+00
-4.25994443e-03 4.99207687e+00
-4.26709699e-03 4.99176836e+00
-4.26948117e-03 4.99195194e+00
-4.25636815e-03 4.99203396e+00
-4.25875233e-03 4.99195766e+00
-4.24563931e-03 4.99194479e+00
-4.27067326e-03 4.99198151e+00
-4.24563931e-03 4.99192095e+00
-4.26352071e-03 4.99181461e+00
-4.27067326e-03 4.99195671e+00
-4.25279187e-03 4.99208403e+00
-4.25875233e-03 4.99198771e+00
-4.25517606e-03 4.99195528e+00
-4.24087094e-03 4.99188757e+00
-4.25756024e-03 4.99183989e+00
-4.22298955e-03 4.99188042e+00
-4.26232861e-03 4.99206018e+00
-4.24683141e-03 4.99194002e+00
-4.26113652e-03 4.99192667e+00
-4.26948117e-03 4.99192333e+00
-4.25159978e-03 4.99185753e+00
-4.27663373e-03 4.99201155e+00
-4.25756024e-03 4.99191856e+00
-4.27782582e-03 4.99196482e+00
-4.25994443e-03 4.99180508e+00
-4.26471280e-03 4.99193144e+00
-4.24325513e-03 4.99198055e+00
-4.24683141e-03 4.99202681e+00
-4.24921559e-03 4.99183750e+00
-4.24921559e-03 4.99200916e+00
-4.24444722e-03 4.99195671e+00
-4.26113652e-03 4.99199963e+00
-4.25636815e-03 4.99194098e+00
-4.24206303e-03 4.99195910e+00
-4.27186536e-03 4.99191475e+00
-4.24802350e-03 4.99193764e+00
-4.25994443e-03 4.99184227e+00
-4.26709699e-03 4.99188519e+00
-4.26113652e-03 4.99202585e+00
-4.25994443e-03 4.99193621e+00
-4.24206303e-03 4.99185514e+00
-4.26471280e-03 4.99201012e+00
-4.26113652e-03 4.99199009e+00
-4.25756024e-03 4.99190044e+00
-4.23610257e-03 4.99196625e+00
-4.26232861e-03 4.99214745e+00
-4.25994443e-03 4.99185038e+00
-4.27305745e-03 4.99192429e+00
-4.25159978e-03 4.99193859e+00
-4.25517606e-03 4.99199963e+00
-4.25756024e-03 4.99191380e+00
-4.27067326e-03 4.99185753e+00
-4.25756024e-03 4.99183989e+00
-4.24563931e-03 4.99183989e+00
-4.25159978e-03 4.99200678e+00
-4.24087094e-03 4.99205780e+00
-4.26590489e-03 4.99196386e+00
-4.25517606e-03 4.99194336e+00
-4.26828908e-03 4.99206257e+00
-4.26828908e-03 4.99186373e+00
-4.26828908e-03 4.99197674e+00
-4.25756024e-03 4.99192810e+00
-4.24802350e-03 4.99198866e+00
-4.26828908e-03 4.99200678e+00
-4.24563931e-03 4.99199963e+00
-4.26232861e-03 4.99200773e+00
-4.24921559e-03 4.99200296e+00
-4.24087094e-03 4.99193525e+00
-4.25517606e-03 4.99203396e+00
-4.24921559e-03 4.99185991e+00
-4.25756024e-03 4.99195433e+00
-4.25636815e-03 4.99204588e+00
-4.25875233e-03 4.99197578e+00
-4.26828908e-03 4.99187660e+00
-4.25398396e-03 4.99192095e+00
-4.27663373e-03 4.99199581e+00
-4.24802350e-03 4.99189329e+00
-4.23967885e-03 4.99191475e+00
-4.24444722e-03 4.99190998e+00
-4.26948117e-03 4.99191380e+00
-4.26709699e-03 4.99186611e+00
-4.25756024e-03 4.99195290e+00
-4.26113652e-03 4.99199343e+00
-4.25040768e-03 4.99205303e+00
-4.26352071e-03 4.99189472e+00
-4.26113652e-03 4.99206734e+00
-4.27305745e-03 4.99193621e+00
-4.25040768e-03 4.99183607e+00
-4.26948117e-03 4.99199343e+00
-4.25517606e-03 4.99186230e+00
-4.23491048e-03 4.99190426e+00
-4.24921559e-03 4.99192905e+00
-4.25517606e-03 4.99206400e+00
-4.27544164e-03 4.99195910e+00
-4.25875233e-03 4.99201012e+00
-4.25756024e-03 4.99193382e+00
-4.26113652e-03 4.99188375e+00
-4.27186536e-03 4.99194813e+00
-4.26471280e-03 4.99197674e+00
-4.24802350e-03 4.99179935e+00
-4.24921559e-03 4.99197102e+00
-4.26352071e-03 4.99189472e+00
-4.25040768e-03 4.99198532e+00
-4.24444722e-03 4.99200773e+00
-4.26709699e-03 4.99198771e+00
-4.26113652e-03 4.99190664e+00
-4.25756024e-03 4.99199581e+00
-4.26232861e-03 4.99193382e+00
-4.23610257e-03 4.99192429e+00
-4.25517606e-03 4.99195671e+00
-4.26352071e-03 4.99180889e+00
-4.24325513e-03 4.99202108e+00
-4.26232861e-03 4.99185181e+00
-4.26352071e-03 4.99180651e+00
-4.25517606e-03 4.99195528e+00
-4.25875233e-03 4.99209499e+00
-4.25636815e-03 4.99201393e+00
-4.25636815e-03 4.99184322e+00
-4.25875233e-03 4.99208069e+00
-4.25636815e-03 4.99198866e+00
-4.24206303e-03 4.99187326e+00
-4.25040768e-03 4.99192095e+00
-4.24563931e-03 4.99190426e+00
-4.25279187e-03 4.99195051e+00
-4.27544164e-03 4.99196148e+00
-4.25279187e-03 4.99194241e+00
-4.25398396e-03 4.99193621e+00
-4.25994443e-03 4.99186945e+00
-4.27663373e-03 4.99201250e+00
-4.25159978e-03 4.99205780e+00
-4.25159978e-03 4.99184322e+00
-4.25756024e-03 4.99197817e+00
-4.25756024e-03 4.99202824e+00
-4.24206303e-03 4.99195290e+00
-4.25279187e-03 4.99208164e+00
-4.25875233e-03 4.99190426e+00
-4.26113652e-03 4.99201965e+00
-4.25517606e-03 4.99191380e+00
-4.25875233e-03 4.99201727e+00
-4.26232861e-03 4.99203300e+00
-4.26232861e-03 4.99196148e+00
-4.26113652e-03 4.99191618e+00
-4.25517606e-03 4.99203396e+00
-4.26113652e-03 4.99194574e+00
-4.25398396e-03 4.99198151e+00
-4.26590489e-03 4.99198294e+00
-4.25517606e-03 4.99193764e+00
-4.24921559e-03 4.99210548e+00
-4.25159978e-03 4.99184084e+00
-4.23371838e-03 4.99182177e+00
-4.27186536e-03 4.99198771e+00
-4.24921559e-03 4.99184799e+00
-4.24921559e-03 4.99198389e+00
-4.25040768e-03 4.99199104e+00
-4.27305745e-03 4.99187422e+00
-4.24683141e-03 4.99198151e+00
-4.26113652e-03 4.99193382e+00
-4.26352071e-03 4.99188375e+00
-4.28378629e-03 4.99186707e+00
-4.25040768e-03 4.99187660e+00
-4.24802350e-03 4.99190521e+00
-4.26471280e-03 4.99199104e+00
-4.24206303e-03 4.99196005e+00
-4.24563931e-03 4.99189568e+00
-4.23729466e-03 4.99197340e+00
-4.27067326e-03 4.99201155e+00
-4.25517606e-03 4.99195766e+00
-4.25040768e-03 4.99196863e+00
-4.25994443e-03 4.99203873e+00
-4.27424954e-03 4.99202108e+00
-4.28497838e-03 4.99201870e+00
-4.27067326e-03 4.99202824e+00
-4.25994443e-03 4.99203634e+00
-4.25159978e-03 4.99198294e+00
-4.24802350e-03 4.99198627e+00
-4.26113652e-03 4.99183989e+00
-4.25159978e-03 4.99192429e+00
-4.25636815e-03 4.99189711e+00
-4.25517606e-03 4.99200201e+00
-4.25279187e-03 4.99195433e+00
-4.26590489e-03 4.99189568e+00
-4.26590489e-03 4.99201012e+00
-4.25636815e-03 4.99188042e+00
-4.26590489e-03 4.99197578e+00
-4.26113652e-03 4.99199104e+00
-4.25517606e-03 4.99189711e+00
-4.26352071e-03 4.99186850e+00
-4.27186536e-03 4.99208784e+00
-4.26948117e-03 4.99201155e+00
-4.24325513e-03 4.99206495e+00
-4.24802350e-03 4.99189568e+00
-4.25279187e-03 4.99199963e+00
-4.24325513e-03 4.99188137e+00
-4.27901791e-03 4.99187660e+00
-4.25756024e-03 4.99172783e+00
-4.25279187e-03 4.99182320e+00
-4.25159978e-03 4.99186707e+00
-4.25636815e-03 4.99207354e+00
-4.25756024e-03 4.99190760e+00
-4.27067326e-03 4.99186230e+00
-4.24921559e-03 4.99193048e+00
-4.25875233e-03 4.99202204e+00
-4.28021001e-03 4.99201965e+00
-4.25636815e-03 4.99196959e+00
-4.24563931e-03 4.99198771e+00
-4.25517606e-03 4.99198294e+00
-4.25159978e-03 4.99194574e+00
-4.26828908e-03 4.99181128e+00
-4.25398396e-03 4.99196482e+00
-4.25994443e-03 4.99199724e+00
-4.25517606e-03 4.99194813e+00
-4.25875233e-03 4.99199581e+00
-4.27186536e-03 4.99181128e+00
-4.26113652e-03 4.99195051e+00
-4.25398396e-03 4.99199247e+00
-4.25994443e-03 4.99190998e+00
-4.26828908e-03 4.99198627e+00
-4.27067326e-03 4.99196625e+00
-4.26709699e-03 4.99201250e+00
-4.25994443e-03 4.99180508e+00
-4.26352071e-03 4.99188995e+00
-4.24563931e-03 4.99184561e+00
-4.26471280e-03 4.99205446e+00
-4.28378629e-03 4.99196625e+00
-4.24563931e-03 4.99188375e+00
-4.26709699e-03 4.99185514e+00
-4.25756024e-03 4.99195671e+00
-4.25994443e-03 4.99194336e+00
-4.25040768e-03 4.99186707e+00
-4.23252629e-03 4.99196482e+00
-4.27305745e-03 4.99191141e+00
-4.25994443e-03 4.99184084e+00
-4.24802350e-03 4.99190521e+00
-4.26352071e-03 4.99197340e+00
-4.24921559e-03 4.99210548e+00
-4.27424954e-03 4.99190664e+00
-4.26232861e-03 4.99198532e+00
-4.24325513e-03 4.99191475e+00
-4.25636815e-03 4.99207354e+00
-4.25517606e-03 4.99194813e+00
-4.24802350e-03 4.99204826e+00
-4.28974675e-03 4.99198151e+00
-4.26828908e-03 4.99196148e+00
-4.25398396e-03 4.99202204e+00
-4.24087094e-03 4.99210215e+00
-4.28140210e-03 4.99189329e+00
-4.26471280e-03 4.99195194e+00
-4.23252629e-03 4.99200773e+00
-4.27067326e-03 4.99176216e+00
-4.25279187e-03 4.99184799e+00
-4.25279187e-03 4.99197102e+00
-4.26948117e-03 4.99193144e+00
-4.24325513e-03 4.99194956e+00
-4.27186536e-03 4.99192190e+00
-4.25756024e-03 4.99187183e+00
-4.24683141e-03 4.99196625e+00
-4.25040768e-03 4.99191380e+00
-4.25040768e-03 4.99199581e+00
-4.26232861e-03 4.99196148e+00
-4.27544164e-03 4.99199343e+00
-4.25040768e-03 4.99195194e+00
-4.24683141e-03 4.99194479e+00
-4.26828908e-03 4.99203539e+00
-4.26828908e-03 4.99199963e+00
-4.25875233e-03 4.99188852e+00
-4.27067326e-03 4.99191475e+00
-4.27544164e-03 4.99200058e+00
-4.24563931e-03 4.99197340e+00
-4.25994443e-03 4.99186373e+00
-4.24563931e-03 4.99188995e+00
-4.24683141e-03 4.99209976e+00
-4.26471280e-03 4.99193859e+00
-4.27186536e-03 4.99192905e+00
-4.26948117e-03 4.99199247e+00
-4.26590489e-03 4.99186230e+00
-4.26113652e-03 4.99193382e+00
-4.26948117e-03 4.99192905e+00
-4.27305745e-03 4.99187088e+00
-4.26948117e-03 4.99190044e+00
-4.25159978e-03 4.99180412e+00
-4.27663373e-03 4.99191475e+00
-4.26113652e-03 4.99191236e+00
-4.24444722e-03 4.99198055e+00
-4.27424954e-03 4.99196482e+00
-4.25279187e-03 4.99190903e+00
-4.25279187e-03 4.99203300e+00
-4.25875233e-03 4.99200439e+00
-4.24802350e-03 4.99198151e+00
-4.24325513e-03 4.99194813e+00
-4.25875233e-03 4.99196243e+00
-4.27663373e-03 4.99192572e+00
-4.23729466e-03 4.99195433e+00
-4.26948117e-03 4.99188757e+00
-4.25159978e-03 4.99180889e+00
-4.26232861e-03 4.99206734e+00
-4.25756024e-03 4.99185658e+00
-4.26590489e-03 4.99186134e+00
-4.27067326e-03 4.99197912e+00
-4.25279187e-03 4.99188519e+00
-4.26590489e-03 4.99191141e+00
-4.26352071e-03 4.99184704e+00
-4.26471280e-03 4.99179220e+00
-4.26232861e-03 4.99195671e+00
-4.26113652e-03 4.99187088e+00
-4.25398396e-03 4.99196720e+00
-4.25040768e-03 4.99188614e+00
-4.26590489e-03 4.99188519e+00
-4.25636815e-03 4.99203300e+00
-4.25756024e-03 4.99191236e+00
-4.25398396e-03 4.99190760e+00
-4.25040768e-03 4.99196243e+00
-4.26352071e-03 4.99186707e+00
-4.26352071e-03 4.99196148e+00
-4.25875233e-03 4.99185753e+00
-4.26352071e-03 4.99192810e+00
-4.25517606e-03 4.99195051e+00
-4.26352071e-03 4.99186945e+00
-4.25040768e-03 4.99205446e+00
-4.25517606e-03 4.99203062e+00
-4.26828908e-03 4.99202681e+00
-4.24683141e-03 4.99183035e+00
-4.25279187e-03 4.99201965e+00
-4.27067326e-03 4.99176693e+00
-4.27544164e-03 4.99193287e+00
-4.25517606e-03 4.99188375e+00
-4.26709699e-03 4.99187088e+00
-4.26352071e-03 4.99199486e+00
-4.25159978e-03 4.99200916e+00
-4.25279187e-03 4.99189806e+00
-4.26948117e-03 4.99204254e+00
-4.27663373e-03 4.99200916e+00
-4.25875233e-03 4.99182415e+00
-4.27186536e-03 4.99198055e+00
-4.26828908e-03 4.99195671e+00
-4.26828908e-03 4.99177074e+00
-4.25875233e-03 4.99202919e+00
-4.25875233e-03 4.99185276e+00
-4.25398396e-03 4.99205303e+00
-4.25994443e-03 4.99196720e+00
-4.24683141e-03 4.99198294e+00
-4.26352071e-03 4.99186134e+00
-4.26113652e-03 4.99189472e+00
-4.27067326e-03 4.99180746e+00
-4.25040768e-03 4.99201965e+00
-4.25636815e-03 4.99199104e+00
-4.25517606e-03 4.99192810e+00
-4.25398396e-03 4.99190903e+00
-4.26232861e-03 4.99189091e+00
-4.23967885e-03 4.99174786e+00
-4.23491048e-03 4.99203062e+00
-4.25875233e-03 4.99178982e+00
-4.28259419e-03 4.99184227e+00
-4.24563931e-03 4.99179697e+00
-4.27305745e-03 4.99192572e+00
-4.26471280e-03 4.99196148e+00
-4.25517606e-03 4.99186945e+00
-4.28259419e-03 4.99184942e+00
-4.24325513e-03 4.99201965e+00
-4.27663373e-03 4.99185276e+00
-4.25279187e-03 4.99205303e+00
-4.27186536e-03 4.99191380e+00
-4.25875233e-03 4.99181938e+00
-4.23729466e-03 4.99188757e+00
-4.26828908e-03 4.99202681e+00
-4.26590489e-03 4.99183989e+00
-4.25636815e-03 4.99180412e+00
-4.26709699e-03 4.99190044e+00
-4.27186536e-03 4.99184227e+00
-4.27782582e-03 4.99203539e+00
-4.25636815e-03 4.99189711e+00
-4.25875233e-03 4.99192429e+00
-4.26471280e-03 4.99192810e+00
-4.26590489e-03 4.99187565e+00
-4.27186536e-03 4.99191141e+00
-4.27424954e-03 4.99200773e+00
-4.26590489e-03 4.99192333e+00
-4.27544164e-03 4.99196005e+00
-4.26948117e-03 4.99188042e+00
-4.26590489e-03 4.99195766e+00
-4.24921559e-03 4.99190283e+00
-4.25875233e-03 4.99186134e+00
-4.23848676e-03 4.99186134e+00
-4.25279187e-03 4.99176121e+00
-4.26352071e-03 4.99203777e+00
-4.24802350e-03 4.99196386e+00
-4.27544164e-03 4.99198389e+00
-4.25994443e-03 4.99211264e+00
-4.24802350e-03 4.99209833e+00
-4.24802350e-03 4.99201250e+00
-4.25279187e-03 4.99194479e+00
-4.25875233e-03 4.99187660e+00
-4.26709699e-03 4.99204588e+00
-4.25875233e-03 4.99210310e+00
-4.27424954e-03 4.99202204e+00
-4.27424954e-03 4.99191713e+00
-4.24563931e-03 4.99189711e+00
-4.25517606e-03 4.99193525e+00
-4.25040768e-03 4.99196148e+00
-4.25756024e-03 4.99203777e+00
-4.26948117e-03 4.99181223e+00
-4.26709699e-03 4.99180508e+00
-4.23848676e-03 4.99193382e+00
-4.26352071e-03 4.99209118e+00
-4.25636815e-03 4.99177551e+00
-4.24563931e-03 4.99195910e+00
-4.26828908e-03 4.99185514e+00
-4.24444722e-03 4.99193287e+00
-4.27424954e-03 4.99189711e+00
-4.25756024e-03 4.99197197e+00
-4.25279187e-03 4.99199963e+00
-4.25636815e-03 4.99208641e+00
-4.26590489e-03 4.99193764e+00
-4.25398396e-03 4.99196482e+00
-4.25159978e-03 4.99201727e+00
-4.26232861e-03 4.99187565e+00
-4.26113652e-03 4.99196720e+00
-4.24563931e-03 4.99182081e+00
-4.27424954e-03 4.99188757e+00
-4.25636815e-03 4.99190187e+00
-4.25279187e-03 4.99189091e+00
-4.25875233e-03 4.99186945e+00
-4.26471280e-03 4.99185658e+00
-4.25875233e-03 4.99196243e+00
-4.25517606e-03 4.99185276e+00
-4.25398396e-03 4.99194002e+00
-4.26471280e-03 4.99200201e+00
-4.24921559e-03 4.99197340e+00
-4.24802350e-03 4.99195433e+00
-4.26709699e-03 4.99198294e+00
-4.24683141e-03 4.99197102e+00
-4.25517606e-03 4.99183989e+00
-4.25398396e-03 4.99202442e+00
-4.28855466e-03 4.99191952e+00
-4.26948117e-03 4.99183130e+00
-4.26471280e-03 4.99189091e+00
-4.25040768e-03 4.99192572e+00
-4.24921559e-03 4.99193621e+00
-4.26232861e-03 4.99192095e+00
-4.26590489e-03 4.99194336e+00
-4.27424954e-03 4.99199820e+00
-4.26590489e-03 4.99200296e+00
-4.25517606e-03 4.99194336e+00
-4.28140210e-03 4.99186707e+00
-4.25398396e-03 4.99191952e+00
-4.26590489e-03 4.99197197e+00
-4.25517606e-03 4.99191141e+00
-4.25636815e-03 4.99205685e+00
-4.25040768e-03 4.99209023e+00
-4.28140210e-03 4.99203157e+00
-4.26113652e-03 4.99192667e+00
-4.24683141e-03 4.99187326e+00
-4.24206303e-03 4.99197817e+00
-4.26948117e-03 4.99198627e+00
-4.25756024e-03 4.99189806e+00
-4.27186536e-03 4.99205542e+00
-4.25875233e-03 4.99181843e+00
-4.24087094e-03 4.99197912e+00
-4.27186536e-03 4.99191713e+00
-4.25994443e-03 4.99190426e+00
-4.26471280e-03 4.99193621e+00
-4.26232861e-03 4.99198055e+00
-4.25159978e-03 4.99195290e+00
-4.26232861e-03 4.99191141e+00
-4.26948117e-03 4.99188042e+00
-4.26590489e-03 4.99197197e+00
-4.24921559e-03 4.99204350e+00
-4.27067326e-03 4.99189234e+00
-4.24325513e-03 4.99184465e+00
-4.26471280e-03 4.99200773e+00
-4.25398396e-03 4.99200773e+00
-4.25994443e-03 4.99200535e+00
-4.27067326e-03 4.99192810e+00
-4.24563931e-03 4.99193621e+00
-4.25994443e-03 4.99195194e+00
-4.25517606e-03 4.99193382e+00
-4.27544164e-03 4.99204016e+00
-4.27067326e-03 4.99189568e+00
-4.24802350e-03 4.99186373e+00
-4.27782582e-03 4.99203873e+00
-4.25517606e-03 4.99206877e+00
-4.27663373e-03 4.99201488e+00
-4.27186536e-03 4.99202204e+00
-4.24206303e-03 4.99190998e+00
-4.25994443e-03 4.99207830e+00
-4.24206303e-03 4.99197578e+00
-4.23967885e-03 4.99196625e+00
-4.27901791e-03 4.99193382e+00
-4.26471280e-03 4.99191236e+00
-4.25994443e-03 4.99197197e+00
-4.27663373e-03 4.99194574e+00
-4.24563931e-03 4.99200201e+00
-4.26113652e-03 4.99203873e+00
-4.26828908e-03 4.99200201e+00
-4.27305745e-03 4.99198771e+00
-4.26352071e-03 4.99194717e+00
-4.27782582e-03 4.99203157e+00
-4.26113652e-03 4.99196005e+00
-4.27305745e-03 4.99190998e+00
-4.24325513e-03 4.99191380e+00
-4.24563931e-03 4.99201155e+00
-4.27305745e-03 4.99197578e+00
-4.25040768e-03 4.99196959e+00
-4.25279187e-03 4.99184942e+00
-4.25398396e-03 4.99198866e+00
-4.24444722e-03 4.99204111e+00
-4.25040768e-03 4.99212933e+00
-4.26232861e-03 4.99189949e+00
-4.25398396e-03 4.99206972e+00
-4.26113652e-03 4.99206257e+00
-4.25517606e-03 4.99202681e+00
-4.27424954e-03 4.99196243e+00
-4.25279187e-03 4.99212217e+00
-4.25756024e-03 4.99203157e+00
-4.24683141e-03 4.99201632e+00
-4.28140210e-03 4.99206495e+00
-4.26352071e-03 4.99197435e+00
-4.24683141e-03 4.99204588e+00
-4.26352071e-03 4.99195766e+00
-4.26352071e-03 4.99195051e+00
-4.27424954e-03 4.99190426e+00
-4.26113652e-03 4.99189091e+00
-4.26948117e-03 4.99207592e+00
-4.27067326e-03 4.99198389e+00
-4.25159978e-03 4.99202204e+00
-4.26471280e-03 4.99194717e+00
-4.25398396e-03 4.99202824e+00
-4.27424954e-03 4.99199963e+00
-4.25756024e-03 4.99196720e+00
-4.25040768e-03 4.99195910e+00
-4.24206303e-03 4.99192667e+00
-4.26828908e-03 4.99198151e+00
-4.25756024e-03 4.99200678e+00
-4.25756024e-03 4.99188995e+00
-4.24921559e-03 4.99196482e+00
-4.28140210e-03 4.99201155e+00
-4.25279187e-03 4.99186945e+00
-4.25636815e-03 4.99187803e+00
-4.25994443e-03 4.99189234e+00
-4.25875233e-03 4.99192905e+00
-4.26709699e-03 4.99184227e+00
-4.26471280e-03 4.99187660e+00
-4.24563931e-03 4.99214363e+00
-4.26590489e-03 4.99197674e+00
-4.25517606e-03 4.99176121e+00
-4.25875233e-03 4.99192810e+00
-4.25398396e-03 4.99183750e+00
-4.26113652e-03 4.99193287e+00
-4.25875233e-03 4.99188614e+00
-4.26232861e-03 4.99187899e+00
-4.25994443e-03 4.99203300e+00
-4.26590489e-03 4.99198294e+00
-4.26709699e-03 4.99195528e+00
-4.25517606e-03 4.99197102e+00
-4.27067326e-03 4.99194717e+00
-4.26590489e-03 4.99200201e+00
-4.26709699e-03 4.99195671e+00
-4.24563931e-03 4.99204350e+00
-4.25994443e-03 4.99197817e+00
-4.25994443e-03 4.99202108e+00
-4.26709699e-03 4.99194717e+00
-4.25159978e-03 4.99208403e+00
-4.26352071e-03 4.99200678e+00
-4.25756024e-03 4.99191618e+00
-4.26471280e-03 4.99192667e+00
-4.24444722e-03 4.99190426e+00
-4.24087094e-03 4.99200296e+00
-4.26948117e-03 4.99191380e+00
-4.26113652e-03 4.99201488e+00
-4.24563931e-03 4.99201012e+00
-4.27067326e-03 4.99200535e+00
-4.25994443e-03 4.99195766e+00
-4.25875233e-03 4.99204350e+00
-4.27186536e-03 4.99193764e+00
-4.27067326e-03 4.99201488e+00
-4.26590489e-03 4.99203396e+00
-4.25636815e-03 4.99186134e+00
-4.26828908e-03 4.99184799e+00
-4.24802350e-03 4.99185896e+00
-4.26828908e-03 4.99193287e+00
-4.25040768e-03 4.99191141e+00
-4.25756024e-03 4.99193859e+00
-4.25398396e-03 4.99198389e+00
-4.26113652e-03 4.99196959e+00
-4.26590489e-03 4.99199963e+00
-4.24802350e-03 4.99194813e+00
-4.27782582e-03 4.99199820e+00
-4.25040768e-03 4.99205923e+00
-4.24325513e-03 4.99201632e+00
-4.25875233e-03 4.99192905e+00
-4.25279187e-03 4.99204826e+00
-4.25756024e-03 4.99190998e+00
-4.26232861e-03 4.99198151e+00
-4.27186536e-03 4.99194813e+00
-4.25994443e-03 4.99199820e+00
-4.25994443e-03 4.99191856e+00
-4.22298955e-03 4.99199104e+00
-4.24921559e-03 4.99195051e+00
-4.25875233e-03 4.99188042e+00
-4.25994443e-03 4.99196482e+00
-4.26113652e-03 4.99203539e+00
-4.25040768e-03 4.99187803e+00
-4.27067326e-03 4.99188137e+00
-4.25756024e-03 4.99189234e+00
-4.26828908e-03 4.99187660e+00
-4.25994443e-03 4.99194098e+00
-4.25279187e-03 4.99194098e+00
-4.26113652e-03 4.99196720e+00
-4.26709699e-03 4.99201632e+00
-4.27186536e-03 4.99201632e+00
-4.25517606e-03 4.99196005e+00
-4.25756024e-03 4.99204493e+00
-4.26709699e-03 4.99201870e+00
-4.27663373e-03 4.99199486e+00
-4.25994443e-03 4.99194002e+00
-4.26948117e-03 4.99195194e+00
-4.25756024e-03 4.99206018e+00
-4.25040768e-03 4.99187803e+00
-4.26709699e-03 4.99181604e+00
-4.25398396e-03 4.99195433e+00
-4.25756024e-03 4.99208164e+00
-4.25398396e-03 4.99211979e+00
-4.24087094e-03 4.99215555e+00
-4.25994443e-03 4.99205208e+00
-4.25994443e-03 4.99197817e+00
-4.25994443e-03 4.99198389e+00
-4.27067326e-03 4.99203539e+00
-4.27186536e-03 4.99207687e+00
-4.24683141e-03 4.99204350e+00
-4.25040768e-03 4.99202442e+00
-4.27305745e-03 4.99196625e+00
-4.26471280e-03 4.99196863e+00
-4.26709699e-03 4.99197340e+00
-4.26948117e-03 4.99196005e+00
-4.25398396e-03 4.99199581e+00
-4.26948117e-03 4.99207687e+00
-4.27305745e-03 4.99198771e+00
-4.24563931e-03 4.99209738e+00
-4.26232861e-03 4.99212456e+00
-4.24325513e-03 4.99202442e+00
-4.26352071e-03 4.99204969e+00
-4.25517606e-03 4.99194956e+00
-4.24206303e-03 4.99198055e+00
-4.25756024e-03 4.99209023e+00
-4.26709699e-03 4.99207830e+00
-4.25398396e-03 4.99205685e+00
-4.25159978e-03 4.99199009e+00
-4.25875233e-03 4.99215317e+00
-4.25040768e-03 4.99209499e+00
-4.26232861e-03 4.99197912e+00
-4.26709699e-03 4.99193048e+00
-4.27186536e-03 4.99195433e+00
-4.25994443e-03 4.99187422e+00
-4.26828908e-03 4.99192572e+00
-4.26709699e-03 4.99197197e+00
-4.27424954e-03 4.99203396e+00
-4.26352071e-03 4.99193764e+00
-4.25994443e-03 4.99196482e+00
-4.26352071e-03 4.99203062e+00
-4.26828908e-03 4.99193144e+00
-4.26232861e-03 4.99202681e+00
-4.25398396e-03 4.99207449e+00
-4.28140210e-03 4.99202442e+00
-4.24087094e-03 4.99187088e+00
-4.25875233e-03 4.99190044e+00
-4.24206303e-03 4.99194956e+00
-4.25279187e-03 4.99193287e+00
-4.25756024e-03 4.99207211e+00
-4.24683141e-03 4.99196720e+00
-4.27424954e-03 4.99186850e+00
-4.26232861e-03 4.99204350e+00
-4.26471280e-03 4.99192095e+00
-4.25040768e-03 4.99197197e+00
-4.26590489e-03 4.99207449e+00
-4.26471280e-03 4.99207926e+00
-4.26352071e-03 4.99193382e+00
-4.26828908e-03 4.99199009e+00
-4.26471280e-03 4.99184322e+00
-4.26828908e-03 4.99193287e+00
-4.24206303e-03 4.99204969e+00
-4.24206303e-03 4.99203157e+00
-4.25040768e-03 4.99202824e+00
-4.25279187e-03 4.99194098e+00
-4.25994443e-03 4.99192095e+00
-4.27067326e-03 4.99193048e+00
-4.25279187e-03 4.99192429e+00
-4.25994443e-03 4.99190521e+00
-4.25875233e-03 4.99198055e+00
-4.26113652e-03 4.99201155e+00
-4.26352071e-03 4.99205446e+00
-4.26828908e-03 4.99203634e+00
-4.26471280e-03 4.99189234e+00
-4.24444722e-03 4.99205065e+00
-4.25875233e-03 4.99192905e+00
-4.25517606e-03 4.99194241e+00
-4.24802350e-03 4.99177408e+00
-4.28021001e-03 4.99200296e+00
-4.26113652e-03 4.99194956e+00
-4.26471280e-03 4.99197340e+00
-4.25756024e-03 4.99198055e+00
-4.26709699e-03 4.99194002e+00
-4.24206303e-03 4.99190903e+00
-4.26590489e-03 4.99193859e+00
-4.23848676e-03 4.99193764e+00
-4.24325513e-03 4.99194717e+00
-4.26590489e-03 4.99188995e+00
-4.24206303e-03 4.99194479e+00
-4.27544164e-03 4.99204731e+00
-4.24921559e-03 4.99196148e+00
-4.24683141e-03 4.99188995e+00
-4.25875233e-03 4.99205923e+00
-4.25398396e-03 4.99206161e+00
-4.25159978e-03 4.99197674e+00
-4.25756024e-03 4.99196625e+00
-4.27424954e-03 4.99198389e+00
-4.24921559e-03 4.99194098e+00
-4.27186536e-03 4.99202108e+00
-4.26232861e-03 4.99188757e+00
-4.26352071e-03 4.99199104e+00
-4.27544164e-03 4.99193048e+00
-4.26948117e-03 4.99190903e+00
-4.27305745e-03 4.99189091e+00
-4.27544164e-03 4.99199724e+00
-4.25756024e-03 4.99197674e+00
-4.26828908e-03 4.99185658e+00
-4.25636815e-03 4.99199104e+00
-4.24087094e-03 4.99203396e+00
-4.26828908e-03 4.99177170e+00
-4.29093884e-03 4.99192095e+00
-4.24683141e-03 4.99188375e+00
-4.26352071e-03 4.99204493e+00
-4.26113652e-03 4.99197197e+00
-4.24563931e-03 4.99191236e+00
-4.26828908e-03 4.99197817e+00
-4.27067326e-03 4.99197197e+00
-4.26352071e-03 4.99198866e+00
-4.25040768e-03 4.99187660e+00
-4.25994443e-03 4.99209261e+00
-4.25517606e-03 4.99205685e+00
-4.26471280e-03 4.99197674e+00
-4.26709699e-03 4.99209595e+00
-4.23848676e-03 4.99199343e+00
-4.23729466e-03 4.99204969e+00
-4.25279187e-03 4.99191713e+00
-4.27186536e-03 4.99199247e+00
-4.25159978e-03 4.99200916e+00
-4.25517606e-03 4.99192333e+00
-4.25994443e-03 4.99202204e+00
-4.26352071e-03 4.99193859e+00
-4.26232861e-03 4.99197578e+00
-4.26828908e-03 4.99190044e+00
-4.26352071e-03 4.99191475e+00
-4.25517606e-03 4.99197817e+00
-4.25279187e-03 4.99189568e+00
-4.25159978e-03 4.99198151e+00
-4.26471280e-03 4.99196959e+00
-4.24325513e-03 4.99196482e+00
-4.26471280e-03 4.99205208e+00
-4.24683141e-03 4.99183035e+00
-4.25398396e-03 4.99201155e+00
-4.26471280e-03 4.99194479e+00
-4.25994443e-03 4.99194098e+00
-4.25279187e-03 4.99209499e+00
-4.25279187e-03 4.99196482e+00
-4.25517606e-03 4.99200201e+00
-4.24802350e-03 4.99189329e+00
-4.27305745e-03 4.99183273e+00
-4.25279187e-03 4.99188137e+00
-4.24683141e-03 4.99192333e+00
-4.26352071e-03 4.99186373e+00
-4.25756024e-03 4.99201393e+00
-4.25994443e-03 4.99183512e+00
-4.26352071e-03 4.99183273e+00
-4.25398396e-03 4.99198151e+00
-4.23848676e-03 4.99192905e+00
-4.23610257e-03 4.99192667e+00
-4.28378629e-03 4.99187326e+00
-4.24683141e-03 4.99192810e+00
-4.24683141e-03 4.99188852e+00
-4.26113652e-03 4.99188042e+00
-4.25756024e-03 4.99190903e+00
-4.27663373e-03 4.99183846e+00
-4.25636815e-03 4.99187183e+00
-4.26471280e-03 4.99190187e+00
-4.27305745e-03 4.99196148e+00
-4.24802350e-03 4.99180889e+00
-4.26828908e-03 4.99202204e+00
-4.25994443e-03 4.99172878e+00
-4.25398396e-03 4.99189711e+00
-4.25994443e-03 4.99175406e+00
-4.24802350e-03 4.99195910e+00
-4.24563931e-03 4.99189806e+00
-4.25517606e-03 4.99193287e+00
-4.26232861e-03 4.99183607e+00
-4.26113652e-03 4.99189568e+00
-4.26709699e-03 4.99178743e+00
-4.26709699e-03 4.99197340e+00
-4.26232861e-03 4.99201727e+00
-4.25159978e-03 4.99195194e+00
-4.28140210e-03 4.99188375e+00
-4.23610257e-03 4.99194717e+00
-4.24921559e-03 4.99195671e+00
-4.26113652e-03 4.99192572e+00
-4.26948117e-03 4.99191141e+00
-4.25040768e-03 4.99184799e+00
-4.26709699e-03 4.99189711e+00
-4.26232861e-03 4.99189329e+00
-4.26113652e-03 4.99188995e+00
-4.25517606e-03 4.99198771e+00
-4.25636815e-03 4.99192190e+00
-4.25994443e-03 4.99200773e+00
-4.25517606e-03 4.99190760e+00
-4.26471280e-03 4.99201155e+00
-4.27544164e-03 4.99193525e+00
-4.25994443e-03 4.99194813e+00
-4.24921559e-03 4.99192572e+00
-4.26352071e-03 4.99201012e+00
-4.27067326e-03 4.99191141e+00
-4.25875233e-03 4.99187326e+00
-4.25279187e-03 4.99187422e+00
-4.25636815e-03 4.99194813e+00
-4.27663373e-03 4.99195528e+00
-4.26590489e-03 4.99182892e+00
-4.25159978e-03 4.99184322e+00
-4.25994443e-03 4.99195671e+00
-4.26590489e-03 4.99187326e+00
-4.25875233e-03 4.99201488e+00
-4.24563931e-03 4.99191236e+00
-4.26232861e-03 4.99202347e+00
-4.25756024e-03 4.99194098e+00
-4.26113652e-03 4.99197197e+00
-4.26352071e-03 4.99185181e+00
-4.26471280e-03 4.99182177e+00
-4.24563931e-03 4.99179697e+00
-4.26828908e-03 4.99192429e+00
-4.27663373e-03 4.99191952e+00
-4.24325513e-03 4.99194813e+00
-4.25875233e-03 4.99189234e+00
-4.26352071e-03 4.99187803e+00
-4.26590489e-03 4.99194574e+00
-4.25159978e-03 4.99188280e+00
-4.25279187e-03 4.99187803e+00
-4.25159978e-03 4.99197578e+00
-4.25994443e-03 4.99193525e+00
-4.26232861e-03 4.99191141e+00
-4.27544164e-03 4.99208307e+00
-4.25875233e-03 4.99189091e+00
-4.25040768e-03 4.99192810e+00
-4.26828908e-03 4.99195051e+00
-4.26828908e-03 4.99183989e+00
-4.25279187e-03 4.99189806e+00
-4.27424954e-03 4.99192572e+00
-4.24206303e-03 4.99190283e+00
-4.27782582e-03 4.99192667e+00
-4.27186536e-03 4.99186468e+00
-4.25398396e-03 4.99189472e+00
-4.25756024e-03 4.99189472e+00
-4.26828908e-03 4.99179697e+00
-4.25636815e-03 4.99177313e+00
-4.25756024e-03 4.99178743e+00
-4.24802350e-03 4.99189711e+00
-4.27663373e-03 4.99175406e+00
-4.25159978e-03 4.99191141e+00
-4.27186536e-03 4.99187565e+00
-4.24683141e-03 4.99188614e+00
-4.25398396e-03 4.99188375e+00
-4.23729466e-03 4.99184084e+00
-4.26113652e-03 4.99193525e+00
-4.25994443e-03 4.99191380e+00
-4.24683141e-03 4.99203396e+00
-4.26471280e-03 4.99201155e+00
-4.25159978e-03 4.99193764e+00
-4.25040768e-03 4.99199963e+00
-4.25994443e-03 4.99188614e+00
-4.26590489e-03 4.99194336e+00
-4.26471280e-03 4.99190760e+00
-4.25994443e-03 4.99202681e+00
-4.26113652e-03 4.99189568e+00
-4.25040768e-03 4.99194098e+00
-4.25159978e-03 4.99179220e+00
-4.25517606e-03 4.99190187e+00
-4.25875233e-03 4.99192572e+00
-4.25040768e-03 4.99195910e+00
-4.27305745e-03 4.99199486e+00
-4.25279187e-03 4.99192905e+00
-4.26709699e-03 4.99199009e+00
-4.25517606e-03 4.99190664e+00
-4.24444722e-03 4.99182558e+00
-4.28497838e-03 4.99197912e+00
-4.26590489e-03 4.99205446e+00
-4.25279187e-03 4.99177170e+00
-4.27305745e-03 4.99185658e+00
-4.23729466e-03 4.99193144e+00
-4.25994443e-03 4.99176121e+00
-4.28378629e-03 4.99186707e+00
-4.25756024e-03 4.99177074e+00
-4.26948117e-03 4.99171114e+00
-4.26590489e-03 4.99177551e+00
-4.26471280e-03 4.99194717e+00
-4.25994443e-03 4.99177313e+00
-4.24206303e-03 4.99175406e+00
-4.26828908e-03 4.99194098e+00
-4.23967885e-03 4.99183130e+00
-4.26232861e-03 4.99190998e+00
-4.27186536e-03 4.99199486e+00
-4.24802350e-03 4.99183369e+00
-4.25159978e-03 4.99179077e+00
-4.27067326e-03 4.99182796e+00
-4.24444722e-03 4.99176931e+00
-4.26232861e-03 4.99188519e+00
-4.28140210e-03 4.99192429e+00
-4.25756024e-03 4.99191618e+00
-4.27186536e-03 4.99195766e+00
-4.23371838e-03 4.99189949e+00
-4.24921559e-03 4.99193764e+00
-4.25279187e-03 4.99182415e+00
-4.24444722e-03 4.99197578e+00
-4.25279187e-03 4.99208879e+00
-4.24921559e-03 4.99189329e+00
-4.25040768e-03 4.99190760e+00
-4.28021001e-03 4.99196005e+00
-4.25636815e-03 4.99197340e+00
-4.25875233e-03 4.99189806e+00
-4.23133420e-03 4.99193525e+00
-4.25756024e-03 4.99190426e+00
-4.24563931e-03 4.99179316e+00
-4.26232861e-03 4.99187899e+00
-4.26352071e-03 4.99190760e+00
-4.25756024e-03 4.99206018e+00
-4.25159978e-03 4.99193621e+00
-4.26590489e-03 4.99187803e+00
-4.26113652e-03 4.99183273e+00
-4.27067326e-03 4.99191713e+00
-4.27305745e-03 4.99183989e+00
-4.24683141e-03 4.99180031e+00
-4.26232861e-03 4.99196625e+00
-4.26471280e-03 4.99183512e+00
-4.26352071e-03 4.99194002e+00
-4.25636815e-03 4.99184704e+00
-4.25517606e-03 4.99184704e+00
-4.26471280e-03 4.99197340e+00
-4.24802350e-03 4.99192667e+00
-4.25875233e-03 4.99177790e+00
-4.25875233e-03 4.99189472e+00
-4.26590489e-03 4.99179792e+00
-4.26352071e-03 4.99189806e+00
-4.25159978e-03 4.99183989e+00
-4.26948117e-03 4.99187803e+00
-4.24206303e-03 4.99194479e+00
-4.23729466e-03 4.99191475e+00
-4.26232861e-03 4.99202919e+00
-4.26828908e-03 4.99184322e+00
-4.25636815e-03 4.99180651e+00
-4.26232861e-03 4.99185753e+00
-4.23848676e-03 4.99199724e+00
-4.26232861e-03 4.99185514e+00
-4.25636815e-03 4.99180174e+00
-4.25636815e-03 4.99178982e+00
-4.26352071e-03 4.99190521e+00
-4.25875233e-03 4.99200439e+00
-4.26590489e-03 4.99184942e+00
-4.24444722e-03 4.99192429e+00
-4.24206303e-03 4.99204731e+00
-4.24921559e-03 4.99204731e+00
-4.25040768e-03 4.99196863e+00
-4.25040768e-03 4.99188852e+00
-4.26113652e-03 4.99198151e+00
-4.26232861e-03 4.99193525e+00
-4.25756024e-03 4.99191618e+00
-4.26948117e-03 4.99197340e+00
-4.27663373e-03 4.99187660e+00
-4.25636815e-03 4.99190760e+00
-4.26232861e-03 4.99188852e+00
-4.25756024e-03 4.99193525e+00
-4.27424954e-03 4.99185514e+00
-4.26113652e-03 4.99193287e+00
-4.26709699e-03 4.99189568e+00
-4.25756024e-03 4.99189234e+00
-4.26709699e-03 4.99186373e+00
-4.27901791e-03 4.99184704e+00
-4.25875233e-03 4.99186945e+00
-4.24444722e-03 4.99200058e+00
-4.25875233e-03 4.99182796e+00
-4.25517606e-03 4.99197340e+00
-4.27544164e-03 4.99197340e+00
-4.25994443e-03 4.99184561e+00
-4.25398396e-03 4.99186707e+00
-4.26352071e-03 4.99188995e+00
-4.26232861e-03 4.99195433e+00
-4.25994443e-03 4.99188280e+00
-4.25517606e-03 4.99192333e+00
-4.26352071e-03 4.99178743e+00
-4.27544164e-03 4.99178362e+00
-4.23371838e-03 4.99182558e+00
-4.28021001e-03 4.99182177e+00
-4.27901791e-03 4.99184322e+00
-4.26352071e-03 4.99181223e+00
-4.25398396e-03 4.99191475e+00
-4.27305745e-03 4.99196243e+00
-4.25279187e-03 4.99183846e+00
-4.25398396e-03 4.99203634e+00
-4.26113652e-03 4.99189711e+00
-4.24444722e-03 4.99194813e+00
-4.26352071e-03 4.99187326e+00
-4.27544164e-03 4.99192429e+00
-4.26590489e-03 4.99181843e+00
-4.26828908e-03 4.99204969e+00
-4.25756024e-03 4.99192667e+00
-4.24563931e-03 4.99184322e+00
-4.25875233e-03 4.99194002e+00
-4.26352071e-03 4.99197435e+00
-4.26948117e-03 4.99206257e+00
-4.24683141e-03 4.99195194e+00
-4.24921559e-03 4.99189949e+00
-4.27424954e-03 4.99185181e+00
-4.26709699e-03 4.99188757e+00
-4.26113652e-03 4.99193859e+00
-4.25994443e-03 4.99196959e+00
-4.26590489e-03 4.99185753e+00
-4.25636815e-03 4.99196148e+00
-4.24921559e-03 4.99191618e+00
-4.25517606e-03 4.99200439e+00
-4.26471280e-03 4.99195766e+00
-4.25517606e-03 4.99192333e+00
-4.24325513e-03 4.99196625e+00
-4.26471280e-03 4.99193621e+00
-4.26113652e-03 4.99203634e+00
-4.26113652e-03 4.99192190e+00
-4.27305745e-03 4.99189806e+00
-4.25994443e-03 4.99172306e+00
-4.26590489e-03 4.99196005e+00
-4.25875233e-03 4.99185658e+00
-4.26590489e-03 4.99195051e+00
-4.25994443e-03 4.99192429e+00
-4.25159978e-03 4.99190521e+00
-4.25159978e-03 4.99180031e+00
-4.25994443e-03 4.99194336e+00
-4.25994443e-03 4.99190998e+00
-4.25159978e-03 4.99193764e+00
-4.25756024e-03 4.99186945e+00
-4.26709699e-03 4.99194336e+00
-4.26232861e-03 4.99190521e+00
-4.26232861e-03 4.99193048e+00
-4.26948117e-03 4.99196863e+00
-4.27186536e-03 4.99208546e+00
-4.27544164e-03 4.99192667e+00
-4.26471280e-03 4.99175644e+00
-4.26113652e-03 4.99195766e+00
-4.26232861e-03 4.99200201e+00
-4.26590489e-03 4.99190521e+00
-4.25636815e-03 4.99189472e+00
-4.24802350e-03 4.99191141e+00
-4.27186536e-03 4.99201727e+00
-4.25159978e-03 4.99184084e+00
-4.25040768e-03 4.99187803e+00
-4.23729466e-03 4.99194336e+00
-4.24921559e-03 4.99186945e+00
-4.24206303e-03 4.99204826e+00
-4.25994443e-03 4.99188375e+00
-4.26113652e-03 4.99182081e+00
-4.24444722e-03 4.99190998e+00
-4.24444722e-03 4.99200058e+00
-4.25875233e-03 4.99183607e+00
-4.24921559e-03 4.99194956e+00
-4.26590489e-03 4.99185038e+00
-4.28021001e-03 4.99195433e+00
-4.28378629e-03 4.99187088e+00
-4.26232861e-03 4.99182415e+00
-4.25517606e-03 4.99195051e+00
-4.26948117e-03 4.99179697e+00
-4.26709699e-03 4.99183989e+00
-4.28378629e-03 4.99189711e+00
-4.26709699e-03 4.99193859e+00
-4.25040768e-03 4.99192905e+00
-4.25159978e-03 4.99184942e+00
-4.26471280e-03 4.99194002e+00
-4.25398396e-03 4.99201250e+00
-4.26948117e-03 4.99186850e+00
-4.27186536e-03 4.99194098e+00
-4.27663373e-03 4.99189806e+00
-4.25517606e-03 4.99189472e+00
-4.26352071e-03 4.99191952e+00
-4.25040768e-03 4.99201870e+00
-4.23729466e-03 4.99201870e+00
-4.24087094e-03 4.99182415e+00
-4.28140210e-03 4.99205923e+00
-4.27186536e-03 4.99189472e+00
-4.25756024e-03 4.99194574e+00
-4.26232861e-03 4.99184942e+00
-4.25636815e-03 4.99204493e+00
-4.24087094e-03 4.99192333e+00
-4.26232861e-03 4.99183512e+00
-4.25279187e-03 4.99197102e+00
-4.24802350e-03 4.99178982e+00
-4.25398396e-03 4.99193048e+00
-4.26948117e-03 4.99199724e+00
-4.25398396e-03 4.99196863e+00
-4.27544164e-03 4.99194098e+00
-4.25159978e-03 4.99194956e+00
-4.25636815e-03 4.99199486e+00
-4.26113652e-03 4.99191141e+00
-4.25398396e-03 4.99184799e+00
-4.25636815e-03 4.99195290e+00
-4.25517606e-03 4.99195194e+00
-4.25517606e-03 4.99198389e+00
-4.25159978e-03 4.99185181e+00
-4.26948117e-03 4.99197102e+00
-4.28021001e-03 4.99209738e+00
-4.24683141e-03 4.99188614e+00
-4.24444722e-03 4.99193525e+00
-4.24325513e-03 4.99200201e+00
-4.24444722e-03 4.99192429e+00
-4.24921559e-03 4.99198389e+00
-4.26948117e-03 4.99178505e+00
-4.27067326e-03 4.99193525e+00
-4.26590489e-03 4.99199581e+00
-4.26352071e-03 4.99196959e+00
-4.28021001e-03 4.99196148e+00
-4.27424954e-03 4.99195766e+00
-4.26948117e-03 4.99196386e+00
-4.25279187e-03 4.99199581e+00
-4.24563931e-03 4.99196720e+00
-4.26471280e-03 4.99198771e+00
-4.28021001e-03 4.99190426e+00
-4.24683141e-03 4.99184704e+00
-4.24802350e-03 4.99186707e+00
-4.26471280e-03 4.99201250e+00
-4.24325513e-03 4.99192810e+00
-4.28736256e-03 4.99190760e+00
-4.27544164e-03 4.99190903e+00
-4.24087094e-03 4.99209023e+00
-4.27186536e-03 4.99206734e+00
-4.25159978e-03 4.99207926e+00
-4.26828908e-03 4.99191141e+00
-4.26352071e-03 4.99203777e+00
-4.23967885e-03 4.99199820e+00
-4.25875233e-03 4.99207449e+00
-4.26590489e-03 4.99194098e+00
-4.26232861e-03 4.99197578e+00
-4.26709699e-03 4.99201393e+00
-4.26352071e-03 4.99198866e+00
-4.26828908e-03 4.99201250e+00
-4.26471280e-03 4.99193382e+00
-4.26828908e-03 4.99195766e+00
-4.27901791e-03 4.99195528e+00
-4.25756024e-03 4.99195910e+00
-4.25517606e-03 4.99196005e+00
-4.25875233e-03 4.99190187e+00
-4.25159978e-03 4.99199247e+00
-4.26828908e-03 4.99198294e+00
-4.27782582e-03 4.99199963e+00
-4.25756024e-03 4.99193525e+00
-4.25398396e-03 4.99202108e+00
-4.26232861e-03 4.99204493e+00
-4.27067326e-03 4.99192667e+00
-4.24087094e-03 4.99197435e+00
-4.26352071e-03 4.99201488e+00
-4.24563931e-03 4.99186611e+00
-4.26471280e-03 4.99192810e+00
-4.26590489e-03 4.99191236e+00
-4.26232861e-03 4.99216890e+00
-4.27424954e-03 4.99195433e+00
-4.25756024e-03 4.99195194e+00
-4.25398396e-03 4.99203777e+00
-4.26113652e-03 4.99195528e+00
-4.26590489e-03 4.99193144e+00
-4.27663373e-03 4.99198294e+00
-4.24444722e-03 4.99198627e+00
-4.26232861e-03 4.99195290e+00
-4.26471280e-03 4.99188280e+00
-4.27186536e-03 4.99204111e+00
-4.26232861e-03 4.99197435e+00
-4.24921559e-03 4.99192905e+00
-4.25756024e-03 4.99179697e+00
-4.25040768e-03 4.99193287e+00
-4.27424954e-03 4.99189949e+00
-4.27782582e-03 4.99200296e+00
-4.25279187e-03 4.99186611e+00
-4.26471280e-03 4.99200201e+00
-4.27067326e-03 4.99199009e+00
-4.25517606e-03 4.99193621e+00
-4.26113652e-03 4.99190521e+00
-4.25756024e-03 4.99183750e+00
-4.24802350e-03 4.99191618e+00
-4.26828908e-03 4.99194717e+00
-4.25756024e-03 4.99197674e+00
-4.24563931e-03 4.99209023e+00
-4.25279187e-03 4.99190521e+00
-4.25875233e-03 4.99201012e+00
-4.27067326e-03 4.99194098e+00
-4.27067326e-03 4.99199963e+00
-4.27186536e-03 4.99188375e+00
-4.27663373e-03 4.99201632e+00
-4.27186536e-03 4.99197197e+00
-4.26232861e-03 4.99192572e+00
-4.26948117e-03 4.99189472e+00
-4.25398396e-03 4.99195290e+00
-4.25756024e-03 4.99191475e+00
-4.26113652e-03 4.99189949e+00
-4.26113652e-03 4.99195290e+00
-4.24802350e-03 4.99199724e+00
-4.25636815e-03 4.99202442e+00
-4.26590489e-03 4.99210215e+00
-4.25517606e-03 4.99194002e+00
-4.26828908e-03 4.99198294e+00
-4.25994443e-03 4.99191952e+00
-4.25159978e-03 4.99200296e+00
-4.25636815e-03 4.99196482e+00
-4.25994443e-03 4.99204493e+00
-4.26113652e-03 4.99191952e+00
-4.25636815e-03 4.99197340e+00
-4.26828908e-03 4.99193382e+00
-4.25756024e-03 4.99209833e+00
-4.26232861e-03 4.99200296e+00
-4.24563931e-03 4.99206495e+00
-4.25040768e-03 4.99193525e+00
-4.25994443e-03 4.99198151e+00
-4.25875233e-03 4.99185419e+00
-4.25517606e-03 4.99200916e+00
-4.26471280e-03 4.99197674e+00
-4.25279187e-03 4.99183130e+00
-4.26709699e-03 4.99195194e+00
-4.25517606e-03 4.99194336e+00
-4.26828908e-03 4.99195766e+00
-4.26948117e-03 4.99180984e+00
-4.26590489e-03 4.99193382e+00
-4.25756024e-03 4.99193048e+00
-4.25040768e-03 4.99201727e+00
-4.25756024e-03 4.99199486e+00
-4.25279187e-03 4.99194002e+00
-4.24683141e-03 4.99199247e+00
-4.27305745e-03 4.99198627e+00
-4.25159978e-03 4.99182796e+00
-4.25517606e-03 4.99198389e+00
-4.25636815e-03 4.99179077e+00
-4.27544164e-03 4.99196863e+00
-4.25279187e-03 4.99184799e+00
-4.27424954e-03 4.99194098e+00
-4.27067326e-03 4.99196863e+00
-4.25636815e-03 4.99188757e+00
-4.26232861e-03 4.99196625e+00
-4.27544164e-03 4.99190283e+00
-4.24683141e-03 4.99187565e+00
-4.26590489e-03 4.99192810e+00
-4.25279187e-03 4.99181843e+00
-4.26471280e-03 4.99204731e+00
-4.28140210e-03 4.99180031e+00
-4.26828908e-03 4.99185419e+00
-4.24206303e-03 4.99203539e+00
-4.25398396e-03 4.99199581e+00
-4.26471280e-03 4.99191141e+00
-4.26948117e-03 4.99187183e+00
-4.26590489e-03 4.99183607e+00
-4.26352071e-03 4.99200773e+00
-4.25517606e-03 4.99195290e+00
-4.25756024e-03 4.99195671e+00
-4.25040768e-03 4.99198532e+00
-4.27544164e-03 4.99195051e+00
-4.27782582e-03 4.99182892e+00
-4.25875233e-03 4.99191618e+00
-4.25875233e-03 4.99189806e+00
-4.24683141e-03 4.99190664e+00
-4.24921559e-03 4.99192429e+00
-4.26113652e-03 4.99196005e+00
-4.26828908e-03 4.99208307e+00
-4.26113652e-03 4.99204731e+00
-4.26948117e-03 4.99185991e+00
-4.25636815e-03 4.99191141e+00
-4.28021001e-03 4.99200058e+00
-4.25994443e-03 4.99195766e+00
-4.24683141e-03 4.99196386e+00
-4.25279187e-03 4.99198151e+00
-4.26352071e-03 4.99195051e+00
-4.26828908e-03 4.99208546e+00
-4.24921559e-03 4.99193621e+00
-4.25279187e-03 4.99197197e+00
-4.25398396e-03 4.99204826e+00
-4.27901791e-03 4.99199009e+00
-4.25994443e-03 4.99195194e+00
-4.24802350e-03 4.99194574e+00
-4.25279187e-03 4.99186850e+00
-4.25279187e-03 4.99192810e+00
-4.27305745e-03 4.99197817e+00
-4.27067326e-03 4.99191713e+00
-4.28378629e-03 4.99197578e+00
-4.27186536e-03 4.99193525e+00
-4.25994443e-03 4.99201012e+00
-4.26948117e-03 4.99192095e+00
-4.25040768e-03 4.99191141e+00
-4.26113652e-03 4.99195766e+00
-4.25875233e-03 4.99183035e+00
-4.25636815e-03 4.99196625e+00
-4.25875233e-03 4.99187660e+00
-4.26113652e-03 4.99188137e+00
-4.26471280e-03 4.99204826e+00
-4.26590489e-03 4.99196148e+00
-4.25159978e-03 4.99192190e+00
-4.26113652e-03 4.99199009e+00
-4.25517606e-03 4.99191713e+00
-4.26471280e-03 4.99191952e+00
-4.25994443e-03 4.99185991e+00
-4.26590489e-03 4.99200296e+00
-4.25040768e-03 4.99186707e+00
-4.25636815e-03 4.99194336e+00
-4.26590489e-03 4.99203157e+00
-4.24206303e-03 4.99195671e+00
-4.27424954e-03 4.99204731e+00
-4.25994443e-03 4.99193287e+00
-4.27901791e-03 4.99192905e+00
-4.25994443e-03 4.99194098e+00
-4.26948117e-03 4.99196243e+00
-4.25756024e-03 4.99184465e+00
-4.24683141e-03 4.99187565e+00
-4.27186536e-03 4.99189806e+00
-4.26232861e-03 4.99198151e+00
-4.25875233e-03 4.99196386e+00
-4.27424954e-03 4.99203062e+00
-4.25875233e-03 4.99197674e+00
-4.25875233e-03 4.99182558e+00
-4.26709699e-03 4.99206257e+00
-4.26352071e-03 4.99170399e+00
-4.27305745e-03 4.99207592e+00
-4.26232861e-03 4.99205065e+00
-4.26471280e-03 4.99200678e+00
-4.24563931e-03 4.99194813e+00
-4.25159978e-03 4.99189568e+00
-4.25756024e-03 4.99188614e+00
-4.24444722e-03 4.99183989e+00
-4.25279187e-03 4.99190664e+00
-4.25517606e-03 4.99189329e+00
-4.25994443e-03 4.99189234e+00
-4.25994443e-03 4.99194813e+00
-4.25636815e-03 4.99175167e+00
-4.26232861e-03 4.99194098e+00
-4.26113652e-03 4.99191380e+00
-4.24683141e-03 4.99201870e+00
-4.26352071e-03 4.99189234e+00
-4.27067326e-03 4.99188042e+00
-4.24921559e-03 4.99189329e+00
-4.24921559e-03 4.99188757e+00
-4.27782582e-03 4.99188614e+00
-4.25398396e-03 4.99183989e+00
-4.26352071e-03 4.99185276e+00
-4.26471280e-03 4.99190760e+00
-4.25159978e-03 4.99193525e+00
-4.25279187e-03 4.99195910e+00
-4.26232861e-03 4.99198532e+00
-4.26590489e-03 4.99187565e+00
-4.25875233e-03 4.99186945e+00
-4.25398396e-03 4.99190664e+00
-4.26828908e-03 4.99184227e+00
-4.26232861e-03 4.99198151e+00
-4.25636815e-03 4.99184561e+00
-4.25875233e-03 4.99192810e+00
-4.24683141e-03 4.99188042e+00
-4.25040768e-03 4.99201155e+00
-4.28021001e-03 4.99181128e+00
-4.27782582e-03 4.99207449e+00
-4.25636815e-03 4.99200296e+00
-4.26471280e-03 4.99187803e+00
-4.24683141e-03 4.99180651e+00
-4.26828908e-03 4.99182653e+00
-4.24563931e-03 4.99175739e+00
-4.25517606e-03 4.99189472e+00
-4.26709699e-03 4.99193287e+00
-4.25756024e-03 4.99187565e+00
-4.25756024e-03 4.99163342e+00
-4.26471280e-03 4.99182081e+00
-4.26471280e-03 4.99182653e+00
-4.27544164e-03 4.99185514e+00
-4.25875233e-03 4.99190521e+00
-4.24802350e-03 4.99174929e+00
-4.25636815e-03 4.99183369e+00
-4.25756024e-03 4.99192333e+00
-4.27186536e-03 4.99196625e+00
-4.26828908e-03 4.99181128e+00
-4.26590489e-03 4.99187660e+00
-4.26352071e-03 4.99189234e+00
-4.25398396e-03 4.99191618e+00
-4.27067326e-03 4.99194098e+00
-4.25994443e-03 4.99178267e+00
-4.25756024e-03 4.99180508e+00
-4.27186536e-03 4.99178982e+00
-4.24802350e-03 4.99185181e+00
-4.24444722e-03 4.99208403e+00
-4.25756024e-03 4.99197197e+00
-4.26590489e-03 4.99197578e+00
-4.24087094e-03 4.99190664e+00
-4.26232861e-03 4.99189949e+00
-4.27067326e-03 4.99193621e+00
-4.27544164e-03 4.99181938e+00
-4.27901791e-03 4.99196482e+00
-4.22895001e-03 4.99195194e+00
-4.25517606e-03 4.99187565e+00
-4.26113652e-03 4.99195766e+00
-4.27067326e-03 4.99183369e+00
-4.24325513e-03 4.99184084e+00
-4.25159978e-03 4.99187899e+00
-4.24802350e-03 4.99183750e+00
-4.25517606e-03 4.99177551e+00
-4.24563931e-03 4.99194336e+00
-4.26471280e-03 4.99198866e+00
-4.25040768e-03 4.99188614e+00
-4.25636815e-03 4.99187088e+00
-4.26828908e-03 4.99193048e+00
-4.27901791e-03 4.99184465e+00
-4.27424954e-03 4.99193764e+00
-4.24921559e-03 4.99203062e+00
-4.26828908e-03 4.99195910e+00
-4.27067326e-03 4.99193621e+00
-4.25517606e-03 4.99181223e+00
-4.24087094e-03 4.99202824e+00
-4.26471280e-03 4.99190044e+00
-4.24325513e-03 4.99197102e+00
-4.26113652e-03 4.99207115e+00
-4.26948117e-03 4.99193764e+00
-4.26352071e-03 4.99193144e+00
-4.26113652e-03 4.99200916e+00
-4.25517606e-03 4.99194002e+00
-4.23848676e-03 4.99195528e+00
-4.27186536e-03 4.99192095e+00
-4.24563931e-03 4.99188280e+00
-4.25875233e-03 4.99202681e+00
-4.26232861e-03 4.99194098e+00
-4.26471280e-03 4.99188614e+00
-4.26113652e-03 4.99193525e+00
-4.26828908e-03 4.99196863e+00
-4.25756024e-03 4.99188519e+00
-4.25756024e-03 4.99199343e+00
-4.24563931e-03 4.99185276e+00
-4.25756024e-03 4.99196148e+00
-4.24921559e-03 4.99189949e+00
-4.28378629e-03 4.99191952e+00
-4.26471280e-03 4.99191380e+00
-4.25517606e-03 4.99200439e+00
-4.23967885e-03 4.99194336e+00
-4.25279187e-03 4.99184227e+00
-4.25279187e-03 4.99200296e+00
-4.26590489e-03 4.99192333e+00
-4.26352071e-03 4.99190283e+00
-4.25636815e-03 4.99184227e+00
-4.26471280e-03 4.99196720e+00
-4.25756024e-03 4.99192572e+00
-4.25875233e-03 4.99186134e+00
-4.26471280e-03 4.99195194e+00
-4.23610257e-03 4.99186611e+00
-4.24087094e-03 4.99186373e+00
-4.26113652e-03 4.99201250e+00
-4.26113652e-03 4.99192572e+00
-4.26709699e-03 4.99190426e+00
-4.25040768e-03 4.99182081e+00
-4.26113652e-03 4.99211740e+00
-4.28021001e-03 4.99195910e+00
-4.27186536e-03 4.99187660e+00
-4.26709699e-03 4.99191952e+00
-4.26948117e-03 4.99201727e+00
-4.25398396e-03 4.99196959e+00
-4.25636815e-03 4.99202347e+00
-4.25517606e-03 4.99194479e+00
-4.25994443e-03 4.99189329e+00
-4.26113652e-03 4.99191236e+00
-4.28140210e-03 4.99188995e+00
-4.25040768e-03 4.99194336e+00
-4.26232861e-03 4.99180889e+00
-4.28021001e-03 4.99176121e+00
-4.26352071e-03 4.99184799e+00
-4.26828908e-03 4.99197102e+00
-4.24325513e-03 4.99187326e+00
-4.25636815e-03 4.99186707e+00
-4.26232861e-03 4.99191475e+00
-4.24921559e-03 4.99191236e+00
-4.26709699e-03 4.99189711e+00
-4.26232861e-03 4.99197817e+00
-4.26590489e-03 4.99195194e+00
-4.26828908e-03 4.99188852e+00
-4.25279187e-03 4.99205446e+00
-4.26709699e-03 4.99191713e+00
-4.25875233e-03 4.99197674e+00
-4.26113652e-03 4.99201632e+00
-4.23848676e-03 4.99182653e+00
-4.26232861e-03 4.99195433e+00
-4.24563931e-03 4.99199820e+00
-4.25875233e-03 4.99194813e+00
-4.25756024e-03 4.99185514e+00
-4.26352071e-03 4.99201727e+00
-4.26232861e-03 4.99199486e+00
-4.25279187e-03 4.99192905e+00
-4.27424954e-03 4.99199009e+00
-4.26113652e-03 4.99196959e+00
-4.27305745e-03 4.99197578e+00
-4.23252629e-03 4.99199963e+00
-4.26471280e-03 4.99189091e+00
-4.27067326e-03 4.99184704e+00
-4.24802350e-03 4.99189329e+00
-4.25756024e-03 4.99192333e+00
-4.26948117e-03 4.99202204e+00
-4.25875233e-03 4.99204826e+00
-4.24444722e-03 4.99198389e+00
-4.25875233e-03 4.99202108e+00
-4.26232861e-03 4.99206018e+00
-4.26232861e-03 4.99191952e+00
-4.26590489e-03 4.99204254e+00
-4.27067326e-03 4.99189949e+00
-4.25398396e-03 4.99201488e+00
-4.27424954e-03 4.99206734e+00
-4.26590489e-03 4.99198532e+00
-4.24563931e-03 4.99185658e+00
-4.24444722e-03 4.99186230e+00
-4.25517606e-03 4.99190760e+00
-4.27067326e-03 4.99199820e+00
-4.24802350e-03 4.99194956e+00
-4.24087094e-03 4.99188375e+00
-4.27424954e-03 4.99199724e+00
-4.27424954e-03 4.99186611e+00
-4.28259419e-03 4.99191380e+00
-4.25517606e-03 4.99196625e+00
-4.26709699e-03 4.99199724e+00
-4.26828908e-03 4.99189949e+00
-4.27186536e-03 4.99199963e+00
-4.26709699e-03 4.99198151e+00
-4.25279187e-03 4.99208307e+00
-4.26471280e-03 4.99212122e+00
-4.25756024e-03 4.99202824e+00
-4.24563931e-03 4.99190521e+00
-4.26232861e-03 4.99210215e+00
-4.25875233e-03 4.99188375e+00
-4.26471280e-03 4.99192905e+00
-4.26352071e-03 4.99193621e+00
-4.26352071e-03 4.99200678e+00
-4.26471280e-03 4.99188280e+00
-4.26352071e-03 4.99190760e+00
-4.24325513e-03 4.99213314e+00
-4.25636815e-03 4.99211979e+00
-4.25040768e-03 4.99200296e+00
-4.24921559e-03 4.99204016e+00
-4.27186536e-03 4.99202442e+00
-4.25756024e-03 4.99187422e+00
-4.25159978e-03 4.99185991e+00
-4.25159978e-03 4.99201393e+00
-4.25159978e-03 4.99197340e+00
-4.26232861e-03 4.99207449e+00
-4.25159978e-03 4.99204016e+00
-4.23848676e-03 4.99181223e+00
-4.27186536e-03 4.99194956e+00
-4.27305745e-03 4.99193382e+00
-4.25994443e-03 4.99202108e+00
-4.27782582e-03 4.99194479e+00
-4.24444722e-03 4.99190903e+00
-4.26948117e-03 4.99212599e+00
-4.27544164e-03 4.99191141e+00
-4.26113652e-03 4.99194813e+00
-4.26352071e-03 4.99212360e+00
-4.25279187e-03 4.99191856e+00
-4.25159978e-03 4.99192333e+00
-4.26709699e-03 4.99205446e+00
-4.24802350e-03 4.99198055e+00
-4.25875233e-03 4.99207592e+00
-4.25159978e-03 4.99207687e+00
-4.24802350e-03 4.99193621e+00
-4.25636815e-03 4.99199963e+00
-4.23729466e-03 4.99196005e+00
-4.24563931e-03 4.99196243e+00
-4.27067326e-03 4.99194336e+00
-4.25159978e-03 4.99192810e+00
-4.25517606e-03 4.99192333e+00
-4.25040768e-03 4.99208069e+00
-4.24087094e-03 4.99187803e+00
-4.25517606e-03 4.99189806e+00
-4.27544164e-03 4.99202585e+00
-4.24087094e-03 4.99198389e+00
-4.24683141e-03 4.99191952e+00
-4.26232861e-03 4.99196863e+00
-4.25517606e-03 4.99195194e+00
-4.25040768e-03 4.99191618e+00
-4.26352071e-03 4.99194813e+00
-4.25636815e-03 4.99197817e+00
-4.25040768e-03 4.99202442e+00
-4.24921559e-03 4.99199581e+00
-4.25875233e-03 4.99204969e+00
-4.25398396e-03 4.99204493e+00
-4.24921559e-03 4.99194574e+00
-4.23848676e-03 4.99203539e+00
-4.27186536e-03 4.99188614e+00
-4.27782582e-03 4.99195433e+00
-4.25159978e-03 4.99201870e+00
-4.25159978e-03 4.99204111e+00
-4.24087094e-03 4.99203062e+00
-4.26709699e-03 4.99193382e+00
-4.26113652e-03 4.99198389e+00
-4.24325513e-03 4.99199009e+00
-4.23729466e-03 4.99212599e+00
-4.25040768e-03 4.99196720e+00
-4.26948117e-03 4.99201393e+00
-4.26232861e-03 4.99204254e+00
-4.24683141e-03 4.99203634e+00
-4.24087094e-03 4.99197674e+00
-4.26352071e-03 4.99191141e+00
-4.25875233e-03 4.99188042e+00
-4.25756024e-03 4.99203777e+00
-4.27544164e-03 4.99207211e+00
-4.25040768e-03 4.99195433e+00
-4.24921559e-03 4.99201870e+00
-4.25159978e-03 4.99203396e+00
-4.26352071e-03 4.99200535e+00
-4.26709699e-03 4.99203062e+00
-4.25636815e-03 4.99198151e+00
-4.25040768e-03 4.99192667e+00
-4.25398396e-03 4.99197912e+00
-4.24802350e-03 4.99199104e+00
-4.26948117e-03 4.99203539e+00
-4.25159978e-03 4.99193764e+00
-4.25875233e-03 4.99207592e+00
-4.25994443e-03 4.99206495e+00
-4.23610257e-03 4.99206018e+00
-4.25279187e-03 4.99193382e+00
-4.27067326e-03 4.99198389e+00
-4.23133420e-03 4.99205446e+00
-4.25398396e-03 4.99203539e+00
-4.23848676e-03 4.99198866e+00
-4.27424954e-03 4.99198771e+00
-4.26828908e-03 4.99194574e+00
-4.25279187e-03 4.99202108e+00
-4.25159978e-03 4.99204111e+00
-4.25756024e-03 4.99203396e+00
-4.26471280e-03 4.99194717e+00
-4.26232861e-03 4.99191141e+00
-4.25875233e-03 4.99202108e+00
-4.25994443e-03 4.99189711e+00
-4.26352071e-03 4.99192429e+00
-4.26948117e-03 4.99205685e+00
-4.27424954e-03 4.99203396e+00
-4.24683141e-03 4.99201965e+00
-4.25636815e-03 4.99214745e+00
-4.25398396e-03 4.99210453e+00
-4.24563931e-03 4.99210072e+00
-4.25517606e-03 4.99195528e+00
-4.25636815e-03 4.99201870e+00
-4.24325513e-03 4.99203634e+00
-4.24683141e-03 4.99200916e+00
-4.25756024e-03 4.99204731e+00
-4.23491048e-03 4.99212456e+00
-4.25159978e-03 4.99211025e+00
-4.25875233e-03 4.99205542e+00
-4.23610257e-03 4.99202108e+00
-4.24921559e-03 4.99209833e+00
-4.25875233e-03 4.99208641e+00
-4.24683141e-03 4.99211884e+00
-4.26232861e-03 4.99190903e+00
-4.25517606e-03 4.99201965e+00
-4.25279187e-03 4.99208403e+00
-4.26232861e-03 4.99218178e+00
-4.24444722e-03 4.99215937e+00
-4.26590489e-03 4.99193382e+00
-4.27663373e-03 4.99209499e+00
-4.26113652e-03 4.99207926e+00
-4.25398396e-03 4.99202824e+00
-4.26232861e-03 4.99196386e+00
-4.25279187e-03 4.99219751e+00
-4.25636815e-03 4.99199343e+00
-4.25279187e-03 4.99210215e+00
-4.26352071e-03 4.99198866e+00
-4.24325513e-03 4.99205208e+00
-4.24563931e-03 4.99200201e+00
-4.26352071e-03 4.99209595e+00
-4.25279187e-03 4.99192190e+00
-4.27901791e-03 4.99206161e+00
-4.25994443e-03 4.99205923e+00
-4.26232861e-03 4.99214268e+00
-4.25756024e-03 4.99200773e+00
-4.26352071e-03 4.99209261e+00
-4.24921559e-03 4.99199820e+00
-4.25279187e-03 4.99201727e+00
-4.25159978e-03 4.99198151e+00
-4.24444722e-03 4.99205923e+00
-4.24683141e-03 4.99206018e+00
-4.25040768e-03 4.99207211e+00
-4.24683141e-03 4.99195051e+00
-4.26590489e-03 4.99206638e+00
-4.27067326e-03 4.99196243e+00
-4.26113652e-03 4.99211884e+00
-4.25636815e-03 4.99199581e+00
-4.26113652e-03 4.99203634e+00
-4.25279187e-03 4.99203300e+00
-4.25040768e-03 4.99206018e+00
-4.25159978e-03 4.99196482e+00
-4.25040768e-03 4.99192572e+00
-4.24444722e-03 4.99203634e+00
-4.26709699e-03 4.99198151e+00
-4.26709699e-03 4.99210072e+00
-4.27067326e-03 4.99197578e+00
-4.27067326e-03 4.99198771e+00
-4.25398396e-03 4.99196482e+00
-4.24921559e-03 4.99197578e+00
-4.24683141e-03 4.99213076e+00
-4.24683141e-03 4.99196243e+00
-4.24802350e-03 4.99201632e+00
-4.26232861e-03 4.99192190e+00
-4.26590489e-03 4.99200201e+00
-4.25517606e-03 4.99196863e+00
-4.25279187e-03 4.99206972e+00
-4.25517606e-03 4.99193525e+00
-4.25159978e-03 4.99199104e+00
-4.25875233e-03 4.99210930e+00
-4.25159978e-03 4.99192429e+00
-4.25398396e-03 4.99207687e+00
-4.27305745e-03 4.99227476e+00
-4.26232861e-03 4.99203777e+00
-4.25517606e-03 4.99202919e+00
-4.25994443e-03 4.99198151e+00
-4.23729466e-03 4.99219036e+00
-4.26232861e-03 4.99198771e+00
-4.25756024e-03 4.99200535e+00
-4.25279187e-03 4.99192810e+00
-4.25994443e-03 4.99213648e+00
-4.27901791e-03 4.99198771e+00
-4.25756024e-03 4.99202347e+00
-4.26709699e-03 4.99205303e+00
-4.26232861e-03 4.99202204e+00
-4.27067326e-03 4.99213171e+00
-4.25279187e-03 4.99209976e+00
-4.25756024e-03 4.99208784e+00
-4.25398396e-03 4.99208164e+00
-4.27424954e-03 4.99197578e+00
-4.25159978e-03 4.99201965e+00
-4.25636815e-03 4.99209023e+00
-4.24683141e-03 4.99207449e+00
-4.26709699e-03 4.99190903e+00
-4.25636815e-03 4.99211740e+00
-4.25636815e-03 4.99213886e+00
-4.25398396e-03 4.99202824e+00
-4.26590489e-03 4.99203300e+00
-4.25040768e-03 4.99208641e+00
-4.25756024e-03 4.99187899e+00
-4.27663373e-03 4.99213171e+00
-4.24444722e-03 4.99204350e+00
-4.26709699e-03 4.99208164e+00
-4.27424954e-03 4.99185991e+00
-4.25875233e-03 4.99200201e+00
-4.25398396e-03 4.99207115e+00
-4.26232861e-03 4.99208641e+00
-4.26232861e-03 4.99209833e+00
-4.25398396e-03 4.99194002e+00
-4.28736256e-03 4.99208164e+00
-4.26948117e-03 4.99202108e+00
-4.25517606e-03 4.99196720e+00
-4.25994443e-03 4.99203777e+00
-4.27067326e-03 4.99211025e+00
-4.26709699e-03 4.99202442e+00
-4.26471280e-03 4.99186945e+00
-4.27067326e-03 4.99187183e+00
-4.25398396e-03 4.99198771e+00
-4.24683141e-03 4.99204111e+00
-4.25875233e-03 4.99200201e+00
-4.25636815e-03 4.99197817e+00
-4.25636815e-03 4.99213552e+00
-4.26232861e-03 4.99198294e+00
-4.26948117e-03 4.99210215e+00
-4.24683141e-03 4.99194813e+00
-4.24563931e-03 4.99199486e+00
-4.24444722e-03 4.99185991e+00
-4.26590489e-03 4.99206400e+00
-4.26113652e-03 4.99210930e+00
-4.25040768e-03 4.99198627e+00
-4.26352071e-03 4.99220467e+00
-4.24921559e-03 4.99218893e+00
-4.26948117e-03 4.99210072e+00
-4.25756024e-03 4.99208307e+00
-4.26709699e-03 4.99204731e+00
-4.26471280e-03 4.99207830e+00
-4.26113652e-03 4.99209118e+00
-4.25636815e-03 4.99206400e+00
-4.25875233e-03 4.99204254e+00
-4.25517606e-03 4.99217224e+00
-4.23967885e-03 4.99196863e+00
-4.25875233e-03 4.99202919e+00
-4.25040768e-03 4.99209261e+00
-4.25040768e-03 4.99203634e+00
-4.26709699e-03 4.99191475e+00
-4.25517606e-03 4.99190426e+00
-4.25756024e-03 4.99212122e+00
-4.25875233e-03 4.99207449e+00
-4.23967885e-03 4.99212694e+00
-4.24563931e-03 4.99206877e+00
-4.25636815e-03 4.99203539e+00
-4.24563931e-03 4.99207449e+00
-4.25756024e-03 4.99203777e+00
-4.27424954e-03 4.99199009e+00
-4.24921559e-03 4.99202204e+00
-4.25636815e-03 4.99187326e+00
-4.25636815e-03 4.99202824e+00
-4.26709699e-03 4.99188995e+00
-4.27067326e-03 4.99205542e+00
-4.26828908e-03 4.99203777e+00
-4.26232861e-03 4.99197674e+00
-4.28021001e-03 4.99201965e+00
-4.27186536e-03 4.99198294e+00
-4.24087094e-03 4.99193859e+00
-4.26352071e-03 4.99199247e+00
-4.26709699e-03 4.99206734e+00
-4.27305745e-03 4.99195290e+00
-4.25875233e-03 4.99194813e+00
-4.25756024e-03 4.99194336e+00
-4.26948117e-03 4.99195433e+00
-4.26113652e-03 4.99198771e+00
-4.25636815e-03 4.99201250e+00
-4.24802350e-03 4.99202824e+00
-4.24921559e-03 4.99205303e+00
-4.26709699e-03 4.99204254e+00
-4.25040768e-03 4.99199343e+00
-4.24087094e-03 4.99202681e+00
-4.25517606e-03 4.99196959e+00
-4.25279187e-03 4.99207449e+00
-4.26590489e-03 4.99202919e+00
-4.25636815e-03 4.99207354e+00
-4.28021001e-03 4.99199009e+00
-4.24921559e-03 4.99193859e+00
-4.24683141e-03 4.99199724e+00
-4.24325513e-03 4.99201155e+00
-4.26232861e-03 4.99199963e+00
-4.25159978e-03 4.99211884e+00
-4.25159978e-03 4.99190521e+00
-4.24802350e-03 4.99198389e+00
-4.27782582e-03 4.99195528e+00
-4.27901791e-03 4.99192429e+00
-4.27186536e-03 4.99202919e+00
-4.24683141e-03 4.99202585e+00
-4.27067326e-03 4.99209261e+00
-4.24444722e-03 4.99209356e+00
-4.26232861e-03 4.99195671e+00
-4.26232861e-03 4.99208546e+00
-4.26352071e-03 4.99200296e+00
-4.27544164e-03 4.99193525e+00
-4.25398396e-03 4.99196625e+00
-4.25517606e-03 4.99193859e+00
-4.25159978e-03 4.99199009e+00
-4.25279187e-03 4.99202347e+00
-4.25040768e-03 4.99200201e+00
-4.26352071e-03 4.99199820e+00
-4.26113652e-03 4.99206161e+00
-4.27544164e-03 4.99200296e+00
-4.25398396e-03 4.99207687e+00
-4.26352071e-03 4.99202824e+00
-4.26709699e-03 4.99206400e+00
-4.24683141e-03 4.99201250e+00
-4.27305745e-03 4.99194002e+00
-4.27186536e-03 4.99198151e+00
-4.24683141e-03 4.99186707e+00
-4.27663373e-03 4.99208069e+00
-4.25636815e-03 4.99190187e+00
-4.24921559e-03 4.99206972e+00
-4.26709699e-03 4.99202108e+00
-4.26471280e-03 4.99187422e+00
-4.25636815e-03 4.99196148e+00
-4.26709699e-03 4.99194336e+00
-4.26590489e-03 4.99201155e+00
-4.27305745e-03 4.99202681e+00
-4.25517606e-03 4.99201632e+00
-4.23610257e-03 4.99197197e+00
-4.27663373e-03 4.99201155e+00
-4.27424954e-03 4.99199009e+00
-4.26590489e-03 4.99196863e+00
-4.25040768e-03 4.99197817e+00
-4.24206303e-03 4.99203300e+00
-4.25159978e-03 4.99213791e+00
-4.25875233e-03 4.99199247e+00
-4.25756024e-03 4.99192429e+00
-4.25994443e-03 4.99200201e+00
-4.25040768e-03 4.99200439e+00
-4.25159978e-03 4.99199581e+00
-4.26590489e-03 4.99189568e+00
-4.24206303e-03 4.99194813e+00
-4.25875233e-03 4.99199724e+00
-4.24683141e-03 4.99206734e+00
-4.27544164e-03 4.99210453e+00
-4.26590489e-03 4.99191856e+00
-4.26352071e-03 4.99197912e+00
-4.25159978e-03 4.99201488e+00
-4.26471280e-03 4.99187326e+00
-4.26352071e-03 4.99191380e+00
-4.25756024e-03 4.99199009e+00
-4.28021001e-03 4.99199104e+00
-4.24802350e-03 4.99197340e+00
-4.26471280e-03 4.99193382e+00
-4.24444722e-03 4.99199820e+00
-4.25875233e-03 4.99201870e+00
-4.26113652e-03 4.99201965e+00
-4.26709699e-03 4.99196148e+00
-4.25279187e-03 4.99204969e+00
-4.25756024e-03 4.99205542e+00
-4.27901791e-03 4.99203777e+00
-4.25517606e-03 4.99196720e+00
-4.24563931e-03 4.99189806e+00
-4.26232861e-03 4.99207211e+00
-4.26232861e-03 4.99202585e+00
-4.24683141e-03 4.99196863e+00
-4.25756024e-03 4.99196386e+00
-4.26113652e-03 4.99187183e+00
-4.26232861e-03 4.99203300e+00
-4.23967885e-03 4.99208784e+00
-4.25159978e-03 4.99196005e+00
-4.24683141e-03 4.99187660e+00
-4.24683141e-03 4.99197912e+00
-4.26471280e-03 4.99205065e+00
-4.28021001e-03 4.99198389e+00
-4.26232861e-03 4.99193287e+00
-4.23252629e-03 4.99203634e+00
-4.25398396e-03 4.99197340e+00
-4.26471280e-03 4.99203300e+00
-4.25875233e-03 4.99199486e+00
-4.26471280e-03 4.99201727e+00
-4.25994443e-03 4.99187183e+00
-4.25517606e-03 4.99200439e+00
-4.26113652e-03 4.99190283e+00
-4.24206303e-03 4.99199247e+00
-4.26352071e-03 4.99208641e+00
-4.23729466e-03 4.99190187e+00
-4.26113652e-03 4.99190664e+00
-4.26948117e-03 4.99189806e+00
-4.26709699e-03 4.99207211e+00
-4.26471280e-03 4.99198151e+00
-4.25875233e-03 4.99191475e+00
-4.24683141e-03 4.99188280e+00
-4.25636815e-03 4.99201488e+00
-4.25756024e-03 4.99208403e+00
-4.26471280e-03 4.99187422e+00
-4.27544164e-03 4.99202919e+00
-4.25159978e-03 4.99200439e+00
-4.28140210e-03 4.99196625e+00
-4.23491048e-03 4.99200201e+00
-4.25517606e-03 4.99201155e+00
-4.26709699e-03 4.99212122e+00
-4.25279187e-03 4.99204111e+00
-4.24325513e-03 4.99206734e+00
-4.25398396e-03 4.99187183e+00
-4.26471280e-03 4.99203062e+00
-4.25875233e-03 4.99199963e+00
-4.25756024e-03 4.99199724e+00
-4.24683141e-03 4.99207354e+00
-4.25159978e-03 4.99196005e+00
-4.25636815e-03 4.99187803e+00
-4.24563931e-03 4.99198151e+00
-4.25636815e-03 4.99203300e+00
-4.25756024e-03 4.99191380e+00
-4.27901791e-03 4.99197102e+00
-4.25517606e-03 4.99203777e+00
-4.26232861e-03 4.99204969e+00
-4.27067326e-03 4.99199009e+00
-4.26590489e-03 4.99191856e+00
-4.27186536e-03 4.99194574e+00
-4.25040768e-03 4.99200058e+00
-4.25517606e-03 4.99197197e+00
-4.27663373e-03 4.99190283e+00
-4.25517606e-03 4.99188995e+00
-4.24921559e-03 4.99185038e+00
-4.23967885e-03 4.99196005e+00
-4.27067326e-03 4.99194479e+00
-4.25279187e-03 4.99199009e+00
-4.24683141e-03 4.99192190e+00
-4.25875233e-03 4.99203539e+00
-4.25636815e-03 4.99190760e+00
-4.26232861e-03 4.99198151e+00
-4.25517606e-03 4.99199009e+00
-4.27305745e-03 4.99191475e+00
-4.24802350e-03 4.99192905e+00
-4.26828908e-03 4.99199581e+00
-4.25756024e-03 4.99204350e+00
-4.26232861e-03 4.99195290e+00
-4.25159978e-03 4.99208546e+00
-4.26471280e-03 4.99205685e+00
-4.25279187e-03 4.99200201e+00
-4.24921559e-03 4.99194002e+00
-4.25517606e-03 4.99189568e+00
-4.26471280e-03 4.99201632e+00
-4.26471280e-03 4.99196482e+00
-4.26113652e-03 4.99194717e+00
-4.27186536e-03 4.99195528e+00
-4.25636815e-03 4.99211740e+00
-4.26590489e-03 4.99196005e+00
-4.24921559e-03 4.99202681e+00
-4.26590489e-03 4.99196386e+00
-4.24325513e-03 4.99206638e+00
-4.26113652e-03 4.99187660e+00
-4.26232861e-03 4.99204731e+00
-4.24921559e-03 4.99197102e+00
-4.27305745e-03 4.99199963e+00
-4.26232861e-03 4.99191618e+00
-4.25994443e-03 4.99196386e+00
-4.24921559e-03 4.99190044e+00
-4.24921559e-03 4.99191475e+00
-4.29093884e-03 4.99201250e+00
-4.24444722e-03 4.99196243e+00
-4.25398396e-03 4.99192190e+00
-4.24683141e-03 4.99202919e+00
-4.26232861e-03 4.99192572e+00
-4.27663373e-03 4.99198532e+00
-4.27305745e-03 4.99193382e+00
-4.25875233e-03 4.99196243e+00
-4.24563931e-03 4.99192572e+00
-4.26352071e-03 4.99199963e+00
-4.25994443e-03 4.99185896e+00
-4.27305745e-03 4.99203396e+00
-4.25636815e-03 4.99201488e+00
-4.25875233e-03 4.99195766e+00
-4.23967885e-03 4.99195671e+00
-4.24921559e-03 4.99192190e+00
-4.26232861e-03 4.99202108e+00
-4.26232861e-03 4.99211168e+00
-4.24802350e-03 4.99182177e+00
-4.24683141e-03 4.99203777e+00
-4.24325513e-03 4.99194574e+00
-4.28259419e-03 4.99199581e+00
-4.25636815e-03 4.99190426e+00
-4.24683141e-03 4.99204731e+00
-4.25756024e-03 4.99193525e+00
-4.27424954e-03 4.99192667e+00
-4.24325513e-03 4.99206972e+00
-4.25756024e-03 4.99196720e+00
-4.26828908e-03 4.99185276e+00
-4.24683141e-03 4.99205780e+00
-4.26828908e-03 4.99197197e+00
-4.25517606e-03 4.99206877e+00
-4.24444722e-03 4.99198055e+00
-4.25517606e-03 4.99202824e+00
-4.24563931e-03 4.99192333e+00
-4.24087094e-03 4.99205780e+00
-4.25875233e-03 4.99198532e+00
-4.26232861e-03 4.99208641e+00
-4.25517606e-03 4.99190998e+00
-4.26113652e-03 4.99209261e+00
-4.22418164e-03 4.99204731e+00
-4.27067326e-03 4.99187326e+00
-4.24683141e-03 4.99186945e+00
-4.26828908e-03 4.99199247e+00
-4.25517606e-03 4.99205542e+00
-4.25636815e-03 4.99205303e+00
-4.25040768e-03 4.99186707e+00
-4.25279187e-03 4.99190044e+00
-4.26352071e-03 4.99202681e+00
-4.24087094e-03 4.99196148e+00
-4.25279187e-03 4.99199581e+00
-4.25636815e-03 4.99194956e+00
-4.26113652e-03 4.99182177e+00
-4.23252629e-03 4.99191856e+00
-4.27663373e-03 4.99192190e+00
-4.24206303e-03 4.99199009e+00
-4.25517606e-03 4.99190998e+00
-4.25636815e-03 4.99185753e+00
-4.26113652e-03 4.99200439e+00
-4.26709699e-03 4.99198866e+00
-4.24087094e-03 4.99198627e+00
-4.25040768e-03 4.99199104e+00
-4.24206303e-03 4.99189568e+00
-4.24802350e-03 4.99199820e+00
-4.25875233e-03 4.99190903e+00
-4.24683141e-03 4.99196720e+00
-4.25994443e-03 4.99199486e+00
-4.24802350e-03 4.99189568e+00
-4.22656583e-03 4.99204254e+00
-4.25994443e-03 4.99197674e+00
-4.25040768e-03 4.99186230e+00
-4.25517606e-03 4.99202824e+00
-4.26113652e-03 4.99196482e+00
-4.25994443e-03 4.99197578e+00
-4.25875233e-03 4.99197197e+00
-4.25517606e-03 4.99198866e+00
-4.25517606e-03 4.99185181e+00
-4.25875233e-03 4.99198151e+00
-4.24921559e-03 4.99186850e+00
-4.24563931e-03 4.99204111e+00
-4.25875233e-03 4.99198389e+00
-4.24444722e-03 4.99203300e+00
-4.26709699e-03 4.99203777e+00
-4.27544164e-03 4.99186707e+00
-4.25756024e-03 4.99198866e+00
-4.25875233e-03 4.99199009e+00
-4.26113652e-03 4.99193382e+00
-4.26352071e-03 4.99207115e+00
-4.24563931e-03 4.99184942e+00
-4.26113652e-03 4.99198055e+00
-4.24683141e-03 4.99202204e+00
-4.26113652e-03 4.99198866e+00
-4.23610257e-03 4.99209261e+00
-4.24802350e-03 4.99202585e+00
-4.27901791e-03 4.99180412e+00
-4.25159978e-03 4.99199963e+00
-4.26352071e-03 4.99192095e+00
-4.24802350e-03 4.99191236e+00
-4.25517606e-03 4.99193048e+00
-4.24563931e-03 4.99194241e+00
-4.25279187e-03 4.99187660e+00
-4.27424954e-03 4.99182892e+00
-4.26709699e-03 4.99194336e+00
-4.25636815e-03 4.99187803e+00
-4.25517606e-03 4.99189472e+00
-4.26113652e-03 4.99193621e+00
-4.25994443e-03 4.99197197e+00
-4.25994443e-03 4.99182796e+00
-4.27424954e-03 4.99204588e+00
-4.24206303e-03 4.99196625e+00
-4.24444722e-03 4.99203300e+00
-4.26113652e-03 4.99178600e+00
-4.28378629e-03 4.99199486e+00
-4.23729466e-03 4.99204731e+00
-4.25994443e-03 4.99192429e+00
-4.25279187e-03 4.99191856e+00
-4.27663373e-03 4.99195528e+00
-4.25040768e-03 4.99200535e+00
-4.27186536e-03 4.99201632e+00
-4.24683141e-03 4.99199343e+00
-4.24325513e-03 4.99200439e+00
-4.26113652e-03 4.99184084e+00
-4.27782582e-03 4.99185991e+00
-4.25875233e-03 4.99199343e+00
-4.26590489e-03 4.99193764e+00
-4.25875233e-03 4.99203539e+00
-4.24563931e-03 4.99196625e+00
-4.26352071e-03 4.99208164e+00
-4.26232861e-03 4.99180269e+00
-4.26113652e-03 4.99200773e+00
-4.26113652e-03 4.99195290e+00
-4.25994443e-03 4.99207211e+00
-4.23729466e-03 4.99197578e+00
-4.26471280e-03 4.99206495e+00
-4.25398396e-03 4.99207926e+00
-4.25279187e-03 4.99201488e+00
-4.24563931e-03 4.99209023e+00
-4.24683141e-03 4.99186230e+00
-4.26471280e-03 4.99195766e+00
-4.25159978e-03 4.99205065e+00
-4.25756024e-03 4.99194956e+00
-4.26948117e-03 4.99200058e+00
-4.25398396e-03 4.99199104e+00
-4.26828908e-03 4.99187088e+00
-4.24683141e-03 4.99193621e+00
-4.23967885e-03 4.99187326e+00
-4.25159978e-03 4.99198055e+00
-4.25994443e-03 4.99193859e+00
-4.23848676e-03 4.99188042e+00
-4.24802350e-03 4.99191236e+00
-4.24087094e-03 4.99201727e+00
-4.26113652e-03 4.99204493e+00
-4.25279187e-03 4.99190664e+00
-4.25159978e-03 4.99181366e+00
-4.25398396e-03 4.99196863e+00
-4.24683141e-03 4.99190664e+00
-4.26352071e-03 4.99210310e+00
-4.23610257e-03 4.99200296e+00
-4.26828908e-03 4.99186373e+00
-4.25994443e-03 4.99188375e+00
-4.25517606e-03 4.99203300e+00
-4.28617047e-03 4.99186850e+00
-4.26590489e-03 4.99201870e+00
-4.25040768e-03 4.99196482e+00
-4.25040768e-03 4.99196959e+00
-4.26113652e-03 4.99197817e+00
-4.25994443e-03 4.99200058e+00
-4.24087094e-03 4.99198294e+00
-4.23967885e-03 4.99201012e+00
-4.25517606e-03 4.99200773e+00
-4.27186536e-03 4.99199343e+00
-4.26709699e-03 4.99188995e+00
-4.24563931e-03 4.99199247e+00
-4.25636815e-03 4.99200439e+00
-4.25279187e-03 4.99189329e+00
-4.23371838e-03 4.99197340e+00
-4.26352071e-03 4.99197674e+00
-4.24921559e-03 4.99206734e+00
-4.25517606e-03 4.99196148e+00
-4.27186536e-03 4.99189568e+00
-4.25040768e-03 4.99192810e+00
-4.25517606e-03 4.99201632e+00
-4.26471280e-03 4.99200296e+00
-4.25159978e-03 4.99193764e+00
-4.26471280e-03 4.99191713e+00
-4.25875233e-03 4.99194479e+00
-4.26113652e-03 4.99200058e+00
-4.25756024e-03 4.99193621e+00
-4.25756024e-03 4.99208641e+00
-4.25279187e-03 4.99187803e+00
-4.25517606e-03 4.99200058e+00
-4.25279187e-03 4.99187803e+00
-4.25517606e-03 4.99190521e+00
-4.26113652e-03 4.99201012e+00
-4.24444722e-03 4.99196625e+00
-4.25398396e-03 4.99194479e+00
-4.25517606e-03 4.99193382e+00
-4.25040768e-03 4.99195671e+00
-4.26113652e-03 4.99189234e+00
-4.26590489e-03 4.99191713e+00
-4.24206303e-03 4.99197197e+00
-4.25517606e-03 4.99195766e+00
-4.25994443e-03 4.99198627e+00
-4.26709699e-03 4.99193287e+00
-4.25040768e-03 4.99204254e+00
-4.28140210e-03 4.99191713e+00
-4.28617047e-03 4.99199963e+00
-4.24683141e-03 4.99216175e+00
-4.24087094e-03 4.99199009e+00
-4.25398396e-03 4.99195766e+00
-4.24087094e-03 4.99201393e+00
-4.25636815e-03 4.99197197e+00
-4.25875233e-03 4.99209356e+00
-4.25398396e-03 4.99199009e+00
-4.27424954e-03 4.99185658e+00
-4.25517606e-03 4.99200201e+00
-4.26352071e-03 4.99184799e+00
-4.25875233e-03 4.99180651e+00
-4.24802350e-03 4.99199343e+00
-4.27782582e-03 4.99196720e+00
-4.26352071e-03 4.99198151e+00
-4.24206303e-03 4.99191380e+00
-4.25994443e-03 4.99202204e+00
-4.26352071e-03 4.99199486e+00
-4.25875233e-03 4.99199486e+00
-4.27067326e-03 4.99197102e+00
-4.25517606e-03 4.99197435e+00
-4.25398396e-03 4.99198151e+00
-4.23729466e-03 4.99196482e+00
-4.24087094e-03 4.99193525e+00
-4.26232861e-03 4.99211025e+00
-4.24683141e-03 4.99195910e+00
-4.26113652e-03 4.99190521e+00
-4.24087094e-03 4.99188375e+00
-4.25636815e-03 4.99190187e+00
-4.27186536e-03 4.99198532e+00
-4.25040768e-03 4.99201727e+00
-4.25756024e-03 4.99190426e+00
-4.26709699e-03 4.99210072e+00
-4.25279187e-03 4.99202442e+00
-4.25279187e-03 4.99202919e+00
-4.25756024e-03 4.99201488e+00
-4.25040768e-03 4.99192572e+00
-4.26113652e-03 4.99201250e+00
-4.25517606e-03 4.99204493e+00
-4.25279187e-03 4.99204254e+00
-4.25636815e-03 4.99198771e+00
-4.26232861e-03 4.99212360e+00
-4.26471280e-03 4.99202108e+00
-4.25398396e-03 4.99206257e+00
-4.25517606e-03 4.99195051e+00
-4.25398396e-03 4.99201393e+00
-4.26232861e-03 4.99201632e+00
-4.26113652e-03 4.99195194e+00
-4.25517606e-03 4.99195671e+00
-4.26232861e-03 4.99185896e+00
-4.24921559e-03 4.99203062e+00
-4.25398396e-03 4.99205780e+00
-4.24683141e-03 4.99199581e+00
-4.24802350e-03 4.99188852e+00
-4.25636815e-03 4.99196959e+00
-4.25398396e-03 4.99193859e+00
-4.26948117e-03 4.99196863e+00
-4.24921559e-03 4.99197912e+00
-4.24921559e-03 4.99195290e+00
-4.23967885e-03 4.99192667e+00
-4.25517606e-03 4.99208784e+00
-4.28259419e-03 4.99199009e+00
-4.24206303e-03 4.99191856e+00
-4.26113652e-03 4.99191952e+00
-4.26232861e-03 4.99201965e+00
-4.25994443e-03 4.99198151e+00
-4.24802350e-03 4.99195194e+00
-4.27186536e-03 4.99191380e+00
-4.25517606e-03 4.99198866e+00
-4.25756024e-03 4.99178982e+00
-4.23967885e-03 4.99205065e+00
-4.26352071e-03 4.99193144e+00
-4.27544164e-03 4.99185514e+00
-4.25040768e-03 4.99189091e+00
-4.26352071e-03 4.99188042e+00
-4.24444722e-03 4.99201250e+00
-4.27067326e-03 4.99198055e+00
-4.24921559e-03 4.99209976e+00
-4.24802350e-03 4.99196863e+00
-4.26471280e-03 4.99184942e+00
-4.25636815e-03 4.99192095e+00
-4.26352071e-03 4.99204731e+00
-4.26113652e-03 4.99209261e+00
-4.25279187e-03 4.99190187e+00
-4.24206303e-03 4.99190998e+00
-4.25517606e-03 4.99191380e+00
-4.25517606e-03 4.99195194e+00
-4.25636815e-03 4.99196720e+00
-4.26471280e-03 4.99191475e+00
-4.25994443e-03 4.99193048e+00
-4.25279187e-03 4.99188995e+00
-4.25279187e-03 4.99198771e+00
-4.25040768e-03 4.99203634e+00
-4.27186536e-03 4.99191141e+00
-4.25279187e-03 4.99196625e+00
-4.26828908e-03 4.99190760e+00
-4.25040768e-03 4.99197912e+00
-4.25159978e-03 4.99198627e+00
-4.25159978e-03 4.99198389e+00
-4.25756024e-03 4.99201870e+00
-4.24921559e-03 4.99194813e+00
-4.25517606e-03 4.99206734e+00
-4.24921559e-03 4.99190187e+00
-4.25636815e-03 4.99201632e+00
-4.25279187e-03 4.99191475e+00
-4.25398396e-03 4.99199963e+00
-4.23371838e-03 4.99190998e+00
-4.25636815e-03 4.99183512e+00
-4.27067326e-03 4.99187183e+00
-4.25994443e-03 4.99190760e+00
-4.25994443e-03 4.99195051e+00
-4.27186536e-03 4.99206972e+00
-4.25159978e-03 4.99196720e+00
-4.25756024e-03 4.99195433e+00
-4.27186536e-03 4.99191856e+00
-4.22775792e-03 4.99198771e+00
-4.25636815e-03 4.99194002e+00
-4.25279187e-03 4.99205065e+00
-4.24921559e-03 4.99189329e+00
-4.26352071e-03 4.99190998e+00
-4.26113652e-03 4.99193287e+00
-4.24563931e-03 4.99190521e+00
-4.26113652e-03 4.99183130e+00
-4.25756024e-03 4.99195194e+00
-4.27424954e-03 4.99203157e+00
-4.26471280e-03 4.99193859e+00
-4.25756024e-03 4.99182415e+00
-4.25517606e-03 4.99184561e+00
-4.26709699e-03 4.99190664e+00
-4.24683141e-03 4.99189091e+00
-4.28259419e-03 4.99201870e+00
-4.25756024e-03 4.99200058e+00
-4.26232861e-03 4.99190521e+00
-4.25994443e-03 4.99197340e+00
-4.25279187e-03 4.99197578e+00
-4.26590489e-03 4.99194241e+00
-4.25159978e-03 4.99202204e+00
-4.26590489e-03 4.99196482e+00
-4.26232861e-03 4.99185514e+00
-4.24325513e-03 4.99188137e+00
-4.26590489e-03 4.99192905e+00
-4.26709699e-03 4.99199247e+00
-4.25159978e-03 4.99200058e+00
-4.27424954e-03 4.99196720e+00
-4.25994443e-03 4.99197578e+00
-4.26113652e-03 4.99202204e+00
-4.26352071e-03 4.99196863e+00
-4.24921559e-03 4.99198151e+00
-4.25994443e-03 4.99197340e+00
-4.26948117e-03 4.99204493e+00
-4.24683141e-03 4.99197578e+00
-4.24683141e-03 4.99200439e+00
-4.25517606e-03 4.99186468e+00
-4.26948117e-03 4.99207211e+00
-4.25994443e-03 4.99190760e+00
-4.26113652e-03 4.99192572e+00
-4.27067326e-03 4.99183989e+00
-4.26232861e-03 4.99191475e+00
-4.25398396e-03 4.99187183e+00
-4.26828908e-03 4.99194717e+00
-4.24683141e-03 4.99207687e+00
-4.27067326e-03 4.99185514e+00
-4.25159978e-03 4.99200773e+00
-4.25040768e-03 4.99199820e+00
-4.27424954e-03 4.99194717e+00
-4.26232861e-03 4.99199486e+00
-4.25636815e-03 4.99199963e+00
-4.25040768e-03 4.99198627e+00
-4.27782582e-03 4.99179316e+00
-4.26352071e-03 4.99197340e+00
-4.25040768e-03 4.99197340e+00
-4.25398396e-03 4.99184704e+00
-4.25517606e-03 4.99192810e+00
-4.25636815e-03 4.99201393e+00
-4.26828908e-03 4.99189568e+00
-4.26948117e-03 4.99182177e+00
-4.26232861e-03 4.99198294e+00
-4.26828908e-03 4.99208879e+00
-4.26232861e-03 4.99202919e+00
-4.26352071e-03 4.99187565e+00
-4.25636815e-03 4.99210215e+00
-4.25398396e-03 4.99199486e+00
-4.25517606e-03 4.99197197e+00
-4.24921559e-03 4.99186134e+00
-4.27782582e-03 4.99195671e+00
-4.26232861e-03 4.99195290e+00
-4.24444722e-03 4.99196243e+00
-4.25517606e-03 4.99193859e+00
-4.26232861e-03 4.99193764e+00
-4.25875233e-03 4.99189472e+00
-4.26590489e-03 4.99190998e+00
-4.23252629e-03 4.99201012e+00
-4.24802350e-03 4.99190760e+00
-4.26113652e-03 4.99195433e+00
-4.25517606e-03 4.99201488e+00
-4.26709699e-03 4.99190998e+00
-4.22775792e-03 4.99184561e+00
-4.25636815e-03 4.99202585e+00
-4.25279187e-03 4.99203539e+00
-4.27067326e-03 4.99187660e+00
-4.26113652e-03 4.99196386e+00
-4.24325513e-03 4.99197197e+00
-4.26471280e-03 4.99195671e+00
-4.24683141e-03 4.99189711e+00
-4.25875233e-03 4.99193382e+00
-4.26590489e-03 4.99213409e+00
-4.26709699e-03 4.99192667e+00
-4.24683141e-03 4.99203777e+00
-4.25279187e-03 4.99191141e+00
-4.26232861e-03 4.99193621e+00
-4.25398396e-03 4.99186373e+00
-4.27544164e-03 4.99190521e+00
-4.27782582e-03 4.99197435e+00
-4.25279187e-03 4.99201488e+00
-4.26828908e-03 4.99181843e+00
-4.24087094e-03 4.99190903e+00
-4.26471280e-03 4.99194098e+00
-4.25398396e-03 4.99193764e+00
-4.23967885e-03 4.99189234e+00
-4.25875233e-03 4.99182892e+00
-4.26352071e-03 4.99182081e+00
-4.26828908e-03 4.99193048e+00
-4.26113652e-03 4.99207687e+00
-4.26828908e-03 4.99208307e+00
-4.26471280e-03 4.99198866e+00
-4.25159978e-03 4.99190187e+00
-4.27186536e-03 4.99200678e+00
-4.26709699e-03 4.99204969e+00
-4.28497838e-03 4.99186468e+00
-4.25875233e-03 4.99186373e+00
-4.26113652e-03 4.99200201e+00
-4.25875233e-03 4.99191856e+00
-4.25994443e-03 4.99190998e+00
-4.26709699e-03 4.99183130e+00
-4.26113652e-03 4.99206877e+00
-4.26590489e-03 4.99198389e+00
-4.26232861e-03 4.99202681e+00
-4.27186536e-03 4.99197578e+00
-4.24444722e-03 4.99187422e+00
-4.25040768e-03 4.99201250e+00
-4.27305745e-03 4.99188375e+00
-4.24563931e-03 4.99189234e+00
-4.25636815e-03 4.99190426e+00
-4.24802350e-03 4.99200296e+00
-4.24921559e-03 4.99194241e+00
-4.25040768e-03 4.99200678e+00
-4.25040768e-03 4.99186707e+00
-4.25994443e-03 4.99196148e+00
-4.26352071e-03 4.99201488e+00
-4.25875233e-03 4.99199581e+00
-4.24563931e-03 4.99197340e+00
-4.26471280e-03 4.99215221e+00
-4.26113652e-03 4.99210072e+00
-4.23610257e-03 4.99202347e+00
-4.25994443e-03 4.99197578e+00
-4.25279187e-03 4.99182177e+00
-4.25040768e-03 4.99194098e+00
-4.27424954e-03 4.99191236e+00
-4.25756024e-03 4.99205923e+00
-4.24802350e-03 4.99193144e+00
-4.26828908e-03 4.99200296e+00
-4.25040768e-03 4.99206638e+00
-4.25398396e-03 4.99200535e+00
-4.26113652e-03 4.99205542e+00
-4.27424954e-03 4.99196720e+00
-4.25398396e-03 4.99183035e+00
-4.25159978e-03 4.99194956e+00
-4.27186536e-03 4.99200439e+00
-4.26471280e-03 4.99202585e+00
-4.25875233e-03 4.99210310e+00
-4.26471280e-03 4.99189806e+00
-4.26471280e-03 4.99192810e+00
-4.23252629e-03 4.99185514e+00
-4.27424954e-03 4.99193859e+00
-4.26352071e-03 4.99193764e+00
-4.24444722e-03 4.99195910e+00
-4.24921559e-03 4.99200535e+00
-4.24921559e-03 4.99201727e+00
-4.27186536e-03 4.99201012e+00
-4.25636815e-03 4.99204111e+00
-4.24563931e-03 4.99171352e+00
-4.25756024e-03 4.99187326e+00
-4.24921559e-03 4.99200439e+00
-4.26113652e-03 4.99199343e+00
-4.26232861e-03 4.99201870e+00
-4.25875233e-03 4.99212122e+00
-4.25398396e-03 4.99205780e+00
-4.27305745e-03 4.99199247e+00
-4.24325513e-03 4.99178123e+00
-4.26471280e-03 4.99196386e+00
-4.25994443e-03 4.99196386e+00
-4.26948117e-03 4.99191952e+00
-4.24802350e-03 4.99202347e+00
-4.23848676e-03 4.99198866e+00
-4.26232861e-03 4.99189234e+00
-4.25517606e-03 4.99212694e+00
-4.25756024e-03 4.99198532e+00
-4.25636815e-03 4.99203157e+00
-4.25875233e-03 4.99180174e+00
-4.25875233e-03 4.99202108e+00
-4.25756024e-03 4.99199963e+00
-4.25517606e-03 4.99202204e+00
-4.27305745e-03 4.99215317e+00
-4.25398396e-03 4.99205685e+00
-4.24921559e-03 4.99175167e+00
-4.25398396e-03 4.99187326e+00
-4.26471280e-03 4.99197817e+00
-4.26471280e-03 4.99197435e+00
-4.26113652e-03 4.99196720e+00
-4.25636815e-03 4.99202347e+00
-4.25756024e-03 4.99204826e+00
-4.28140210e-03 4.99199343e+00
-4.23967885e-03 4.99197435e+00
-4.26709699e-03 4.99200058e+00
-4.24444722e-03 4.99188852e+00
-4.25517606e-03 4.99192333e+00
-4.25517606e-03 4.99190521e+00
-4.25994443e-03 4.99196243e+00
-4.27782582e-03 4.99200678e+00
-4.25279187e-03 4.99189091e+00
-4.25517606e-03 4.99199820e+00
-4.25279187e-03 4.99181938e+00
-4.25159978e-03 4.99197817e+00
-4.25756024e-03 4.99199581e+00
-4.25279187e-03 4.99205923e+00
-4.26948117e-03 4.99195051e+00
-4.24563931e-03 4.99193764e+00
-4.25159978e-03 4.99192905e+00
-4.25636815e-03 4.99197817e+00
-4.26948117e-03 4.99196243e+00
-4.26113652e-03 4.99201393e+00
-4.25040768e-03 4.99199581e+00
-4.26590489e-03 4.99179459e+00
-4.25279187e-03 4.99196625e+00
-4.26352071e-03 4.99202204e+00
-4.27424954e-03 4.99181366e+00
-4.25398396e-03 4.99197197e+00
-4.25994443e-03 4.99195671e+00
-4.26232861e-03 4.99199343e+00
-4.27544164e-03 4.99185896e+00
-4.24206303e-03 4.99194479e+00
-4.26352071e-03 4.99202919e+00
-4.23848676e-03 4.99206734e+00
-4.25517606e-03 4.99195433e+00
-4.25517606e-03 4.99193144e+00
-4.26232861e-03 4.99201488e+00
-4.26113652e-03 4.99204826e+00
-4.26352071e-03 4.99185181e+00
-4.26828908e-03 4.99211502e+00
-4.25279187e-03 4.99198627e+00
-4.25517606e-03 4.99194336e+00
-4.27305745e-03 4.99183846e+00
-4.24325513e-03 4.99199009e+00
-4.25517606e-03 4.99192190e+00
-4.26232861e-03 4.99194098e+00
-4.26352071e-03 4.99195433e+00
-4.26232861e-03 4.99191380e+00
-4.26352071e-03 4.99189472e+00
-4.24683141e-03 4.99202824e+00
-4.24802350e-03 4.99199247e+00
-4.25636815e-03 4.99189711e+00
-4.25756024e-03 4.99195528e+00
-4.26352071e-03 4.99195910e+00
-4.28974675e-03 4.99198055e+00
-4.24683141e-03 4.99199009e+00
-4.26232861e-03 4.99197578e+00
-4.26352071e-03 4.99202585e+00
-4.26590489e-03 4.99196148e+00
-4.26828908e-03 4.99206638e+00
-4.26828908e-03 4.99206161e+00
-4.28140210e-03 4.99197578e+00
-4.26352071e-03 4.99197912e+00
-4.27067326e-03 4.99199820e+00
-4.26113652e-03 4.99192667e+00
-4.25636815e-03 4.99195051e+00
-4.25875233e-03 4.99189949e+00
-4.25875233e-03 4.99187660e+00
-4.27186536e-03 4.99193287e+00
-4.25040768e-03 4.99194241e+00
-4.25875233e-03 4.99192905e+00
-4.26590489e-03 4.99204350e+00
-4.26828908e-03 4.99197102e+00
-4.24921559e-03 4.99196386e+00
-4.25756024e-03 4.99203634e+00
-4.25875233e-03 4.99200439e+00
-4.25756024e-03 4.99199486e+00
-4.25875233e-03 4.99202347e+00
-4.25159978e-03 4.99208164e+00
-4.25517606e-03 4.99205780e+00
-4.25398396e-03 4.99195528e+00
-4.25159978e-03 4.99195051e+00
-4.27901791e-03 4.99190283e+00
-4.27186536e-03 4.99196386e+00
-4.25517606e-03 4.99196243e+00
-4.26709699e-03 4.99191952e+00
-4.27186536e-03 4.99186945e+00
-4.25756024e-03 4.99188375e+00
-4.25994443e-03 4.99195290e+00
-4.26113652e-03 4.99210787e+00
-4.25517606e-03 4.99191713e+00
-4.27186536e-03 4.99193144e+00
-4.24921559e-03 4.99193859e+00
-4.26709699e-03 4.99196863e+00
-4.25636815e-03 4.99201870e+00
-4.25756024e-03 4.99191952e+00
-4.24563931e-03 4.99199104e+00
-4.24563931e-03 4.99188995e+00
-4.25756024e-03 4.99180651e+00
-4.24802350e-03 4.99194241e+00
-4.23610257e-03 4.99210930e+00
-4.25517606e-03 4.99193621e+00
-4.26590489e-03 4.99192190e+00
-4.26828908e-03 4.99198151e+00
-4.27186536e-03 4.99190521e+00
-4.26352071e-03 4.99189329e+00
-4.24921559e-03 4.99206638e+00
-4.24563931e-03 4.99192572e+00
-4.25159978e-03 4.99198771e+00
-4.24563931e-03 4.99193525e+00
-4.27424954e-03 4.99197674e+00
-4.26352071e-03 4.99199343e+00
-4.23729466e-03 4.99204111e+00
-4.24206303e-03 4.99186373e+00
-4.27186536e-03 4.99195194e+00
-4.25398396e-03 4.99200058e+00
-4.25398396e-03 4.99209023e+00
-4.27067326e-03 4.99193859e+00
-4.25875233e-03 4.99199104e+00
-4.26471280e-03 4.99200773e+00
-4.25756024e-03 4.99199247e+00
-4.26948117e-03 4.99198771e+00
-4.26590489e-03 4.99209833e+00
-4.24802350e-03 4.99198532e+00
-4.24325513e-03 4.99203062e+00
-4.25279187e-03 4.99199820e+00
-4.25636815e-03 4.99203539e+00
-4.26232861e-03 4.99210072e+00
-4.24444722e-03 4.99193382e+00
-4.26948117e-03 4.99200916e+00
-4.25994443e-03 4.99201155e+00
-4.25398396e-03 4.99204254e+00
-4.25279187e-03 4.99205208e+00
-4.26828908e-03 4.99200678e+00
-4.26352071e-03 4.99199343e+00
-4.25636815e-03 4.99197435e+00
-4.25159978e-03 4.99210453e+00
-4.27305745e-03 4.99207211e+00
-4.26352071e-03 4.99196863e+00
-4.23729466e-03 4.99205923e+00
-4.24087094e-03 4.99180174e+00
-4.24921559e-03 4.99201632e+00
-4.26113652e-03 4.99204350e+00
-4.26590489e-03 4.99201727e+00
-4.25279187e-03 4.99206495e+00
-4.25994443e-03 4.99203300e+00
-4.26113652e-03 4.99190283e+00
-4.24802350e-03 4.99200916e+00
-4.26948117e-03 4.99192905e+00
-4.24802350e-03 4.99205780e+00
-4.25517606e-03 4.99200678e+00
-4.24444722e-03 4.99200678e+00
-4.24921559e-03 4.99196243e+00
-4.27305745e-03 4.99207926e+00
-4.26471280e-03 4.99199820e+00
-4.25279187e-03 4.99194574e+00
-4.26948117e-03 4.99189711e+00
-4.26352071e-03 4.99192810e+00
-4.27186536e-03 4.99190187e+00
-4.25994443e-03 4.99191952e+00
-4.25279187e-03 4.99206161e+00
-4.26590489e-03 4.99193621e+00
-4.26471280e-03 4.99189949e+00
-4.25517606e-03 4.99205780e+00
-4.26113652e-03 4.99197340e+00
-4.26113652e-03 4.99193859e+00
-4.26352071e-03 4.99202204e+00
-4.26113652e-03 4.99202442e+00
-4.26232861e-03 4.99195051e+00
-4.25636815e-03 4.99196720e+00
-4.26113652e-03 4.99196386e+00
-4.25994443e-03 4.99200296e+00
-4.26471280e-03 4.99200058e+00
-4.25279187e-03 4.99196482e+00
-4.26828908e-03 4.99199963e+00
-4.26113652e-03 4.99190187e+00
-4.25756024e-03 4.99201155e+00
-4.26590489e-03 4.99190903e+00
-4.24683141e-03 4.99187088e+00
-4.25636815e-03 4.99202108e+00
-4.25159978e-03 4.99178743e+00
-4.25279187e-03 4.99188042e+00
-4.25159978e-03 4.99195766e+00
-4.27186536e-03 4.99201488e+00
-4.26590489e-03 4.99198055e+00
-4.25756024e-03 4.99202919e+00
-4.25159978e-03 4.99210691e+00
-4.25398396e-03 4.99189568e+00
-4.25040768e-03 4.99184561e+00
-4.24683141e-03 4.99198151e+00
-4.27901791e-03 4.99199104e+00
-4.26232861e-03 4.99197674e+00
-4.25756024e-03 4.99196386e+00
-4.24683141e-03 4.99200296e+00
-4.26471280e-03 4.99199247e+00
-4.24444722e-03 4.99203634e+00
-4.26828908e-03 4.99198771e+00
-4.24683141e-03 4.99201870e+00
-4.25279187e-03 4.99190664e+00
-4.26113652e-03 4.99195051e+00
-4.25756024e-03 4.99207449e+00
-4.25756024e-03 4.99209118e+00
-4.25279187e-03 4.99191380e+00
-4.24802350e-03 4.99195051e+00
-4.25875233e-03 4.99197578e+00
-4.26590489e-03 4.99204350e+00
-4.25756024e-03 4.99205208e+00
-4.25994443e-03 4.99195910e+00
-4.26352071e-03 4.99193382e+00
-4.25994443e-03 4.99203062e+00
-4.26828908e-03 4.99203539e+00
-4.25875233e-03 4.99202681e+00
-4.26352071e-03 4.99185896e+00
-4.25875233e-03 4.99196386e+00
-4.26471280e-03 4.99197578e+00
-4.23967885e-03 4.99191236e+00
-4.25398396e-03 4.99189568e+00
-4.27782582e-03 4.99192429e+00
-4.26352071e-03 4.99200439e+00
-4.27544164e-03 4.99198055e+00
-4.24802350e-03 4.99199963e+00
-4.26709699e-03 4.99199104e+00
-4.26352071e-03 4.99184322e+00
-4.25875233e-03 4.99189711e+00
-4.26709699e-03 4.99192572e+00
-4.25398396e-03 4.99196386e+00
-4.25994443e-03 4.99194098e+00
-4.25756024e-03 4.99198389e+00
-4.26948117e-03 4.99200773e+00
-4.24921559e-03 4.99200058e+00
-4.25875233e-03 4.99197578e+00
-4.27424954e-03 4.99185991e+00
-4.26709699e-03 4.99196005e+00
-4.28974675e-03 4.99188757e+00
-4.26828908e-03 4.99200058e+00
-4.26232861e-03 4.99207211e+00
-4.27305745e-03 4.99193144e+00
-4.25517606e-03 4.99195766e+00
-4.27901791e-03 4.99208546e+00
-4.27067326e-03 4.99188137e+00
-4.25994443e-03 4.99193764e+00
-4.25040768e-03 4.99209738e+00
-4.25398396e-03 4.99191952e+00
-4.28497838e-03 4.99197102e+00
-4.24683141e-03 4.99191475e+00
-4.25756024e-03 4.99204826e+00
-4.24683141e-03 4.99197578e+00
-4.24802350e-03 4.99191141e+00
-4.25279187e-03 4.99186945e+00
-4.27901791e-03 4.99191856e+00
-4.27186536e-03 4.99199581e+00
-4.24087094e-03 4.99205446e+00
-4.25636815e-03 4.99195051e+00
-4.25398396e-03 4.99196625e+00
-4.26828908e-03 4.99196959e+00
-4.25159978e-03 4.99190760e+00
-4.26828908e-03 4.99199104e+00
-4.25517606e-03 4.99194956e+00
-4.26352071e-03 4.99187803e+00
-4.26113652e-03 4.99209976e+00
-4.25994443e-03 4.99191952e+00
-4.23967885e-03 4.99198866e+00
-4.26232861e-03 4.99200916e+00
-4.24087094e-03 4.99195290e+00
-4.25875233e-03 4.99204826e+00
-4.24563931e-03 4.99202347e+00
-4.26709699e-03 4.99197578e+00
-4.25040768e-03 4.99203157e+00
-4.25279187e-03 4.99197340e+00
-4.25279187e-03 4.99200439e+00
-4.25398396e-03 4.99193382e+00
-4.25040768e-03 4.99194956e+00
-4.25517606e-03 4.99210691e+00
-4.26590489e-03 4.99196959e+00
-4.27663373e-03 4.99192190e+00
-4.25159978e-03 4.99204254e+00
-4.26590489e-03 4.99194956e+00
-4.26352071e-03 4.99203157e+00
-4.25994443e-03 4.99183750e+00
-4.25040768e-03 4.99209738e+00
-4.25398396e-03 4.99195194e+00
-4.26471280e-03 4.99210310e+00
-4.28378629e-03 4.99199343e+00
-4.25517606e-03 4.99200773e+00
-4.26232861e-03 4.99197340e+00
-4.26232861e-03 4.99192810e+00
-4.24563931e-03 4.99206972e+00
-4.24563931e-03 4.99190903e+00
-4.24683141e-03 4.99197197e+00
-4.24683141e-03 4.99204731e+00
-4.24444722e-03 4.99192333e+00
-4.26113652e-03 4.99186850e+00
-4.25159978e-03 4.99200439e+00
-4.25279187e-03 4.99189472e+00
-4.26113652e-03 4.99196243e+00
-4.24444722e-03 4.99196863e+00
-4.24444722e-03 4.99198389e+00
-4.25994443e-03 4.99196005e+00
-4.26590489e-03 4.99199724e+00
-4.25636815e-03 4.99194574e+00
-4.24563931e-03 4.99184227e+00
-4.26113652e-03 4.99195671e+00
-4.24087094e-03 4.99211979e+00
-4.27305745e-03 4.99197435e+00
-4.25756024e-03 4.99204254e+00
-4.24921559e-03 4.99194098e+00
-4.27067326e-03 4.99200439e+00
-4.26352071e-03 4.99206495e+00
-4.26828908e-03 4.99187326e+00
-4.24444722e-03 4.99210787e+00
-4.27305745e-03 4.99188375e+00
-4.24563931e-03 4.99213171e+00
-4.24206303e-03 4.99197912e+00
-4.25875233e-03 4.99194241e+00
-4.24444722e-03 4.99192572e+00
-4.24563931e-03 4.99215317e+00
-4.25517606e-03 4.99203157e+00
-4.26709699e-03 4.99192429e+00
-4.26709699e-03 4.99201250e+00
-4.26828908e-03 4.99205303e+00
-4.24444722e-03 4.99187660e+00
-4.25159978e-03 4.99201727e+00
-4.25159978e-03 4.99210691e+00
-4.26352071e-03 4.99203157e+00
-4.27067326e-03 4.99192095e+00
-4.26232861e-03 4.99199104e+00
-4.26232861e-03 4.99197197e+00
-4.25875233e-03 4.99192810e+00
-4.26352071e-03 4.99190044e+00
-4.26232861e-03 4.99192095e+00
-4.26113652e-03 4.99202585e+00
-4.25994443e-03 4.99193525e+00
-4.27186536e-03 4.99195194e+00
-4.26948117e-03 4.99207115e+00
-4.27901791e-03 4.99194717e+00
-4.26709699e-03 4.99208784e+00
-4.25159978e-03 4.99205780e+00
-4.26232861e-03 4.99211884e+00
-4.27305745e-03 4.99202824e+00
-4.27305745e-03 4.99193525e+00
-4.27067326e-03 4.99191618e+00
-4.25875233e-03 4.99194813e+00
-4.25994443e-03 4.99201250e+00
-4.27544164e-03 4.99194002e+00
-4.25040768e-03 4.99206877e+00
-4.25398396e-03 4.99214268e+00
-4.26948117e-03 4.99203062e+00
-4.25636815e-03 4.99200773e+00
-4.25875233e-03 4.99201488e+00
-4.25159978e-03 4.99205303e+00
-4.27544164e-03 4.99200773e+00
-4.26709699e-03 4.99209261e+00
-4.25994443e-03 4.99197435e+00
-4.26709699e-03 4.99196482e+00
-4.25040768e-03 4.99208784e+00
-4.26471280e-03 4.99189949e+00
-4.24802350e-03 4.99188280e+00
-4.25756024e-03 4.99193382e+00
-4.26828908e-03 4.99193764e+00
-4.27782582e-03 4.99200916e+00
-4.26113652e-03 4.99200439e+00
-4.26232861e-03 4.99188995e+00
-4.27663373e-03 4.99192429e+00
-4.26352071e-03 4.99228191e+00
-4.25875233e-03 4.99194574e+00
-4.25636815e-03 4.99198771e+00
-4.26590489e-03 4.99183273e+00
-4.25994443e-03 4.99192333e+00
-4.25398396e-03 4.99196720e+00
-4.24563931e-03 4.99214029e+00
-4.26828908e-03 4.99201393e+00
-4.25159978e-03 4.99196720e+00
-4.25756024e-03 4.99202347e+00
-4.25756024e-03 4.99200296e+00
-4.24325513e-03 4.99214125e+00
-4.24921559e-03 4.99191475e+00
-4.25517606e-03 4.99207926e+00
-4.25398396e-03 4.99208069e+00
-4.27544164e-03 4.99197912e+00
-4.25756024e-03 4.99205685e+00
-4.26352071e-03 4.99204350e+00
-4.25517606e-03 4.99194956e+00
-4.26590489e-03 4.99198532e+00
-4.25279187e-03 4.99198627e+00
-4.26590489e-03 4.99205685e+00
-4.25756024e-03 4.99196148e+00
-4.25994443e-03 4.99202108e+00
-4.24921559e-03 4.99191380e+00
-4.25875233e-03 4.99193048e+00
-4.25756024e-03 4.99194956e+00
-4.25756024e-03 4.99201632e+00
-4.25279187e-03 4.99202347e+00
-4.25636815e-03 4.99200201e+00
-4.26471280e-03 4.99199581e+00
-4.25756024e-03 4.99183369e+00
-4.24683141e-03 4.99198151e+00
-4.24921559e-03 4.99197578e+00
-4.25994443e-03 4.99196386e+00
-4.25756024e-03 4.99188852e+00
-4.27067326e-03 4.99185991e+00
-4.25756024e-03 4.99201965e+00
-4.25279187e-03 4.99186373e+00
-4.25636815e-03 4.99192572e+00
-4.26590489e-03 4.99190664e+00
-4.26113652e-03 4.99204350e+00
-4.25875233e-03 4.99206877e+00
-4.27663373e-03 4.99205303e+00
-4.23967885e-03 4.99203157e+00
-4.26471280e-03 4.99203634e+00
-4.25159978e-03 4.99193287e+00
-4.26352071e-03 4.99202824e+00
-4.25398396e-03 4.99208069e+00
-4.23610257e-03 4.99188852e+00
-4.26709699e-03 4.99199724e+00
-4.26709699e-03 4.99207354e+00
-4.28497838e-03 4.99199486e+00
-4.24802350e-03 4.99201155e+00
-4.27305745e-03 4.99189711e+00
-4.26471280e-03 4.99209118e+00
-4.25756024e-03 4.99200201e+00
-4.25279187e-03 4.99197912e+00
-4.24444722e-03 4.99184084e+00
-4.25398396e-03 4.99188280e+00
-4.27067326e-03 4.99203539e+00
-4.26828908e-03 4.99191236e+00
-4.27424954e-03 4.99203062e+00
-4.25756024e-03 4.99195528e+00
-4.24921559e-03 4.99196243e+00
-4.26828908e-03 4.99192429e+00
-4.26113652e-03 4.99190998e+00
-4.26113652e-03 4.99196243e+00
-4.26113652e-03 4.99217844e+00
-4.25398396e-03 4.99188852e+00
-4.24087094e-03 4.99212837e+00
-4.25994443e-03 4.99207354e+00
-4.25875233e-03 4.99199247e+00
-4.27663373e-03 4.99205542e+00
-4.25279187e-03 4.99198866e+00
-4.25517606e-03 4.99194336e+00
-4.26590489e-03 4.99189711e+00
-4.25636815e-03 4.99197435e+00
-4.24206303e-03 4.99200058e+00
-4.23848676e-03 4.99202585e+00
-4.25636815e-03 4.99199343e+00
-4.24921559e-03 4.99204254e+00
-4.27424954e-03 4.99190664e+00
-4.27544164e-03 4.99198294e+00
-4.25756024e-03 4.99200296e+00
-4.25279187e-03 4.99194241e+00
-4.25636815e-03 4.99199247e+00
-4.26709699e-03 4.99187326e+00
-4.24683141e-03 4.99197817e+00
-4.25159978e-03 4.99200439e+00
-4.26232861e-03 4.99205923e+00
-4.26709699e-03 4.99199104e+00
-4.27782582e-03 4.99179935e+00
-4.24802350e-03 4.99195194e+00
-4.25875233e-03 4.99192333e+00
-4.24325513e-03 4.99201250e+00
-4.26948117e-03 4.99202442e+00
-4.25159978e-03 4.99198294e+00
-4.24921559e-03 4.99202204e+00
-4.25279187e-03 4.99192333e+00
-4.25279187e-03 4.99206734e+00
-4.24802350e-03 4.99207115e+00
-4.24921559e-03 4.99197197e+00
-4.24683141e-03 4.99199009e+00
-4.26232861e-03 4.99204493e+00
-4.24802350e-03 4.99202442e+00
-4.25756024e-03 4.99207115e+00
-4.25398396e-03 4.99196625e+00
-4.25756024e-03 4.99186230e+00
-4.23610257e-03 4.99204016e+00
-4.27782582e-03 4.99183607e+00
-4.25994443e-03 4.99195528e+00
-4.27663373e-03 4.99188614e+00
-4.26113652e-03 4.99199009e+00
-4.26471280e-03 4.99197102e+00
-4.26352071e-03 4.99208307e+00
-4.27067326e-03 4.99185181e+00
-4.23133420e-03 4.99194813e+00
-4.24087094e-03 4.99201965e+00
-4.27544164e-03 4.99198294e+00
-4.28021001e-03 4.99192095e+00
-4.26948117e-03 4.99208879e+00
-4.25279187e-03 4.99209976e+00
-4.26590489e-03 4.99199009e+00
-4.25159978e-03 4.99199963e+00
-4.25636815e-03 4.99199343e+00
-4.26590489e-03 4.99197435e+00
-4.24921559e-03 4.99200439e+00
-4.23252629e-03 4.99200439e+00
-4.26828908e-03 4.99191713e+00
-4.24683141e-03 4.99190187e+00
-4.26709699e-03 4.99199724e+00
-4.24206303e-03 4.99198866e+00
-4.24683141e-03 4.99198627e+00
-4.25636815e-03 4.99200058e+00
-4.26590489e-03 4.99201632e+00
-4.27424954e-03 4.99194336e+00
-4.26232861e-03 4.99201393e+00
-4.26232861e-03 4.99200773e+00
-4.25040768e-03 4.99190998e+00
-4.27424954e-03 4.99193859e+00
-4.24683141e-03 4.99190044e+00
-4.25875233e-03 4.99188757e+00
-4.25875233e-03 4.99186134e+00
-4.25040768e-03 4.99194002e+00
-4.24444722e-03 4.99197340e+00
-4.25994443e-03 4.99196959e+00
-4.26113652e-03 4.99185514e+00
-4.27186536e-03 4.99210310e+00
-4.25994443e-03 4.99206972e+00
-4.24683141e-03 4.99194479e+00
-4.25040768e-03 4.99200535e+00
-4.25517606e-03 4.99206495e+00
-4.26948117e-03 4.99213409e+00
-4.25398396e-03 4.99186611e+00
-4.26232861e-03 4.99204111e+00
-4.25994443e-03 4.99194717e+00
-4.25875233e-03 4.99193525e+00
-4.25875233e-03 4.99189806e+00
-4.24563931e-03 4.99201632e+00
-4.24206303e-03 4.99207926e+00
-4.25159978e-03 4.99204111e+00
-4.23371838e-03 4.99203396e+00
-4.25517606e-03 4.99199581e+00
-4.25636815e-03 4.99194717e+00
-4.25159978e-03 4.99195910e+00
-4.26352071e-03 4.99210691e+00
-4.24683141e-03 4.99195528e+00
-4.27186536e-03 4.99195528e+00
-4.28497838e-03 4.99207592e+00
-4.28617047e-03 4.99208546e+00
-4.25040768e-03 4.99211264e+00
-4.25040768e-03 4.99211168e+00
-4.25159978e-03 4.99198294e+00
-4.24683141e-03 4.99195290e+00
-4.26113652e-03 4.99209118e+00
-4.26471280e-03 4.99194098e+00
-4.26948117e-03 4.99185658e+00
-4.26113652e-03 4.99197674e+00
-4.26113652e-03 4.99209356e+00
-4.25636815e-03 4.99183369e+00
-4.25994443e-03 4.99199486e+00
-4.25398396e-03 4.99208164e+00
-4.26113652e-03 4.99198532e+00
-4.26948117e-03 4.99206734e+00
-4.26113652e-03 4.99191141e+00
-4.25636815e-03 4.99197817e+00
-4.24325513e-03 4.99193621e+00
-4.25875233e-03 4.99195671e+00
-4.26113652e-03 4.99190044e+00
-4.26948117e-03 4.99209499e+00
-4.28497838e-03 4.99204111e+00
-4.25159978e-03 4.99206018e+00
-4.25756024e-03 4.99191856e+00
-4.26471280e-03 4.99197435e+00
-4.25398396e-03 4.99193382e+00
-4.26232861e-03 4.99198532e+00
-4.27067326e-03 4.99194241e+00
-4.26828908e-03 4.99192190e+00
-4.25636815e-03 4.99202681e+00
-4.24802350e-03 4.99205923e+00
-4.25279187e-03 4.99196959e+00
-4.26113652e-03 4.99201012e+00
-4.25040768e-03 4.99208164e+00
-4.26352071e-03 4.99200296e+00
-4.27305745e-03 4.99200773e+00
-4.25875233e-03 4.99213791e+00
-4.26471280e-03 4.99207449e+00
-4.26232861e-03 4.99194479e+00
-4.26471280e-03 4.99204016e+00
-4.26590489e-03 4.99187803e+00
-4.28140210e-03 4.99177790e+00
-4.27067326e-03 4.99191141e+00
-4.26352071e-03 4.99201965e+00
-4.25159978e-03 4.99188519e+00
-4.25994443e-03 4.99184227e+00
-4.24206303e-03 4.99198389e+00
-4.25994443e-03 4.99204731e+00
-4.25994443e-03 4.99208307e+00
-4.27186536e-03 4.99212694e+00
-4.25756024e-03 4.99193764e+00
-4.26709699e-03 4.99201488e+00
-4.25398396e-03 4.99188042e+00
-4.27782582e-03 4.99208307e+00
-4.25159978e-03 4.99201870e+00
-4.26471280e-03 4.99193859e+00
-4.25994443e-03 4.99203539e+00
-4.25994443e-03 4.99202919e+00
-4.27782582e-03 4.99202442e+00
-4.26352071e-03 4.99195290e+00
-4.26948117e-03 4.99195766e+00
-4.27424954e-03 4.99202442e+00
-4.26471280e-03 4.99200535e+00
-4.24444722e-03 4.99204254e+00
-4.24921559e-03 4.99184084e+00
-4.24921559e-03 4.99210310e+00
-4.24325513e-03 4.99202585e+00
-4.26590489e-03 4.99197578e+00
-4.25756024e-03 4.99204350e+00
-4.26232861e-03 4.99200201e+00
-4.25994443e-03 4.99204254e+00
-4.25875233e-03 4.99206734e+00
-4.25636815e-03 4.99203157e+00
-4.27424954e-03 4.99211502e+00
-4.25398396e-03 4.99191618e+00
-4.27424954e-03 4.99204969e+00
-4.25875233e-03 4.99190426e+00
-4.25756024e-03 4.99198151e+00
-4.26471280e-03 4.99193048e+00
-4.27305745e-03 4.99204350e+00
-4.26471280e-03 4.99206877e+00
-4.24802350e-03 4.99205923e+00
-4.27544164e-03 4.99204588e+00
-4.24802350e-03 4.99201965e+00
-4.25398396e-03 4.99195051e+00
-4.25279187e-03 4.99213648e+00
-4.25517606e-03 4.99211740e+00
-4.25279187e-03 4.99198151e+00
-4.24444722e-03 4.99210930e+00
-4.25994443e-03 4.99206877e+00
-4.23491048e-03 4.99203062e+00
-4.26828908e-03 4.99200058e+00
-4.25875233e-03 4.99203634e+00
-4.27186536e-03 4.99212456e+00
-4.25994443e-03 4.99204588e+00
-4.25279187e-03 4.99195671e+00
-4.26471280e-03 4.99200058e+00
-4.25756024e-03 4.99201488e+00
-4.24563931e-03 4.99203873e+00
-4.25756024e-03 4.99191380e+00
-4.24444722e-03 4.99193144e+00
-4.25994443e-03 4.99202824e+00
-4.24683141e-03 4.99198294e+00
-4.27186536e-03 4.99198151e+00
-4.25875233e-03 4.99189472e+00
-4.25040768e-03 4.99211502e+00
-4.27305745e-03 4.99196482e+00
-4.26828908e-03 4.99199581e+00
-4.25159978e-03 4.99216413e+00
-4.26590489e-03 4.99205542e+00
-4.25994443e-03 4.99194002e+00
-4.26113652e-03 4.99189091e+00
-4.26590489e-03 4.99198532e+00
-4.24683141e-03 4.99199343e+00
-4.27067326e-03 4.99216747e+00
-4.25398396e-03 4.99202108e+00
-4.25994443e-03 4.99188995e+00
-4.26471280e-03 4.99190187e+00
-4.23610257e-03 4.99185181e+00
-4.26471280e-03 4.99203634e+00
-4.25398396e-03 4.99196720e+00
-4.24087094e-03 4.99196243e+00
-4.26352071e-03 4.99200058e+00
-4.26471280e-03 4.99200678e+00
-4.27067326e-03 4.99178123e+00
-4.27544164e-03 4.99199343e+00
-4.26232861e-03 4.99195766e+00
-4.25159978e-03 4.99184799e+00
-4.25279187e-03 4.99212694e+00
-4.26709699e-03 4.99207449e+00
-4.27305745e-03 4.99196720e+00
-4.24921559e-03 4.99211168e+00
-4.26709699e-03 4.99199820e+00
-4.28617047e-03 4.99196720e+00
-4.25756024e-03 4.99204969e+00
-4.28617047e-03 4.99222231e+00
-4.25756024e-03 4.99197197e+00
-4.25756024e-03 4.99184227e+00
-4.26709699e-03 4.99198866e+00
-4.27424954e-03 4.99204350e+00
-4.23848676e-03 4.99211502e+00
-4.26113652e-03 4.99200058e+00
-4.27424954e-03 4.99211025e+00
-4.25994443e-03 4.99199486e+00
-4.25159978e-03 4.99196386e+00
-4.24087094e-03 4.99209023e+00
-4.25636815e-03 4.99207592e+00
-4.24921559e-03 4.99194098e+00
-4.25398396e-03 4.99209738e+00
-4.25398396e-03 4.99196482e+00
-4.25279187e-03 4.99198389e+00
-4.24683141e-03 4.99211645e+00
-4.27067326e-03 4.99196625e+00
-4.26828908e-03 4.99193859e+00
-4.25875233e-03 4.99198627e+00
-4.26828908e-03 4.99201012e+00
-4.23610257e-03 4.99196720e+00
-4.25994443e-03 4.99199486e+00
-4.25279187e-03 4.99204254e+00
-4.25756024e-03 4.99199581e+00
-4.25517606e-03 4.99198151e+00
-4.26828908e-03 4.99217367e+00
-4.26948117e-03 4.99206018e+00
-4.24683141e-03 4.99197197e+00
-4.25517606e-03 4.99196720e+00
-4.26113652e-03 4.99192190e+00
-4.24683141e-03 4.99199581e+00
-4.24802350e-03 4.99188852e+00
-4.26352071e-03 4.99205685e+00
-4.27424954e-03 4.99205780e+00
-4.26948117e-03 4.99202204e+00
-4.25398396e-03 4.99207115e+00
-4.23371838e-03 4.99197102e+00
-4.23967885e-03 4.99194717e+00
-4.25875233e-03 4.99185991e+00
-4.26948117e-03 4.99194813e+00
-4.26471280e-03 4.99211884e+00
-4.24802350e-03 4.99195290e+00
-4.25159978e-03 4.99206018e+00
-4.24563931e-03 4.99205065e+00
-4.25159978e-03 4.99202919e+00
-4.25994443e-03 4.99193621e+00
-4.26232861e-03 4.99213648e+00
-4.26113652e-03 4.99205542e+00
-4.27663373e-03 4.99195290e+00
-4.26590489e-03 4.99207115e+00
-4.27544164e-03 4.99193287e+00
-4.26113652e-03 4.99199724e+00
-4.25279187e-03 4.99180984e+00
-4.27424954e-03 4.99201393e+00
-4.26232861e-03 4.99207592e+00
-4.25517606e-03 4.99186468e+00
-4.27424954e-03 4.99207926e+00
-4.25398396e-03 4.99209118e+00
-4.25756024e-03 4.99215698e+00
-4.25398396e-03 4.99212217e+00
-4.24802350e-03 4.99197578e+00
-4.25398396e-03 4.99193525e+00
-4.25756024e-03 4.99199104e+00
-4.25875233e-03 4.99196625e+00
-4.23967885e-03 4.99208879e+00
-4.26471280e-03 4.99200201e+00
-4.25279187e-03 4.99193525e+00
-4.27305745e-03 4.99188852e+00
-4.24563931e-03 4.99189711e+00
-4.25636815e-03 4.99200058e+00
-4.25994443e-03 4.99206638e+00
-4.26948117e-03 4.99197578e+00
-4.25756024e-03 4.99195528e+00
-4.24921559e-03 4.99202442e+00
-4.24087094e-03 4.99199724e+00
-4.25279187e-03 4.99201012e+00
-4.25636815e-03 4.99209976e+00
-4.28736256e-03 4.99206638e+00
-4.26828908e-03 4.99178839e+00
-4.26232861e-03 4.99193048e+00
-4.24802350e-03 4.99205542e+00
-4.26828908e-03 4.99209499e+00
-4.27305745e-03 4.99204493e+00
-4.25159978e-03 4.99197197e+00
-4.25517606e-03 4.99211264e+00
-4.26590489e-03 4.99208307e+00
-4.24683141e-03 4.99211025e+00
-4.26352071e-03 4.99206161e+00
-4.27544164e-03 4.99196482e+00
-4.25875233e-03 4.99199486e+00
-4.25636815e-03 4.99206877e+00
-4.26232861e-03 4.99202204e+00
-4.25279187e-03 4.99194717e+00
-4.26352071e-03 4.99206734e+00
-4.24683141e-03 4.99194241e+00
-4.25279187e-03 4.99209023e+00
-4.24921559e-03 4.99204493e+00
-4.24087094e-03 4.99196625e+00
-4.25398396e-03 4.99194241e+00
-4.25040768e-03 4.99201632e+00
-4.25636815e-03 4.99213314e+00
-4.24921559e-03 4.99188519e+00
-4.24921559e-03 4.99185514e+00
-4.25517606e-03 4.99206734e+00
-4.25994443e-03 4.99201250e+00
-4.24444722e-03 4.99202681e+00
-4.23848676e-03 4.99201155e+00
-4.24206303e-03 4.99215078e+00
-4.26590489e-03 4.99200916e+00
-4.25517606e-03 4.99186230e+00
-4.27663373e-03 4.99210215e+00
-4.25398396e-03 4.99198151e+00
-4.26709699e-03 4.99204350e+00
-4.24325513e-03 4.99182892e+00
-4.24683141e-03 4.99209976e+00
-4.25994443e-03 4.99209833e+00
-4.25279187e-03 4.99202442e+00
-4.24087094e-03 4.99189234e+00
-4.27424954e-03 4.99195528e+00
-4.25636815e-03 4.99195671e+00
-4.25756024e-03 4.99201488e+00
-4.24802350e-03 4.99203777e+00
-4.25279187e-03 4.99193859e+00
-4.24087094e-03 4.99190283e+00
-4.25279187e-03 4.99213886e+00
-4.26232861e-03 4.99196625e+00
-4.26471280e-03 4.99199009e+00
-4.26590489e-03 4.99183989e+00
-4.25279187e-03 4.99198151e+00
-4.25756024e-03 4.99204111e+00
-4.26471280e-03 4.99202919e+00
-4.25756024e-03 4.99212599e+00
-4.26113652e-03 4.99206734e+00
-4.25517606e-03 4.99202824e+00
-4.24683141e-03 4.99193621e+00
-4.27663373e-03 4.99200058e+00
-4.26590489e-03 4.99194336e+00
-4.24802350e-03 4.99201393e+00
-4.26471280e-03 4.99212599e+00
-4.25398396e-03 4.99207211e+00
-4.26828908e-03 4.99192429e+00
-4.26590489e-03 4.99205542e+00
-4.26590489e-03 4.99208164e+00
-4.25994443e-03 4.99206495e+00
-4.25636815e-03 4.99190044e+00
-4.27305745e-03 4.99201488e+00
-4.25636815e-03 4.99195671e+00
-4.25636815e-03 4.99202585e+00
-4.25756024e-03 4.99205780e+00
-4.27901791e-03 4.99196720e+00
-4.24921559e-03 4.99201155e+00
-4.26828908e-03 4.99197340e+00
-4.26590489e-03 4.99207354e+00
-4.25159978e-03 4.99195671e+00
-4.25279187e-03 4.99206734e+00
-4.27544164e-03 4.99194241e+00
-4.26709699e-03 4.99200773e+00
-4.26828908e-03 4.99199104e+00
-4.26113652e-03 4.99198771e+00
-4.26590489e-03 4.99206495e+00
-4.27782582e-03 4.99200058e+00
-4.26232861e-03 4.99212122e+00
-4.26709699e-03 4.99206734e+00
-4.25875233e-03 4.99216747e+00
-4.25398396e-03 4.99202824e+00
-4.25517606e-03 4.99190903e+00
-4.25636815e-03 4.99209499e+00
-4.26471280e-03 4.99189329e+00
-4.25279187e-03 4.99194002e+00
-4.23491048e-03 4.99197674e+00
-4.26948117e-03 4.99179697e+00
-4.26709699e-03 4.99200773e+00
-4.24444722e-03 4.99193525e+00
-4.24802350e-03 4.99196243e+00
-4.25756024e-03 4.99209023e+00
-4.25994443e-03 4.99200439e+00
-4.25159978e-03 4.99196482e+00
-4.25040768e-03 4.99204254e+00
-4.26232861e-03 4.99199104e+00
-4.23848676e-03 4.99193525e+00
-4.24683141e-03 4.99200535e+00
-4.24921559e-03 4.99206638e+00
-4.24563931e-03 4.99198151e+00
-4.25279187e-03 4.99204493e+00
-4.28497838e-03 4.99193764e+00
-4.25756024e-03 4.99199820e+00
-4.25994443e-03 4.99198151e+00
-4.26352071e-03 4.99205065e+00
-4.26471280e-03 4.99210691e+00
-4.25636815e-03 4.99209118e+00
-4.26948117e-03 4.99187660e+00
-4.26471280e-03 4.99199963e+00
-4.26471280e-03 4.99198294e+00
-4.26113652e-03 4.99210215e+00
-4.24921559e-03 4.99198151e+00
-4.24683141e-03 4.99203634e+00
-4.27305745e-03 4.99194717e+00
-4.26590489e-03 4.99205303e+00
-4.27424954e-03 4.99192190e+00
-4.26948117e-03 4.99208403e+00
-4.25159978e-03 4.99206400e+00
-4.26352071e-03 4.99207687e+00
-4.25756024e-03 4.99197340e+00
-4.25279187e-03 4.99194336e+00
-4.26471280e-03 4.99199724e+00
-4.25994443e-03 4.99208784e+00
-4.26709699e-03 4.99211264e+00
-4.25398396e-03 4.99204826e+00
-4.26232861e-03 4.99193382e+00
-4.26113652e-03 4.99196863e+00
-4.25398396e-03 4.99214125e+00
-4.26113652e-03 4.99215078e+00
-4.25279187e-03 4.99206877e+00
-4.25636815e-03 4.99201870e+00
-4.24444722e-03 4.99201155e+00
-4.27067326e-03 4.99214840e+00
-4.25279187e-03 4.99197102e+00
-4.25636815e-03 4.99213648e+00
-4.26232861e-03 4.99205542e+00
-4.26590489e-03 4.99208784e+00
-4.25040768e-03 4.99213171e+00
-4.23729466e-03 4.99203062e+00
-4.25398396e-03 4.99200201e+00
-4.24921559e-03 4.99194956e+00
-4.27067326e-03 4.99203777e+00
-4.26352071e-03 4.99199724e+00
-4.26709699e-03 4.99203539e+00
-4.27186536e-03 4.99204111e+00
-4.25875233e-03 4.99189234e+00
-4.27067326e-03 4.99200535e+00
-4.25279187e-03 4.99210072e+00
-4.25875233e-03 4.99203062e+00
-4.24206303e-03 4.99208069e+00
-4.25756024e-03 4.99190187e+00
-4.26471280e-03 4.99196005e+00
-4.24921559e-03 4.99199724e+00
-4.26232861e-03 4.99214983e+00
-4.25398396e-03 4.99200439e+00
-4.25279187e-03 4.99207354e+00
-4.26352071e-03 4.99203062e+00
-4.26709699e-03 4.99199104e+00
-4.24206303e-03 4.99208641e+00
-4.24444722e-03 4.99201488e+00
-4.26471280e-03 4.99200439e+00
-4.25398396e-03 4.99195528e+00
-4.25040768e-03 4.99190664e+00
-4.25159978e-03 4.99197102e+00
-4.25994443e-03 4.99210072e+00
-4.26113652e-03 4.99201870e+00
-4.25517606e-03 4.99194813e+00
-4.25994443e-03 4.99192572e+00
-4.25040768e-03 4.99195528e+00
-4.25040768e-03 4.99208164e+00
-4.24563931e-03 4.99203777e+00
-4.25875233e-03 4.99199104e+00
-4.24325513e-03 4.99206257e+00
-4.26828908e-03 4.99203539e+00
-4.27544164e-03 4.99205208e+00
-4.26948117e-03 4.99207926e+00
-4.24444722e-03 4.99193621e+00
-4.26471280e-03 4.99212122e+00
-4.27305745e-03 4.99210787e+00
-4.25279187e-03 4.99205923e+00
-4.25517606e-03 4.99205685e+00
-4.27782582e-03 4.99202919e+00
-4.27901791e-03 4.99202681e+00
-4.26948117e-03 4.99193382e+00
-4.25517606e-03 4.99204731e+00
-4.25636815e-03 4.99201155e+00
-4.27544164e-03 4.99214983e+00
-4.27901791e-03 4.99205065e+00
-4.25279187e-03 4.99199343e+00
-4.26709699e-03 4.99196959e+00
-4.25279187e-03 4.99203300e+00
-4.24444722e-03 4.99200058e+00
-4.26709699e-03 4.99208164e+00
-4.25994443e-03 4.99193382e+00
-4.26232861e-03 4.99195051e+00
-4.25279187e-03 4.99203062e+00
-4.26709699e-03 4.99211407e+00
-4.25756024e-03 4.99199724e+00
-4.26709699e-03 4.99211979e+00
-4.26709699e-03 4.99198771e+00
-4.25875233e-03 4.99220943e+00
-4.25756024e-03 4.99207211e+00
-4.24444722e-03 4.99199581e+00
-4.25279187e-03 4.99195528e+00
-4.25875233e-03 4.99208164e+00
-4.24563931e-03 4.99211264e+00
-4.24683141e-03 4.99196386e+00
-4.27782582e-03 4.99197340e+00
-4.27424954e-03 4.99188614e+00
-4.24325513e-03 4.99205065e+00
-4.23491048e-03 4.99182415e+00
-4.25040768e-03 4.99207830e+00
-4.25279187e-03 4.99208403e+00
-4.26948117e-03 4.99200296e+00
-4.25994443e-03 4.99208069e+00
-4.24683141e-03 4.99199009e+00
-4.25040768e-03 4.99196243e+00
-4.25875233e-03 4.99189234e+00
-4.26352071e-03 4.99189329e+00
-4.26113652e-03 4.99195194e+00
-4.25398396e-03 4.99199009e+00
-4.26828908e-03 4.99200773e+00
-4.24444722e-03 4.99204969e+00
-4.27186536e-03 4.99187326e+00
-4.25994443e-03 4.99195671e+00
-4.26352071e-03 4.99190426e+00
-4.25994443e-03 4.99198389e+00
-4.24325513e-03 4.99204731e+00
-4.24444722e-03 4.99202585e+00
-4.26590489e-03 4.99207449e+00
-4.25279187e-03 4.99194574e+00
-4.25875233e-03 4.99198866e+00
-4.27186536e-03 4.99208164e+00
-4.26352071e-03 4.99209833e+00
-4.22775792e-03 4.99199104e+00
-4.25279187e-03 4.99207830e+00
-4.23610257e-03 4.99207926e+00
-4.25756024e-03 4.99199247e+00
-4.25875233e-03 4.99217367e+00
-4.26232861e-03 4.99198532e+00
-4.29332303e-03 4.99211884e+00
-4.25517606e-03 4.99203777e+00
-4.24921559e-03 4.99201250e+00
-4.24444722e-03 4.99213648e+00
-4.25756024e-03 4.99209023e+00
-4.26828908e-03 4.99204731e+00
-4.28378629e-03 4.99210930e+00
-4.26352071e-03 4.99187899e+00
-4.23491048e-03 4.99206257e+00
-4.26590489e-03 4.99196148e+00
-4.26232861e-03 4.99218655e+00
-4.24802350e-03 4.99200773e+00
-4.27544164e-03 4.99203539e+00
-4.25994443e-03 4.99204588e+00
-4.27901791e-03 4.99205208e+00
-4.24563931e-03 4.99208307e+00
-4.25159978e-03 4.99191856e+00
-4.23967885e-03 4.99195051e+00
-4.25994443e-03 4.99214268e+00
-4.25994443e-03 4.99210548e+00
-4.27424954e-03 4.99205780e+00
-4.24444722e-03 4.99217701e+00
-4.26232861e-03 4.99202108e+00
-4.23848676e-03 4.99192572e+00
-4.25636815e-03 4.99207449e+00
-4.25636815e-03 4.99203157e+00
-4.26590489e-03 4.99212360e+00
-4.26352071e-03 4.99199009e+00
-4.26828908e-03 4.99200439e+00
-4.25636815e-03 4.99204493e+00
-4.24802350e-03 4.99206495e+00
-4.25756024e-03 4.99206018e+00
-4.24325513e-03 4.99199724e+00
-4.26948117e-03 4.99194002e+00
-4.26113652e-03 4.99186373e+00
-4.25756024e-03 4.99197817e+00
-4.25517606e-03 4.99191618e+00
-4.26471280e-03 4.99195528e+00
-4.25756024e-03 4.99204016e+00
-4.27901791e-03 4.99190521e+00
-4.26232861e-03 4.99192095e+00
-4.26471280e-03 4.99202442e+00
-4.25040768e-03 4.99203062e+00
-4.24206303e-03 4.99201393e+00
-4.25756024e-03 4.99197817e+00
-4.25279187e-03 4.99214745e+00
-4.25040768e-03 4.99206400e+00
-4.24563931e-03 4.99198627e+00
-4.26471280e-03 4.99206161e+00
-4.26948117e-03 4.99205446e+00
-4.26232861e-03 4.99194241e+00
-4.25517606e-03 4.99190044e+00
-4.26948117e-03 4.99192333e+00
-4.25040768e-03 4.99201632e+00
-4.28140210e-03 4.99201965e+00
-4.24206303e-03 4.99191475e+00
-4.26828908e-03 4.99194717e+00
-4.28021001e-03 4.99206161e+00
-4.25040768e-03 4.99204016e+00
-4.25994443e-03 4.99210691e+00
-4.24206303e-03 4.99206638e+00
-4.26113652e-03 4.99195910e+00
-4.25994443e-03 4.99201727e+00
-4.24921559e-03 4.99196863e+00
-4.23848676e-03 4.99203539e+00
-4.26232861e-03 4.99206495e+00
-4.26709699e-03 4.99204969e+00
-4.24444722e-03 4.99198055e+00
-4.25279187e-03 4.99193764e+00
-4.25636815e-03 4.99201727e+00
-4.27424954e-03 4.99208784e+00
-4.25040768e-03 4.99195290e+00
-4.25398396e-03 4.99190760e+00
-4.26709699e-03 4.99204493e+00
-4.26113652e-03 4.99204493e+00
-4.27067326e-03 4.99219751e+00
-4.26232861e-03 4.99198771e+00
-4.27544164e-03 4.99188995e+00
-4.24683141e-03 4.99201727e+00
-4.25279187e-03 4.99194098e+00
-4.24444722e-03 4.99207211e+00
-4.28617047e-03 4.99204969e+00
-4.24563931e-03 4.99214983e+00
-4.24921559e-03 4.99192095e+00
-4.26471280e-03 4.99201012e+00
-4.24325513e-03 4.99198771e+00
-4.25279187e-03 4.99201965e+00
-4.24683141e-03 4.99198771e+00
-4.25636815e-03 4.99201250e+00
-4.25398396e-03 4.99197102e+00
-4.26471280e-03 4.99195910e+00
-4.25517606e-03 4.99196005e+00
-4.25994443e-03 4.99208307e+00
-4.26113652e-03 4.99197912e+00
-4.25279187e-03 4.99204731e+00
-4.24325513e-03 4.99186230e+00
-4.24921559e-03 4.99192667e+00
-4.26113652e-03 4.99193287e+00
-4.26352071e-03 4.99198151e+00
-4.25875233e-03 4.99204969e+00
-4.26828908e-03 4.99196959e+00
-4.25279187e-03 4.99190283e+00
-4.25398396e-03 4.99197912e+00
-4.24683141e-03 4.99195671e+00
-4.24325513e-03 4.99206161e+00
-4.25517606e-03 4.99199343e+00
-4.26471280e-03 4.99190664e+00
-4.24802350e-03 4.99202347e+00
-4.26232861e-03 4.99205780e+00
-4.26232861e-03 4.99194241e+00
-4.24683141e-03 4.99200439e+00
-4.26590489e-03 4.99198055e+00
-4.25040768e-03 4.99191952e+00
-4.25875233e-03 4.99193621e+00
-4.26471280e-03 4.99211884e+00
-4.28617047e-03 4.99192333e+00
-4.25159978e-03 4.99202919e+00
-4.26352071e-03 4.99192905e+00
-4.26948117e-03 4.99196625e+00
-4.25279187e-03 4.99207592e+00
-4.26352071e-03 4.99213886e+00
-4.26590489e-03 4.99194098e+00
-4.26828908e-03 4.99197817e+00
-4.28021001e-03 4.99204826e+00
-4.27663373e-03 4.99207687e+00
-4.25517606e-03 4.99204350e+00
-4.24802350e-03 4.99196243e+00
-4.25517606e-03 4.99201488e+00
-4.25517606e-03 4.99197578e+00
-4.26232861e-03 4.99201155e+00
-4.27305745e-03 4.99206400e+00
-4.26590489e-03 4.99201632e+00
-4.24206303e-03 4.99192429e+00
-4.26232861e-03 4.99202585e+00
-4.25398396e-03 4.99205542e+00
-4.25636815e-03 4.99201012e+00
-4.26948117e-03 4.99208879e+00
-4.25517606e-03 4.99199963e+00
-4.27663373e-03 4.99203539e+00
-4.25517606e-03 4.99212599e+00
-4.25756024e-03 4.99201250e+00
-4.25994443e-03 4.99195910e+00
-4.25636815e-03 4.99203062e+00
-4.26232861e-03 4.99207687e+00
-4.27067326e-03 4.99204111e+00
-4.26471280e-03 4.99224377e+00
-4.25398396e-03 4.99188280e+00
-4.25398396e-03 4.99197197e+00
-4.26113652e-03 4.99196148e+00
-4.25159978e-03 4.99198151e+00
-4.27424954e-03 4.99206018e+00
-4.25040768e-03 4.99190903e+00
-4.27067326e-03 4.99197340e+00
-4.26471280e-03 4.99196148e+00
-4.25756024e-03 4.99193621e+00
-4.25279187e-03 4.99211407e+00
-4.25636815e-03 4.99201965e+00
-4.25398396e-03 4.99206877e+00
-4.25159978e-03 4.99190044e+00
-4.26948117e-03 4.99212360e+00
-4.25636815e-03 4.99199581e+00
-4.25517606e-03 4.99204016e+00
-4.24206303e-03 4.99196625e+00
-4.26352071e-03 4.99214268e+00
-4.24921559e-03 4.99207211e+00
-4.25875233e-03 4.99210691e+00
-4.26709699e-03 4.99194002e+00
-4.26948117e-03 4.99186373e+00
-4.25279187e-03 4.99201393e+00
-4.25159978e-03 4.99191952e+00
-4.26113652e-03 4.99215078e+00
-4.26590489e-03 4.99189091e+00
-4.25517606e-03 4.99206495e+00
-4.25875233e-03 4.99207592e+00
-4.24802350e-03 4.99203062e+00
-4.26590489e-03 4.99203062e+00
-4.26709699e-03 4.99196386e+00
-4.25398396e-03 4.99199104e+00
-4.25994443e-03 4.99197817e+00
-4.24921559e-03 4.99201250e+00
-4.28617047e-03 4.99214745e+00
-4.26590489e-03 4.99186945e+00
-4.25279187e-03 4.99198627e+00
-4.24206303e-03 4.99189091e+00
-4.24087094e-03 4.99210453e+00
-4.25517606e-03 4.99197197e+00
-4.26232861e-03 4.99204588e+00
-4.25875233e-03 4.99210453e+00
-4.25517606e-03 4.99215698e+00
-4.24683141e-03 4.99202585e+00
-4.24206303e-03 4.99198771e+00
-4.24683141e-03 4.99201965e+00
-4.27186536e-03 4.99208307e+00
-4.26590489e-03 4.99207687e+00
-4.24444722e-03 4.99192190e+00
-4.24563931e-03 4.99202681e+00
-4.24206303e-03 4.99197674e+00
-4.25398396e-03 4.99188375e+00
-4.25756024e-03 4.99200201e+00
-4.24444722e-03 4.99185276e+00
-4.23848676e-03 4.99207830e+00
-4.24802350e-03 4.99186373e+00
-4.26113652e-03 4.99195433e+00
-4.26590489e-03 4.99204731e+00
-4.25875233e-03 4.99198627e+00
-4.26471280e-03 4.99196148e+00
-4.25994443e-03 4.99196148e+00
-4.24325513e-03 4.99193525e+00
-4.26352071e-03 4.99194956e+00
-4.24921559e-03 4.99206400e+00
-4.26352071e-03 4.99204588e+00
-4.25517606e-03 4.99193859e+00
-4.24087094e-03 4.99201632e+00
-4.24087094e-03 4.99195671e+00
-4.25756024e-03 4.99199247e+00
-4.26113652e-03 4.99206877e+00
-4.23491048e-03 4.99200296e+00
-4.26948117e-03 4.99201012e+00
-4.24444722e-03 4.99194717e+00
-4.25279187e-03 4.99207687e+00
-4.26232861e-03 4.99201393e+00
-4.25159978e-03 4.99194336e+00
-4.25159978e-03 4.99193287e+00
-4.27067326e-03 4.99209833e+00
-4.26590489e-03 4.99199820e+00
-4.25040768e-03 4.99193859e+00
-4.25994443e-03 4.99202347e+00
-4.25636815e-03 4.99201250e+00
-4.25398396e-03 4.99206161e+00
-4.25517606e-03 4.99198055e+00
-4.26709699e-03 4.99205303e+00
-4.25398396e-03 4.99200296e+00
-4.26590489e-03 4.99198771e+00
-4.26232861e-03 4.99198294e+00
-4.26352071e-03 4.99196005e+00
-4.26113652e-03 4.99208069e+00
-4.26471280e-03 4.99192667e+00
-4.26471280e-03 4.99198866e+00
-4.24921559e-03 4.99200058e+00
-4.25875233e-03 4.99206257e+00
-4.26352071e-03 4.99199820e+00
-4.25279187e-03 4.99221659e+00
-4.26471280e-03 4.99206495e+00
-4.25875233e-03 4.99215221e+00
-4.25159978e-03 4.99205685e+00
-4.23610257e-03 4.99196148e+00
-4.26590489e-03 4.99204826e+00
-4.24802350e-03 4.99193621e+00
-4.24325513e-03 4.99205065e+00
-4.24921559e-03 4.99207354e+00
-4.24802350e-03 4.99205542e+00
-4.24563931e-03 4.99197197e+00
-4.27067326e-03 4.99204493e+00
-4.26113652e-03 4.99197435e+00
-4.26113652e-03 4.99200058e+00
-4.26471280e-03 4.99203777e+00
-4.26471280e-03 4.99202347e+00
-4.27663373e-03 4.99196482e+00
-4.25636815e-03 4.99198055e+00
-4.24802350e-03 4.99194479e+00
-4.25398396e-03 4.99192429e+00
-4.23729466e-03 4.99195671e+00
-4.25756024e-03 4.99202347e+00
-4.25159978e-03 4.99211884e+00
-4.27544164e-03 4.99197912e+00
-4.25159978e-03 4.99205446e+00
-4.27544164e-03 4.99192572e+00
-4.29451512e-03 4.99201870e+00
-4.26948117e-03 4.99199009e+00
-4.25875233e-03 4.99203062e+00
-4.29451512e-03 4.99195528e+00
-4.28021001e-03 4.99206018e+00
-4.27544164e-03 4.99197197e+00
-4.27544164e-03 4.99205542e+00
-4.23967885e-03 4.99209118e+00
-4.25398396e-03 4.99208546e+00
-4.24206303e-03 4.99206161e+00
-4.26113652e-03 4.99191952e+00
-4.24563931e-03 4.99194574e+00
-4.25994443e-03 4.99203396e+00
-4.26709699e-03 4.99197912e+00
-4.25756024e-03 4.99203396e+00
-4.26471280e-03 4.99203634e+00
-4.27186536e-03 4.99196005e+00
-4.26232861e-03 4.99201965e+00
-4.25279187e-03 4.99205303e+00
-4.26352071e-03 4.99209499e+00
-4.24802350e-03 4.99197817e+00
-4.25279187e-03 4.99186468e+00
-4.27186536e-03 4.99192429e+00
-4.22060536e-03 4.99191380e+00
-4.24563931e-03 4.99196959e+00
-4.26471280e-03 4.99186230e+00
-4.25040768e-03 4.99190664e+00
-4.26113652e-03 4.99191380e+00
-4.26113652e-03 4.99192429e+00
-4.25517606e-03 4.99195528e+00
-4.25756024e-03 4.99188614e+00
-4.25040768e-03 4.99182892e+00
-4.26709699e-03 4.99202204e+00
-4.25875233e-03 4.99200678e+00
-4.23729466e-03 4.99200201e+00
-4.27067326e-03 4.99199724e+00
-4.26113652e-03 4.99199104e+00
-4.24444722e-03 4.99195433e+00
-4.26828908e-03 4.99201727e+00
-4.24921559e-03 4.99194574e+00
-4.25279187e-03 4.99192810e+00
-4.24921559e-03 4.99183035e+00
-4.25756024e-03 4.99192333e+00
-4.24921559e-03 4.99203396e+00
-4.24921559e-03 4.99186707e+00
-4.24325513e-03 4.99202347e+00
-4.24921559e-03 4.99203634e+00
-4.23371838e-03 4.99200201e+00
-4.25875233e-03 4.99204731e+00
-4.24206303e-03 4.99203777e+00
-4.26352071e-03 4.99194479e+00
-4.23967885e-03 4.99211025e+00
-4.25040768e-03 4.99183369e+00
-4.26471280e-03 4.99203873e+00
-4.26590489e-03 4.99199820e+00
-4.26590489e-03 4.99210691e+00
-4.25398396e-03 4.99208641e+00
-4.26113652e-03 4.99200058e+00
-4.24206303e-03 4.99194098e+00
-4.26352071e-03 4.99205303e+00
-4.26590489e-03 4.99199486e+00
-4.25398396e-03 4.99201155e+00
-4.26709699e-03 4.99206877e+00
-4.26113652e-03 4.99198866e+00
-4.25159978e-03 4.99195290e+00
-4.25875233e-03 4.99215221e+00
-4.24206303e-03 4.99188852e+00
-4.26590489e-03 4.99201155e+00
-4.24921559e-03 4.99198771e+00
-4.27424954e-03 4.99205923e+00
-4.26948117e-03 4.99201727e+00
-4.25279187e-03 4.99206972e+00
-4.26352071e-03 4.99193144e+00
-4.26113652e-03 4.99206161e+00
-4.26113652e-03 4.99197912e+00
-4.24802350e-03 4.99200058e+00
-4.24921559e-03 4.99194002e+00
-4.25875233e-03 4.99209023e+00
-4.25279187e-03 4.99201012e+00
-4.27067326e-03 4.99204493e+00
-4.24921559e-03 4.99195290e+00
-4.25756024e-03 4.99204493e+00
-4.24921559e-03 4.99202681e+00
-4.25756024e-03 4.99194717e+00
-4.25875233e-03 4.99194336e+00
-4.25398396e-03 4.99185038e+00
-4.27782582e-03 4.99185181e+00
-4.24087094e-03 4.99203157e+00
-4.26352071e-03 4.99194241e+00
-4.26828908e-03 4.99192333e+00
-4.25636815e-03 4.99207449e+00
-4.25636815e-03 4.99203777e+00
-4.26948117e-03 4.99193525e+00
-4.28259419e-03 4.99197674e+00
-4.26113652e-03 4.99200535e+00
-4.27305745e-03 4.99201393e+00
-4.25159978e-03 4.99200201e+00
-4.25636815e-03 4.99200535e+00
-4.27305745e-03 4.99202824e+00
-4.24563931e-03 4.99193764e+00
-4.26709699e-03 4.99199009e+00
-4.25398396e-03 4.99190426e+00
-4.25636815e-03 4.99205208e+00
-4.24563931e-03 4.99210787e+00
-4.24683141e-03 4.99190760e+00
-4.25875233e-03 4.99188280e+00
-4.24444722e-03 4.99194479e+00
-4.25159978e-03 4.99190760e+00
-4.25159978e-03 4.99213648e+00
-4.23491048e-03 4.99204254e+00
-4.28021001e-03 4.99183607e+00
-4.25994443e-03 4.99193621e+00
-4.24921559e-03 4.99195671e+00
-4.27186536e-03 4.99204111e+00
-4.25159978e-03 4.99197197e+00
-4.26471280e-03 4.99190283e+00
-4.26590489e-03 4.99199009e+00
-4.25636815e-03 4.99190044e+00
-4.24802350e-03 4.99205303e+00
-4.24802350e-03 4.99209976e+00
-4.27067326e-03 4.99208546e+00
-4.26352071e-03 4.99190903e+00
-4.26471280e-03 4.99193525e+00
-4.26948117e-03 4.99191856e+00
-4.25159978e-03 4.99203634e+00
-4.25279187e-03 4.99202442e+00
-4.25636815e-03 4.99200058e+00
-4.24921559e-03 4.99197578e+00
-4.24921559e-03 4.99202919e+00
-4.25517606e-03 4.99198294e+00
-4.25517606e-03 4.99201250e+00
-4.26113652e-03 4.99197340e+00
-4.25994443e-03 4.99206877e+00
-4.26232861e-03 4.99197340e+00
-4.24444722e-03 4.99203539e+00
-4.27305745e-03 4.99193382e+00
-4.25398396e-03 4.99194241e+00
-4.24921559e-03 4.99212360e+00
-4.25159978e-03 4.99200773e+00
-4.26709699e-03 4.99207830e+00
-4.26828908e-03 4.99197578e+00
-4.26232861e-03 4.99214745e+00
-4.26471280e-03 4.99207830e+00
-4.25756024e-03 4.99203396e+00
-4.25756024e-03 4.99198771e+00
-4.25636815e-03 4.99186611e+00
-4.25994443e-03 4.99196625e+00
-4.26352071e-03 4.99201155e+00
-4.26113652e-03 4.99193764e+00
-4.25875233e-03 4.99205923e+00
-4.26828908e-03 4.99207926e+00
-4.25636815e-03 4.99198294e+00
-4.27424954e-03 4.99202347e+00
-4.26948117e-03 4.99201012e+00
-4.25279187e-03 4.99196386e+00
-4.26709699e-03 4.99199009e+00
-4.27067326e-03 4.99201870e+00
-4.25398396e-03 4.99201250e+00
-4.28378629e-03 4.99212933e+00
-4.26709699e-03 4.99198627e+00
-4.25279187e-03 4.99202824e+00
-4.25994443e-03 4.99200296e+00
-4.24206303e-03 4.99194717e+00
-4.27067326e-03 4.99206018e+00
-4.28021001e-03 4.99202442e+00
-4.25875233e-03 4.99195433e+00
-4.26590489e-03 4.99199963e+00
-4.25636815e-03 4.99202347e+00
-4.27186536e-03 4.99205685e+00
-4.25756024e-03 4.99194002e+00
-4.25279187e-03 4.99185896e+00
-4.26471280e-03 4.99196959e+00
-4.25517606e-03 4.99195290e+00
-4.25756024e-03 4.99196863e+00
-4.26590489e-03 4.99208641e+00
-4.26113652e-03 4.99194813e+00
-4.26113652e-03 4.99201488e+00
-4.26232861e-03 4.99193859e+00
-4.26471280e-03 4.99206734e+00
-4.25636815e-03 4.99206495e+00
-4.26113652e-03 4.99200296e+00
-4.25875233e-03 4.99196148e+00
-4.25994443e-03 4.99211645e+00
-4.26471280e-03 4.99200678e+00
-4.26232861e-03 4.99189568e+00
-4.25875233e-03 4.99192905e+00
-4.26948117e-03 4.99202824e+00
-4.26232861e-03 4.99193859e+00
-4.25636815e-03 4.99206495e+00
-4.24683141e-03 4.99197578e+00
-4.24087094e-03 4.99202824e+00
-4.25040768e-03 4.99207926e+00
-4.24206303e-03 4.99210930e+00
-4.26471280e-03 4.99201727e+00
-4.25517606e-03 4.99218893e+00
-4.26471280e-03 4.99201965e+00
-4.26352071e-03 4.99201488e+00
-4.26113652e-03 4.99215221e+00
-4.25159978e-03 4.99212122e+00
-4.26113652e-03 4.99203873e+00
-4.27544164e-03 4.99206161e+00
-4.26590489e-03 4.99195194e+00
-4.24325513e-03 4.99185658e+00
-4.26471280e-03 4.99192190e+00
-4.25398396e-03 4.99202108e+00
-4.26232861e-03 4.99205446e+00
-4.26709699e-03 4.99187899e+00
-4.25636815e-03 4.99198866e+00
-4.25159978e-03 4.99217939e+00
-4.25040768e-03 4.99200296e+00
-4.24683141e-03 4.99189806e+00
-4.25994443e-03 4.99185896e+00
-4.26948117e-03 4.99191236e+00
-4.26113652e-03 4.99192667e+00
-4.25517606e-03 4.99191236e+00
-4.27424954e-03 4.99206018e+00
-4.24921559e-03 4.99189711e+00
-4.26352071e-03 4.99197674e+00
-4.25636815e-03 4.99196005e+00
-4.25159978e-03 4.99190187e+00
-4.26590489e-03 4.99191952e+00
-4.27663373e-03 4.99195290e+00
-4.25875233e-03 4.99206161e+00
-4.25517606e-03 4.99201488e+00
-4.26709699e-03 4.99173975e+00
-4.26948117e-03 4.99193621e+00
-4.27663373e-03 4.99196720e+00
-4.25756024e-03 4.99189091e+00
-4.25875233e-03 4.99186373e+00
-4.25398396e-03 4.99194002e+00
-4.27663373e-03 4.99190664e+00
-4.24325513e-03 4.99188995e+00
-4.25159978e-03 4.99186945e+00
-4.26352071e-03 4.99190998e+00
-4.26948117e-03 4.99197435e+00
-4.26828908e-03 4.99190044e+00
-4.28021001e-03 4.99192190e+00
-4.25159978e-03 4.99190903e+00
-4.25279187e-03 4.99186945e+00
-4.25398396e-03 4.99190521e+00
-4.25994443e-03 4.99193621e+00
-4.26232861e-03 4.99188137e+00
-4.24444722e-03 4.99198866e+00
-4.25756024e-03 4.99188995e+00
-4.25994443e-03 4.99204969e+00
-4.27901791e-03 4.99209118e+00
-4.25159978e-03 4.99198294e+00
-4.26471280e-03 4.99187899e+00
-4.25875233e-03 4.99208546e+00
-4.26709699e-03 4.99203157e+00
-4.24802350e-03 4.99190760e+00
-4.26232861e-03 4.99204016e+00
-4.26471280e-03 4.99190998e+00
-4.26232861e-03 4.99199009e+00
-4.26948117e-03 4.99187088e+00
-4.26232861e-03 4.99197817e+00
-4.24087094e-03 4.99183607e+00
-4.27067326e-03 4.99198866e+00
-4.25517606e-03 4.99210787e+00
-4.25159978e-03 4.99196625e+00
-4.25636815e-03 4.99200678e+00
-4.25279187e-03 4.99200916e+00
-4.28497838e-03 4.99200201e+00
-4.25279187e-03 4.99198532e+00
-4.25517606e-03 4.99202585e+00
-4.26948117e-03 4.99198866e+00
-4.26471280e-03 4.99204350e+00
-4.24444722e-03 4.99202919e+00
-4.25398396e-03 4.99201632e+00
-4.25159978e-03 4.99191141e+00
-4.25756024e-03 4.99200439e+00
-4.28021001e-03 4.99199581e+00
-4.26352071e-03 4.99187660e+00
-4.26113652e-03 4.99201727e+00
-4.26709699e-03 4.99199343e+00
-4.26828908e-03 4.99197578e+00
-4.24325513e-03 4.99190426e+00
-4.24444722e-03 4.99194813e+00
-4.27424954e-03 4.99188614e+00
-4.27186536e-03 4.99178982e+00
-4.24444722e-03 4.99203539e+00
-4.26232861e-03 4.99187183e+00
-4.25636815e-03 4.99197435e+00
-4.24683141e-03 4.99195194e+00
-4.26232861e-03 4.99197197e+00
-4.25398396e-03 4.99202919e+00
-4.24206303e-03 4.99204350e+00
-4.27186536e-03 4.99199581e+00
-4.27067326e-03 4.99197340e+00
-4.26352071e-03 4.99192333e+00
-4.26709699e-03 4.99197912e+00
-4.27067326e-03 4.99188375e+00
-4.25517606e-03 4.99195528e+00
-4.26709699e-03 4.99193382e+00
-4.26113652e-03 4.99199343e+00
-4.25040768e-03 4.99210548e+00
-4.24087094e-03 4.99183989e+00
-4.25159978e-03 4.99186850e+00
-4.25040768e-03 4.99194813e+00
-4.25279187e-03 4.99204969e+00
-4.24683141e-03 4.99188614e+00
-4.25279187e-03 4.99185419e+00
-4.25756024e-03 4.99191856e+00
-4.24802350e-03 4.99185276e+00
-4.24921559e-03 4.99196625e+00
-4.26828908e-03 4.99196863e+00
-4.24206303e-03 4.99201727e+00
-4.23848676e-03 4.99206495e+00
-4.25398396e-03 4.99191856e+00
-4.26828908e-03 4.99193859e+00
-4.25040768e-03 4.99207449e+00
-4.28140210e-03 4.99189329e+00
-4.25994443e-03 4.99192905e+00
-4.25398396e-03 4.99192905e+00
-4.25875233e-03 4.99192095e+00
-4.24802350e-03 4.99187183e+00
-4.23729466e-03 4.99200773e+00
-4.26948117e-03 4.99194479e+00
-4.26590489e-03 4.99178505e+00
-4.27901791e-03 4.99187899e+00
-4.26948117e-03 4.99190426e+00
-4.25040768e-03 4.99176693e+00
-4.25756024e-03 4.99200916e+00
-4.26828908e-03 4.99200678e+00
-4.25994443e-03 4.99186373e+00
-4.24563931e-03 4.99199581e+00
-4.25636815e-03 4.99196386e+00
-4.25636815e-03 4.99200201e+00
-4.25875233e-03 4.99199247e+00
-4.24325513e-03 4.99200296e+00
-4.23729466e-03 4.99194002e+00
-4.24444722e-03 4.99194574e+00
-4.26590489e-03 4.99206638e+00
-4.25398396e-03 4.99186945e+00
-4.23848676e-03 4.99200296e+00
-4.23848676e-03 4.99190664e+00
-4.25279187e-03 4.99189711e+00
-4.25636815e-03 4.99205208e+00
-4.25994443e-03 4.99196482e+00
-4.24683141e-03 4.99190664e+00
-4.25517606e-03 4.99197912e+00
-4.25159978e-03 4.99192095e+00
-4.26113652e-03 4.99193621e+00
-4.26590489e-03 4.99192810e+00
-4.24563931e-03 4.99192810e+00
-4.25994443e-03 4.99197340e+00
-4.25517606e-03 4.99196625e+00
-4.25398396e-03 4.99207211e+00
-4.27424954e-03 4.99187660e+00
-4.26113652e-03 4.99214745e+00
-4.24087094e-03 4.99208546e+00
-4.25875233e-03 4.99201632e+00
-4.25279187e-03 4.99204826e+00
-4.26352071e-03 4.99197340e+00
-4.25636815e-03 4.99194956e+00
-4.26232861e-03 4.99194002e+00
-4.25636815e-03 4.99204111e+00
-4.26113652e-03 4.99192572e+00
-4.27186536e-03 4.99198294e+00
-4.26828908e-03 4.99204254e+00
-4.24444722e-03 4.99175262e+00
-4.26828908e-03 4.99190521e+00
-4.26948117e-03 4.99191856e+00
-4.25756024e-03 4.99186230e+00
-4.28259419e-03 4.99187326e+00
-4.24206303e-03 4.99193859e+00
-4.25279187e-03 4.99192095e+00
-4.27424954e-03 4.99194336e+00
-4.25517606e-03 4.99198771e+00
-4.27663373e-03 4.99191141e+00
-4.26709699e-03 4.99196148e+00
-4.25875233e-03 4.99197340e+00
-4.26113652e-03 4.99174309e+00
-4.26471280e-03 4.99180269e+00
-4.27305745e-03 4.99182320e+00
-4.27663373e-03 4.99186611e+00
-4.25159978e-03 4.99207211e+00
-4.26352071e-03 4.99197817e+00
-4.25040768e-03 4.99189568e+00
-4.26590489e-03 4.99190187e+00
-4.27067326e-03 4.99197197e+00
-4.25994443e-03 4.99200773e+00
-4.24563931e-03 4.99186134e+00
-4.25398396e-03 4.99196625e+00
-4.25875233e-03 4.99200058e+00
-4.28021001e-03 4.99209118e+00
-4.25756024e-03 4.99191713e+00
-4.25517606e-03 4.99199343e+00
-4.26471280e-03 4.99189711e+00
-4.26828908e-03 4.99191475e+00
-4.26709699e-03 4.99190187e+00
-4.26232861e-03 4.99183130e+00
-4.26113652e-03 4.99202824e+00
-4.25875233e-03 4.99194813e+00
-4.26352071e-03 4.99184799e+00
-4.25875233e-03 4.99206972e+00
-4.24802350e-03 4.99193382e+00
-4.25875233e-03 4.99190044e+00
-4.24563931e-03 4.99184799e+00
-4.24921559e-03 4.99183989e+00
-4.25517606e-03 4.99190664e+00
-4.27186536e-03 4.99192333e+00
-4.27067326e-03 4.99195766e+00
-4.23967885e-03 4.99199247e+00
-4.24325513e-03 4.99197578e+00
-4.25875233e-03 4.99196243e+00
-4.26709699e-03 4.99186850e+00
-4.24563931e-03 4.99189091e+00
-4.24206303e-03 4.99194574e+00
-4.26113652e-03 4.99198532e+00
-4.26709699e-03 4.99199963e+00
-4.25398396e-03 4.99201155e+00
-4.24802350e-03 4.99198294e+00
-4.25398396e-03 4.99176693e+00
-4.25756024e-03 4.99192095e+00
-4.24921559e-03 4.99191475e+00
-4.26113652e-03 4.99199247e+00
-4.24087094e-03 4.99191713e+00
-4.27544164e-03 4.99197340e+00
-4.25756024e-03 4.99189568e+00
-4.26828908e-03 4.99185514e+00
-4.24683141e-03 4.99185419e+00
-4.25756024e-03 4.99187899e+00
-4.25398396e-03 4.99195671e+00
-4.24563931e-03 4.99200058e+00
-4.25636815e-03 4.99195433e+00
-4.25756024e-03 4.99179935e+00
-4.25159978e-03 4.99208784e+00
-4.25994443e-03 4.99197817e+00
-4.24921559e-03 4.99202204e+00
-4.26828908e-03 4.99199724e+00
-4.25517606e-03 4.99189711e+00
-4.25398396e-03 4.99195290e+00
-4.26232861e-03 4.99190903e+00
-4.23610257e-03 4.99194956e+00
-4.25279187e-03 4.99189949e+00
-4.25994443e-03 4.99190521e+00
-4.26471280e-03 4.99191713e+00
-4.25040768e-03 4.99199963e+00
-4.27305745e-03 4.99196005e+00
-4.25875233e-03 4.99210310e+00
-4.24921559e-03 4.99187183e+00
-4.26232861e-03 4.99205065e+00
-4.28021001e-03 4.99199247e+00
-4.27305745e-03 4.99204350e+00
-4.28259419e-03 4.99202347e+00
-4.24444722e-03 4.99200678e+00
-4.25517606e-03 4.99189234e+00
-4.26352071e-03 4.99191856e+00
-4.25636815e-03 4.99183846e+00
-4.25517606e-03 4.99193764e+00
-4.25636815e-03 4.99183750e+00
-4.24802350e-03 4.99195290e+00
-4.24206303e-03 4.99201012e+00
-4.26590489e-03 4.99177313e+00
-4.24683141e-03 4.99204350e+00
-4.26232861e-03 4.99207592e+00
-4.26948117e-03 4.99190760e+00
-4.25636815e-03 4.99189568e+00
-4.26471280e-03 4.99200296e+00
-4.25279187e-03 4.99197340e+00
-4.24921559e-03 4.99184322e+00
-4.26352071e-03 4.99188614e+00
-4.26113652e-03 4.99195671e+00
-4.27544164e-03 4.99205208e+00
-4.27186536e-03 4.99193525e+00
-4.25994443e-03 4.99196243e+00
-4.26232861e-03 4.99191713e+00
-4.27424954e-03 4.99190044e+00
-4.25398396e-03 4.99181223e+00
-4.25279187e-03 4.99207354e+00
-4.27901791e-03 4.99191236e+00
-4.24563931e-03 4.99196720e+00
-4.24683141e-03 4.99197578e+00
-4.26232861e-03 4.99190903e+00
-4.26590489e-03 4.99188519e+00
-4.25994443e-03 4.99187183e+00
-4.26113652e-03 4.99184561e+00
-4.26352071e-03 4.99190044e+00
-4.25279187e-03 4.99185419e+00
-4.26113652e-03 4.99192429e+00
-4.26709699e-03 4.99194574e+00
-4.26709699e-03 4.99188280e+00
-4.24563931e-03 4.99183750e+00
-4.27544164e-03 4.99188042e+00
-4.25756024e-03 4.99202442e+00
-4.24921559e-03 4.99196243e+00
-4.26471280e-03 4.99195671e+00
-4.26232861e-03 4.99202919e+00
-4.25159978e-03 4.99198627e+00
-4.26352071e-03 4.99196863e+00
-4.26113652e-03 4.99193144e+00
-4.26709699e-03 4.99188519e+00
-4.26709699e-03 4.99199820e+00
-4.24444722e-03 4.99188614e+00
-4.27424954e-03 4.99196720e+00
-4.26232861e-03 4.99199343e+00
-4.26232861e-03 4.99191475e+00
-4.26471280e-03 4.99189329e+00
-4.25159978e-03 4.99186611e+00
-4.27544164e-03 4.99195766e+00
-4.25279187e-03 4.99190187e+00
-4.24802350e-03 4.99199963e+00
-4.24087094e-03 4.99198532e+00
-4.26232861e-03 4.99188042e+00
-4.26948117e-03 4.99187088e+00
-4.25756024e-03 4.99193621e+00
-4.25756024e-03 4.99207687e+00
-4.26471280e-03 4.99195194e+00
-4.24802350e-03 4.99192905e+00
-4.27305745e-03 4.99188137e+00
-4.25756024e-03 4.99189711e+00
-4.26471280e-03 4.99198389e+00
-4.26828908e-03 4.99193048e+00
-4.26709699e-03 4.99186230e+00
-4.26113652e-03 4.99184084e+00
-4.25517606e-03 4.99202919e+00
-4.28021001e-03 4.99198055e+00
-4.25636815e-03 4.99205303e+00
-4.28140210e-03 4.99200201e+00
-4.26828908e-03 4.99194241e+00
-4.26113652e-03 4.99191475e+00
-4.25636815e-03 4.99193859e+00
-4.26471280e-03 4.99201393e+00
-4.26113652e-03 4.99196243e+00
-4.26113652e-03 4.99189234e+00
-4.25875233e-03 4.99195433e+00
-4.26352071e-03 4.99182415e+00
-4.23967885e-03 4.99196243e+00
-4.24683141e-03 4.99186611e+00
-4.25994443e-03 4.99192810e+00
-4.27067326e-03 4.99209261e+00
-4.24683141e-03 4.99191141e+00
-4.25040768e-03 4.99179792e+00
-4.25159978e-03 4.99194002e+00
-4.27067326e-03 4.99179459e+00
-4.26113652e-03 4.99196863e+00
-4.24802350e-03 4.99188137e+00
-4.26232861e-03 4.99192572e+00
-4.24802350e-03 4.99194813e+00
-4.25517606e-03 4.99197912e+00
-4.26471280e-03 4.99197435e+00
-4.24802350e-03 4.99194574e+00
-4.24206303e-03 4.99196005e+00
-4.25875233e-03 4.99187088e+00
-4.26590489e-03 4.99197817e+00
-4.26471280e-03 4.99188757e+00
-4.25756024e-03 4.99183130e+00
-4.28497838e-03 4.99192667e+00
-4.25517606e-03 4.99185276e+00
-4.24087094e-03 4.99204350e+00
-4.23133420e-03 4.99187899e+00
-4.25040768e-03 4.99192810e+00
-4.26948117e-03 4.99186850e+00
-4.25517606e-03 4.99195671e+00
-4.25756024e-03 4.99198389e+00
-4.27067326e-03 4.99198389e+00
-4.25636815e-03 4.99186468e+00
-4.25040768e-03 4.99191952e+00
-4.26232861e-03 4.99204254e+00
-4.26948117e-03 4.99194956e+00
-4.23252629e-03 4.99186945e+00
-4.26352071e-03 4.99183369e+00
-4.25517606e-03 4.99190426e+00
-4.26352071e-03 4.99191236e+00
-4.26948117e-03 4.99192429e+00
-4.25994443e-03 4.99193764e+00
-4.25517606e-03 4.99199247e+00
-4.26590489e-03 4.99189329e+00
-4.25040768e-03 4.99196863e+00
-4.25875233e-03 4.99188375e+00
-4.25517606e-03 4.99192572e+00
-4.24921559e-03 4.99192095e+00
-4.27067326e-03 4.99178267e+00
-4.24921559e-03 4.99201012e+00
-4.26948117e-03 4.99191952e+00
-4.27305745e-03 4.99202585e+00
-4.26232861e-03 4.99192905e+00
-4.26113652e-03 4.99187803e+00
-4.24802350e-03 4.99183035e+00
-4.27186536e-03 4.99200916e+00
-4.24444722e-03 4.99203062e+00
-4.28259419e-03 4.99189806e+00
-4.25040768e-03 4.99199343e+00
-4.22895001e-03 4.99203157e+00
-4.26352071e-03 4.99203300e+00
-4.25159978e-03 4.99185514e+00
-4.25159978e-03 4.99184704e+00
-4.25517606e-03 4.99181700e+00
-4.26590489e-03 4.99195290e+00
-4.26232861e-03 4.99195051e+00
-4.26352071e-03 4.99188375e+00
-4.27663373e-03 4.99191856e+00
-4.24325513e-03 4.99192905e+00
-4.24206303e-03 4.99183130e+00
-4.25994443e-03 4.99189091e+00
-4.26590489e-03 4.99190521e+00
-4.25398396e-03 4.99190998e+00
-4.27424954e-03 4.99188375e+00
-4.26471280e-03 4.99202204e+00
-4.25875233e-03 4.99205303e+00
-4.26471280e-03 4.99190426e+00
-4.24325513e-03 4.99189949e+00
-4.26232861e-03 4.99189329e+00
-4.25636815e-03 4.99189568e+00
-4.26709699e-03 4.99184799e+00
-4.24921559e-03 4.99192095e+00
-4.25517606e-03 4.99198055e+00
-4.25875233e-03 4.99203873e+00
-4.25636815e-03 4.99193525e+00
-4.25994443e-03 4.99189711e+00
-4.24563931e-03 4.99190664e+00
-4.25636815e-03 4.99194098e+00
-4.25875233e-03 4.99192905e+00
-4.27663373e-03 4.99198389e+00
-4.26471280e-03 4.99188042e+00
-4.25636815e-03 4.99185276e+00
-4.26352071e-03 4.99198771e+00
-4.26590489e-03 4.99199104e+00
-4.24087094e-03 4.99192190e+00
-4.25875233e-03 4.99193144e+00
-4.26113652e-03 4.99195528e+00
-4.26352071e-03 4.99194574e+00
-4.26232861e-03 4.99183369e+00
-4.25040768e-03 4.99203157e+00
-4.27305745e-03 4.99189234e+00
-4.27305745e-03 4.99181128e+00
-4.25398396e-03 4.99182081e+00
-4.27782582e-03 4.99192333e+00
-4.25279187e-03 4.99188375e+00
-4.25517606e-03 4.99188852e+00
-4.24921559e-03 4.99201393e+00
-4.24444722e-03 4.99207211e+00
-4.24802350e-03 4.99196863e+00
-4.24206303e-03 4.99194336e+00
-4.26113652e-03 4.99185276e+00
-4.25636815e-03 4.99185181e+00
-4.27424954e-03 4.99189568e+00
-4.25994443e-03 4.99200439e+00
-4.26471280e-03 4.99193382e+00
-4.27186536e-03 4.99185276e+00
-4.26471280e-03 4.99186373e+00
-4.25040768e-03 4.99192905e+00
-4.22895001e-03 4.99188614e+00
-4.26590489e-03 4.99187326e+00
-4.26471280e-03 4.99199724e+00
-4.25994443e-03 4.99187326e+00
-4.26948117e-03 4.99196243e+00
-4.25040768e-03 4.99184227e+00
-4.24683141e-03 4.99205446e+00
-4.26828908e-03 4.99191713e+00
-4.25875233e-03 4.99195433e+00
-4.26113652e-03 4.99208069e+00
-4.25517606e-03 4.99204731e+00
-4.25875233e-03 4.99195290e+00
-4.26828908e-03 4.99193144e+00
-4.24921559e-03 4.99196625e+00
-4.26352071e-03 4.99199820e+00
-4.26113652e-03 4.99198294e+00
-4.24802350e-03 4.99197912e+00
-4.26709699e-03 4.99182081e+00
-4.25159978e-03 4.99200296e+00
-4.27067326e-03 4.99201488e+00
-4.24802350e-03 4.99197340e+00
-4.24444722e-03 4.99191952e+00
-4.25279187e-03 4.99199104e+00
-4.25517606e-03 4.99202585e+00
-4.24802350e-03 4.99195433e+00
-4.23729466e-03 4.99199581e+00
-4.25040768e-03 4.99190283e+00
-4.27663373e-03 4.99196863e+00
-4.26471280e-03 4.99200201e+00
-4.27186536e-03 4.99201012e+00
-4.25875233e-03 4.99188614e+00
-4.25636815e-03 4.99194336e+00
-4.24087094e-03 4.99198771e+00
-4.25398396e-03 4.99189091e+00
-4.25875233e-03 4.99184084e+00
-4.27424954e-03 4.99192095e+00
-4.25994443e-03 4.99194241e+00
-4.26590489e-03 4.99191713e+00
-4.24563931e-03 4.99195194e+00
-4.25875233e-03 4.99206161e+00
-4.27901791e-03 4.99204826e+00
-4.25279187e-03 4.99197197e+00
-4.25636815e-03 4.99206257e+00
-4.25517606e-03 4.99206161e+00
-4.26232861e-03 4.99200058e+00
-4.25875233e-03 4.99192572e+00
-4.27424954e-03 4.99205446e+00
-4.25994443e-03 4.99196959e+00
-4.25756024e-03 4.99200296e+00
-4.25756024e-03 4.99197674e+00
-4.27186536e-03 4.99197340e+00
-4.25159978e-03 4.99205780e+00
-4.27901791e-03 4.99195194e+00
-4.25994443e-03 4.99199581e+00
-4.25994443e-03 4.99203777e+00
-4.26590489e-03 4.99208403e+00
-4.29332303e-03 4.99209499e+00
-4.25517606e-03 4.99197912e+00
-4.24921559e-03 4.99198294e+00
-4.24206303e-03 4.99187803e+00
-4.26232861e-03 4.99201250e+00
-4.26232861e-03 4.99197674e+00
-4.23729466e-03 4.99200535e+00
-4.26471280e-03 4.99187088e+00
-4.25756024e-03 4.99195433e+00
-4.25875233e-03 4.99201012e+00
-4.26352071e-03 4.99200201e+00
-4.26113652e-03 4.99201727e+00
-4.27186536e-03 4.99187422e+00
-4.26113652e-03 4.99210691e+00
-4.25517606e-03 4.99210930e+00
-4.24563931e-03 4.99207449e+00
-4.26352071e-03 4.99210787e+00
-4.24802350e-03 4.99197435e+00
-4.27305745e-03 4.99189568e+00
-4.25279187e-03 4.99196959e+00
-4.25994443e-03 4.99197817e+00
-4.28378629e-03 4.99202347e+00
-4.25279187e-03 4.99203157e+00
-4.28378629e-03 4.99189091e+00
-4.25040768e-03 4.99190664e+00
-4.26709699e-03 4.99212837e+00
-4.25756024e-03 4.99197102e+00
-4.25875233e-03 4.99204731e+00
-4.27067326e-03 4.99198532e+00
-4.26948117e-03 4.99195194e+00
-4.24325513e-03 4.99198294e+00
-4.25159978e-03 4.99205303e+00
-4.28021001e-03 4.99203157e+00
-4.26113652e-03 4.99192667e+00
-4.26352071e-03 4.99201488e+00
-4.24921559e-03 4.99205780e+00
-4.27782582e-03 4.99194956e+00
-4.24683141e-03 4.99192667e+00
-4.26471280e-03 4.99194956e+00
-4.25756024e-03 4.99199104e+00
-4.25875233e-03 4.99193859e+00
-4.25517606e-03 4.99198771e+00
-4.24802350e-03 4.99190283e+00
-4.25994443e-03 4.99196863e+00
-4.26948117e-03 4.99203539e+00
-4.24087094e-03 4.99202108e+00
-4.25279187e-03 4.99201727e+00
-4.25040768e-03 4.99198389e+00
-4.25398396e-03 4.99207449e+00
-4.26590489e-03 4.99188137e+00
-4.26232861e-03 4.99199247e+00
-4.25875233e-03 4.99200535e+00
-4.25040768e-03 4.99195290e+00
-4.25636815e-03 4.99201727e+00
-4.27186536e-03 4.99198055e+00
-4.26232861e-03 4.99201488e+00
-4.25040768e-03 4.99211264e+00
-4.24802350e-03 4.99208164e+00
-4.24206303e-03 4.99196386e+00
-4.26828908e-03 4.99201870e+00
-4.26471280e-03 4.99192905e+00
-4.23848676e-03 4.99198055e+00
-4.23371838e-03 4.99201727e+00
-4.26352071e-03 4.99196720e+00
-4.27901791e-03 4.99201727e+00
-4.25756024e-03 4.99196243e+00
-4.27186536e-03 4.99193048e+00
-4.27663373e-03 4.99195051e+00
-4.26471280e-03 4.99189568e+00
-4.26232861e-03 4.99193048e+00
-4.25279187e-03 4.99197340e+00
-4.25398396e-03 4.99186611e+00
-4.26113652e-03 4.99180031e+00
-4.25398396e-03 4.99192905e+00
-4.27424954e-03 4.99204826e+00
-4.25040768e-03 4.99199581e+00
-4.26352071e-03 4.99202108e+00
-4.25517606e-03 4.99191856e+00
-4.25994443e-03 4.99207687e+00
-4.25875233e-03 4.99185419e+00
-4.23491048e-03 4.99190044e+00
-4.25756024e-03 4.99188757e+00
-4.25040768e-03 4.99191856e+00
-4.24206303e-03 4.99190903e+00
-4.24563931e-03 4.99201870e+00
-4.24563931e-03 4.99189091e+00
-4.27186536e-03 4.99192905e+00
-4.26113652e-03 4.99179697e+00
-4.24563931e-03 4.99182177e+00
-4.24683141e-03 4.99185181e+00
-4.24683141e-03 4.99192572e+00
-4.25159978e-03 4.99189711e+00
-4.24325513e-03 4.99191618e+00
-4.26948117e-03 4.99195766e+00
-4.24802350e-03 4.99187422e+00
-4.22537373e-03 4.99191475e+00
-4.26352071e-03 4.99194098e+00
-4.24087094e-03 4.99200201e+00
-4.25398396e-03 4.99195433e+00
-4.25517606e-03 4.99212217e+00
-4.25040768e-03 4.99185514e+00
-4.24802350e-03 4.99194956e+00
-4.25517606e-03 4.99203634e+00
-4.25040768e-03 4.99202204e+00
-4.25756024e-03 4.99186134e+00
-4.27782582e-03 4.99210310e+00
-4.25517606e-03 4.99204350e+00
-4.24325513e-03 4.99187088e+00
-4.27663373e-03 4.99188995e+00
-4.24563931e-03 4.99190998e+00
-4.26352071e-03 4.99177647e+00
-4.25517606e-03 4.99184322e+00
-4.25159978e-03 4.99193525e+00
-4.27544164e-03 4.99197912e+00
-4.26709699e-03 4.99196959e+00
-4.26232861e-03 4.99192333e+00
-4.24325513e-03 4.99201632e+00
-4.25398396e-03 4.99184942e+00
-4.27424954e-03 4.99187088e+00
-4.25159978e-03 4.99204111e+00
-4.23967885e-03 4.99202204e+00
-4.23848676e-03 4.99196720e+00
-4.25636815e-03 4.99197578e+00
-4.25756024e-03 4.99200678e+00
-4.24683141e-03 4.99206972e+00
-4.27067326e-03 4.99192810e+00
-4.24921559e-03 4.99198866e+00
-4.24444722e-03 4.99199009e+00
-4.26232861e-03 4.99193287e+00
-4.25636815e-03 4.99197912e+00
-4.26232861e-03 4.99188852e+00
-4.25517606e-03 4.99200201e+00
-4.24444722e-03 4.99201965e+00
-4.27186536e-03 4.99203873e+00
-4.24683141e-03 4.99200916e+00
-4.25756024e-03 4.99185419e+00
-4.26352071e-03 4.99191856e+00
-4.26709699e-03 4.99204493e+00
-4.24325513e-03 4.99197435e+00
-4.27544164e-03 4.99206877e+00
-4.24921559e-03 4.99189329e+00
-4.25994443e-03 4.99197340e+00
-4.23967885e-03 4.99191236e+00
-4.25159978e-03 4.99201155e+00
-4.24683141e-03 4.99192429e+00
-4.25756024e-03 4.99203062e+00
-4.25517606e-03 4.99200678e+00
-4.24325513e-03 4.99198627e+00
-4.26113652e-03 4.99204254e+00
-4.25398396e-03 4.99199724e+00
-4.27186536e-03 4.99207115e+00
-4.25159978e-03 4.99193525e+00
-4.26232861e-03 4.99186707e+00
-4.24444722e-03 4.99194956e+00
-4.28140210e-03 4.99201632e+00
-4.27901791e-03 4.99197435e+00
-4.24921559e-03 4.99194241e+00
-4.26471280e-03 4.99198294e+00
-4.26471280e-03 4.99184084e+00
-4.24087094e-03 4.99200678e+00
-4.24563931e-03 4.99194813e+00
-4.27186536e-03 4.99182320e+00
-4.25517606e-03 4.99201012e+00
-4.25636815e-03 4.99204588e+00
-4.24802350e-03 4.99192810e+00
-4.26352071e-03 4.99197912e+00
-4.25756024e-03 4.99190998e+00
-4.26709699e-03 4.99190998e+00
-4.26352071e-03 4.99195671e+00
-4.25875233e-03 4.99195766e+00
-4.26948117e-03 4.99190903e+00
-4.25756024e-03 4.99205065e+00
-4.25279187e-03 4.99211025e+00
-4.25040768e-03 4.99214745e+00
-4.24325513e-03 4.99193382e+00
-4.26352071e-03 4.99180984e+00
-4.25279187e-03 4.99199009e+00
-4.28021001e-03 4.99191856e+00
-4.25994443e-03 4.99194002e+00
-4.24802350e-03 4.99203634e+00
-4.24683141e-03 4.99205542e+00
-4.24802350e-03 4.99189711e+00
-4.26590489e-03 4.99195051e+00
-4.27186536e-03 4.99196386e+00
-4.24921559e-03 4.99203873e+00
-4.26590489e-03 4.99203062e+00
-4.26709699e-03 4.99199009e+00
-4.25398396e-03 4.99194002e+00
-4.25994443e-03 4.99204254e+00
-4.25398396e-03 4.99196005e+00
-4.26471280e-03 4.99205303e+00
-4.26828908e-03 4.99195910e+00
-4.25159978e-03 4.99190903e+00
-4.26709699e-03 4.99189949e+00
-4.25875233e-03 4.99200916e+00
-4.24683141e-03 4.99196148e+00
-4.25756024e-03 4.99204350e+00
-4.25994443e-03 4.99198294e+00
-4.26113652e-03 4.99204969e+00
-4.26709699e-03 4.99201727e+00
-4.26352071e-03 4.99206018e+00
-4.28378629e-03 4.99194574e+00
-4.23967885e-03 4.99211740e+00
-4.27186536e-03 4.99195528e+00
-4.26113652e-03 4.99204254e+00
-4.26352071e-03 4.99197674e+00
-4.26113652e-03 4.99198389e+00
-4.25994443e-03 4.99188757e+00
-4.25159978e-03 4.99197340e+00
-4.26232861e-03 4.99195194e+00
-4.26232861e-03 4.99202824e+00
-4.24087094e-03 4.99191141e+00
-4.24802350e-03 4.99202442e+00
-4.25398396e-03 4.99194813e+00
-4.25636815e-03 4.99202204e+00
-4.25994443e-03 4.99211740e+00
-4.25517606e-03 4.99210453e+00
-4.25875233e-03 4.99196386e+00
-4.27782582e-03 4.99194002e+00
-4.25636815e-03 4.99197674e+00
-4.25756024e-03 4.99200439e+00
-4.26590489e-03 4.99204254e+00
-4.24087094e-03 4.99209595e+00
-4.26948117e-03 4.99203396e+00
-4.26232861e-03 4.99200201e+00
-4.25517606e-03 4.99202108e+00
-4.26471280e-03 4.99183846e+00
-4.26232861e-03 4.99197435e+00
-4.27424954e-03 4.99192905e+00
-4.25994443e-03 4.99181700e+00
-4.25279187e-03 4.99190283e+00
-4.25994443e-03 4.99192190e+00
-4.25040768e-03 4.99212217e+00
-4.25279187e-03 4.99204111e+00
-4.25875233e-03 4.99193525e+00
-4.27424954e-03 4.99183607e+00
-4.25994443e-03 4.99199343e+00
-4.26113652e-03 4.99203634e+00
-4.26590489e-03 4.99192905e+00
-4.25279187e-03 4.99214029e+00
-4.26948117e-03 4.99202108e+00
-4.25398396e-03 4.99200773e+00
-4.27663373e-03 4.99191618e+00
-4.26232861e-03 4.99188852e+00
-4.27782582e-03 4.99198151e+00
-4.25756024e-03 4.99202681e+00
-4.26590489e-03 4.99194479e+00
-4.27305745e-03 4.99195051e+00
-4.26113652e-03 4.99193382e+00
-4.26471280e-03 4.99198294e+00
-4.26471280e-03 4.99203539e+00
-4.24563931e-03 4.99200535e+00
-4.24802350e-03 4.99212360e+00
-4.25279187e-03 4.99198294e+00
-4.24325513e-03 4.99198151e+00
-4.26590489e-03 4.99200296e+00
-4.25159978e-03 4.99199343e+00
-4.23967885e-03 4.99194479e+00
-4.25756024e-03 4.99198294e+00
-4.24206303e-03 4.99193621e+00
-4.27186536e-03 4.99192905e+00
-4.25756024e-03 4.99203634e+00
-4.26113652e-03 4.99200535e+00
-4.24206303e-03 4.99191141e+00
-4.26948117e-03 4.99197912e+00
-4.27186536e-03 4.99200535e+00
-4.25756024e-03 4.99206972e+00
-4.26709699e-03 4.99186134e+00
-4.26828908e-03 4.99198627e+00
-4.28259419e-03 4.99194956e+00
-4.26113652e-03 4.99188757e+00
-4.25398396e-03 4.99200201e+00
-4.24683141e-03 4.99208164e+00
-4.27067326e-03 4.99200296e+00
-4.25517606e-03 4.99200058e+00
-4.24563931e-03 4.99186468e+00
-4.25040768e-03 4.99187803e+00
-4.25159978e-03 4.99194002e+00
-4.25398396e-03 4.99193287e+00
-4.27067326e-03 4.99199104e+00
-4.26113652e-03 4.99205780e+00
-4.26828908e-03 4.99204969e+00
-4.28259419e-03 4.99200535e+00
-4.26709699e-03 4.99203062e+00
-4.28974675e-03 4.99202585e+00
-4.25994443e-03 4.99200296e+00
-4.24563931e-03 4.99192333e+00
-4.25279187e-03 4.99210691e+00
-4.25398396e-03 4.99203634e+00
-4.25875233e-03 4.99206257e+00
-4.25159978e-03 4.99192905e+00
-4.25040768e-03 4.99201727e+00
-4.25159978e-03 4.99204254e+00
-4.24444722e-03 4.99193764e+00
-4.25994443e-03 4.99182320e+00
-4.26352071e-03 4.99212217e+00
-4.25636815e-03 4.99189949e+00
-4.25159978e-03 4.99203062e+00
-4.25994443e-03 4.99207592e+00
-4.25398396e-03 4.99192429e+00
-4.25159978e-03 4.99181604e+00
-4.26232861e-03 4.99184799e+00
-4.24563931e-03 4.99188280e+00
-4.24444722e-03 4.99207926e+00
-4.27067326e-03 4.99191856e+00
-4.26232861e-03 4.99202919e+00
-4.25279187e-03 4.99197435e+00
-4.27901791e-03 4.99193382e+00
-4.27424954e-03 4.99203777e+00
-4.26709699e-03 4.99200058e+00
-4.28140210e-03 4.99194479e+00
-4.26590489e-03 4.99212456e+00
-4.25517606e-03 4.99193048e+00
-4.26590489e-03 4.99196005e+00
-4.26471280e-03 4.99201632e+00
-4.25875233e-03 4.99193621e+00
-4.26471280e-03 4.99190283e+00
-4.25040768e-03 4.99198532e+00
-4.25279187e-03 4.99203300e+00
-4.25994443e-03 4.99201250e+00
-4.26948117e-03 4.99193621e+00
-4.24921559e-03 4.99188519e+00
-4.27067326e-03 4.99216890e+00
-4.25159978e-03 4.99212456e+00
-4.25875233e-03 4.99195290e+00
-4.24802350e-03 4.99193048e+00
-4.24325513e-03 4.99190903e+00
-4.25040768e-03 4.99196720e+00
-4.26232861e-03 4.99208307e+00
-4.25994443e-03 4.99199104e+00
-4.26113652e-03 4.99193859e+00
-4.24921559e-03 4.99194336e+00
-4.24921559e-03 4.99198151e+00
-4.25875233e-03 4.99200058e+00
-4.26590489e-03 4.99210215e+00
-4.25159978e-03 4.99208879e+00
-4.25398396e-03 4.99197912e+00
-4.25040768e-03 4.99193287e+00
-4.25517606e-03 4.99200201e+00
-4.25517606e-03 4.99204493e+00
-4.27067326e-03 4.99188995e+00
-4.26232861e-03 4.99185038e+00
-4.24683141e-03 4.99191236e+00
-4.25159978e-03 4.99204969e+00
-4.25517606e-03 4.99195194e+00
-4.25875233e-03 4.99206257e+00
-4.25875233e-03 4.99201250e+00
-4.26113652e-03 4.99192095e+00
-4.26232861e-03 4.99183273e+00
-4.26232861e-03 4.99198389e+00
-4.25994443e-03 4.99209595e+00
-4.25994443e-03 4.99203062e+00
-4.25517606e-03 4.99209976e+00
-4.25994443e-03 4.99189472e+00
-4.25756024e-03 4.99205780e+00
-4.26352071e-03 4.99208546e+00
-4.26471280e-03 4.99200058e+00
-4.24325513e-03 4.99205923e+00
-4.26352071e-03 4.99192667e+00
-4.27663373e-03 4.99205446e+00
-4.26828908e-03 4.99199343e+00
-4.26590489e-03 4.99203539e+00
-4.27544164e-03 4.99196005e+00
-4.24563931e-03 4.99202347e+00
-4.24563931e-03 4.99205208e+00
-4.27424954e-03 4.99197578e+00
-4.25398396e-03 4.99198866e+00
-4.24921559e-03 4.99188137e+00
-4.25279187e-03 4.99184942e+00
-4.24683141e-03 4.99190521e+00
-4.28021001e-03 4.99201632e+00
-4.25994443e-03 4.99205208e+00
-4.23967885e-03 4.99197340e+00
-4.25159978e-03 4.99198055e+00
-4.26232861e-03 4.99204826e+00
-4.26352071e-03 4.99196720e+00
-4.26471280e-03 4.99199581e+00
-4.26590489e-03 4.99209595e+00
-4.25756024e-03 4.99204969e+00
-4.26590489e-03 4.99207115e+00
-4.23967885e-03 4.99195051e+00
-4.25994443e-03 4.99188375e+00
-4.25756024e-03 4.99204493e+00
-4.25398396e-03 4.99217463e+00
-4.24921559e-03 4.99189806e+00
-4.25756024e-03 4.99196720e+00
-4.26828908e-03 4.99214363e+00
-4.24921559e-03 4.99202108e+00
-4.25517606e-03 4.99212933e+00
-4.26352071e-03 4.99193144e+00
-4.26709699e-03 4.99211264e+00
-4.26113652e-03 4.99194717e+00
-4.26709699e-03 4.99212456e+00
-4.25636815e-03 4.99209499e+00
-4.25636815e-03 4.99201393e+00
-4.25279187e-03 4.99203634e+00
-4.26352071e-03 4.99196959e+00
-4.25875233e-03 4.99210930e+00
-4.24921559e-03 4.99203396e+00
-4.24683141e-03 4.99202108e+00
-4.25756024e-03 4.99210453e+00
-4.25517606e-03 4.99197912e+00
-4.26828908e-03 4.99217844e+00
-4.26948117e-03 4.99204969e+00
-4.26471280e-03 4.99191856e+00
-4.26828908e-03 4.99210691e+00
-4.26232861e-03 4.99208784e+00
-4.28736256e-03 4.99199247e+00
-4.26948117e-03 4.99211740e+00
-4.26828908e-03 4.99208641e+00
-4.26352071e-03 4.99194002e+00
-4.25875233e-03 4.99198532e+00
-4.26471280e-03 4.99208164e+00
-4.26828908e-03 4.99203396e+00
-4.28736256e-03 4.99213076e+00
-4.27663373e-03 4.99200678e+00
-4.24921559e-03 4.99200535e+00
-4.26352071e-03 4.99192667e+00
-4.26232861e-03 4.99195290e+00
-4.26113652e-03 4.99196005e+00
-4.26590489e-03 4.99206972e+00
-4.25636815e-03 4.99197102e+00
-4.25517606e-03 4.99211740e+00
-4.24802350e-03 4.99203157e+00
-4.24921559e-03 4.99202347e+00
-4.26232861e-03 4.99212837e+00
-4.25994443e-03 4.99209118e+00
-4.26590489e-03 4.99202824e+00
-4.25875233e-03 4.99208403e+00
-4.25994443e-03 4.99207449e+00
-4.26113652e-03 4.99203062e+00
-4.25756024e-03 4.99188519e+00
-4.25517606e-03 4.99194479e+00
-4.25517606e-03 4.99203634e+00
-4.25398396e-03 4.99215698e+00
-4.25756024e-03 4.99194717e+00
-4.25756024e-03 4.99204969e+00
-4.23967885e-03 4.99204016e+00
-4.26590489e-03 4.99201393e+00
-4.27186536e-03 4.99202204e+00
-4.26113652e-03 4.99204350e+00
-4.25636815e-03 4.99205780e+00
-4.23967885e-03 4.99203157e+00
-4.26113652e-03 4.99215317e+00
-4.26709699e-03 4.99203300e+00
-4.25756024e-03 4.99205780e+00
-4.27067326e-03 4.99214983e+00
-4.25279187e-03 4.99208164e+00
-4.26828908e-03 4.99189711e+00
-4.28021001e-03 4.99211740e+00
-4.25279187e-03 4.99206257e+00
-4.25159978e-03 4.99202681e+00
-4.23848676e-03 4.99204254e+00
-4.24325513e-03 4.99194098e+00
-4.27186536e-03 4.99199724e+00
-4.25636815e-03 4.99213314e+00
-4.25994443e-03 4.99194574e+00
-4.25756024e-03 4.99191952e+00
-4.23967885e-03 4.99199486e+00
-4.26232861e-03 4.99194336e+00
-4.26948117e-03 4.99206734e+00
-4.26113652e-03 4.99199009e+00
-4.25040768e-03 4.99201727e+00
-4.26232861e-03 4.99206495e+00
-4.26828908e-03 4.99200535e+00
-4.26113652e-03 4.99192810e+00
-4.27067326e-03 4.99207830e+00
-4.26113652e-03 4.99216986e+00
-4.26590489e-03 4.99202681e+00
-4.25636815e-03 4.99213648e+00
-4.25875233e-03 4.99203634e+00
-4.25517606e-03 4.99205542e+00
-4.28021001e-03 4.99200296e+00
-4.24802350e-03 4.99200296e+00
-4.25517606e-03 4.99198151e+00
-4.26590489e-03 4.99202585e+00
-4.26948117e-03 4.99209738e+00
-4.26352071e-03 4.99192667e+00
-4.26948117e-03 4.99206638e+00
-4.25875233e-03 4.99194574e+00
-4.24802350e-03 4.99202442e+00
-4.25636815e-03 4.99202824e+00
-4.25398396e-03 4.99191952e+00
-4.26709699e-03 4.99201727e+00
-4.25875233e-03 4.99199581e+00
-4.25159978e-03 4.99192572e+00
-4.25040768e-03 4.99185038e+00
-4.25636815e-03 4.99207830e+00
-4.25756024e-03 4.99194956e+00
-4.26709699e-03 4.99195290e+00
-4.26948117e-03 4.99201155e+00
-4.25517606e-03 4.99203777e+00
-4.25756024e-03 4.99194813e+00
-4.25040768e-03 4.99193859e+00
-4.24563931e-03 4.99198055e+00
-4.26352071e-03 4.99203157e+00
-4.26709699e-03 4.99191618e+00
-4.28259419e-03 4.99209833e+00
-4.25159978e-03 4.99181128e+00
-4.25875233e-03 4.99198389e+00
-4.25398396e-03 4.99196386e+00
-4.25994443e-03 4.99193287e+00
-4.26113652e-03 4.99201393e+00
-4.23967885e-03 4.99202919e+00
-4.25994443e-03 4.99195051e+00
-4.26352071e-03 4.99196148e+00
-4.26709699e-03 4.99199247e+00
-4.24563931e-03 4.99195910e+00
-4.25517606e-03 4.99185896e+00
-4.25994443e-03 4.99187899e+00
-4.23729466e-03 4.99201965e+00
-4.25636815e-03 4.99205780e+00
-4.24325513e-03 4.99197912e+00
-4.26113652e-03 4.99196386e+00
-4.24325513e-03 4.99210310e+00
-4.25398396e-03 4.99201393e+00
-4.26113652e-03 4.99193048e+00
-4.26352071e-03 4.99199963e+00
-4.24683141e-03 4.99186945e+00
-4.25875233e-03 4.99195194e+00
-4.25875233e-03 4.99194336e+00
-4.24921559e-03 4.99210787e+00
-4.26828908e-03 4.99199104e+00
-4.25517606e-03 4.99198771e+00
-4.26113652e-03 4.99195194e+00
-4.25279187e-03 4.99191856e+00
-4.24921559e-03 4.99198294e+00
-4.26232861e-03 4.99200296e+00
-4.24325513e-03 4.99199343e+00
-4.26352071e-03 4.99203777e+00
-4.27663373e-03 4.99179697e+00
-4.25875233e-03 4.99198294e+00
-4.24683141e-03 4.99196005e+00
-4.24683141e-03 4.99191141e+00
-4.25040768e-03 4.99180031e+00
-4.26590489e-03 4.99199247e+00
-4.24444722e-03 4.99188852e+00
-4.24206303e-03 4.99185753e+00
-4.25279187e-03 4.99189091e+00
-4.26352071e-03 4.99180174e+00
-4.27901791e-03 4.99189329e+00
-4.27424954e-03 4.99193621e+00
-4.26590489e-03 4.99208307e+00
-4.27544164e-03 4.99200678e+00
-4.25875233e-03 4.99195671e+00
-4.25517606e-03 4.99201488e+00
-4.26232861e-03 4.99196243e+00
-4.27186536e-03 4.99201727e+00
-4.24921559e-03 4.99206161e+00
-4.26352071e-03 4.99206877e+00
-4.26113652e-03 4.99208546e+00
-4.24802350e-03 4.99186230e+00
-4.25279187e-03 4.99184704e+00
-4.24921559e-03 4.99203396e+00
-4.26352071e-03 4.99199581e+00
-4.25398396e-03 4.99198294e+00
-4.25040768e-03 4.99194336e+00
-4.27067326e-03 4.99203777e+00
-4.26948117e-03 4.99194336e+00
-4.25398396e-03 4.99193048e+00
-4.25279187e-03 4.99192429e+00
-4.25159978e-03 4.99185038e+00
-4.27782582e-03 4.99187660e+00
-4.26113652e-03 4.99198627e+00
-4.25279187e-03 4.99195433e+00
-4.24802350e-03 4.99200439e+00
-4.24444722e-03 4.99187899e+00
-4.24802350e-03 4.99207687e+00
-4.25279187e-03 4.99205065e+00
-4.26113652e-03 4.99202919e+00
-4.23848676e-03 4.99205208e+00
-4.25159978e-03 4.99189472e+00
-4.27186536e-03 4.99198771e+00
-4.26352071e-03 4.99198294e+00
-4.26352071e-03 4.99211168e+00
-4.26352071e-03 4.99192333e+00
-4.25994443e-03 4.99198151e+00
-4.24683141e-03 4.99207592e+00
-4.27067326e-03 4.99198866e+00
-4.27782582e-03 4.99188995e+00
-4.23371838e-03 4.99211740e+00
-4.25756024e-03 4.99206495e+00
-4.23729466e-03 4.99187565e+00
-4.26590489e-03 4.99199104e+00
-4.26471280e-03 4.99196863e+00
-4.24683141e-03 4.99192095e+00
-4.25517606e-03 4.99205685e+00
-4.24325513e-03 4.99195910e+00
-4.25875233e-03 4.99200439e+00
-4.26709699e-03 4.99199009e+00
-4.26709699e-03 4.99199581e+00
-4.25875233e-03 4.99213076e+00
-4.25398396e-03 4.99193621e+00
-4.27067326e-03 4.99184227e+00
-4.25994443e-03 4.99200058e+00
-4.25875233e-03 4.99204016e+00
-4.25159978e-03 4.99191141e+00
-4.26709699e-03 4.99207354e+00
-4.24325513e-03 4.99193525e+00
-4.24921559e-03 4.99196148e+00
-4.25517606e-03 4.99200916e+00
-4.26590489e-03 4.99189806e+00
-4.23848676e-03 4.99203062e+00
-4.24087094e-03 4.99202585e+00
-4.25517606e-03 4.99189329e+00
-4.23371838e-03 4.99198055e+00
-4.26113652e-03 4.99183512e+00
-4.24325513e-03 4.99205542e+00
-4.25040768e-03 4.99198151e+00
-4.25636815e-03 4.99206018e+00
-4.26232861e-03 4.99205685e+00
-4.26590489e-03 4.99199724e+00
-4.27186536e-03 4.99203062e+00
-4.27663373e-03 4.99196863e+00
-4.25875233e-03 4.99195766e+00
-4.25398396e-03 4.99195290e+00
-4.26590489e-03 4.99197817e+00
-4.25756024e-03 4.99196148e+00
-4.25994443e-03 4.99191952e+00
-4.25159978e-03 4.99203777e+00
-4.27424954e-03 4.99199724e+00
-4.25279187e-03 4.99202108e+00
-4.24921559e-03 4.99194002e+00
-4.25875233e-03 4.99204016e+00
-4.26590489e-03 4.99197912e+00
-4.26232861e-03 4.99207115e+00
-4.26113652e-03 4.99200916e+00
-4.25756024e-03 4.99186230e+00
-4.24087094e-03 4.99190521e+00
-4.26352071e-03 4.99202585e+00
-4.24325513e-03 4.99188852e+00
-4.25040768e-03 4.99193144e+00
-4.26232861e-03 4.99202204e+00
-4.28140210e-03 4.99199486e+00
-4.25994443e-03 4.99200058e+00
-4.28259419e-03 4.99192905e+00
-4.25994443e-03 4.99199963e+00
-4.26590489e-03 4.99198771e+00
-4.27186536e-03 4.99205065e+00
-4.26471280e-03 4.99191618e+00
-4.27424954e-03 4.99192333e+00
-4.25279187e-03 4.99190283e+00
-4.26113652e-03 4.99203634e+00
-4.26828908e-03 4.99196720e+00
-4.25994443e-03 4.99200201e+00
-4.25279187e-03 4.99204588e+00
-4.24921559e-03 4.99209499e+00
-4.25040768e-03 4.99197102e+00
-4.26828908e-03 4.99195766e+00
-4.25994443e-03 4.99198627e+00
-4.25636815e-03 4.99201155e+00
-4.25398396e-03 4.99201870e+00
-4.25398396e-03 4.99205542e+00
-4.26352071e-03 4.99186945e+00
-4.25994443e-03 4.99202347e+00
-4.26590489e-03 4.99211168e+00
-4.25159978e-03 4.99210215e+00
-4.25517606e-03 4.99202681e+00
-4.25517606e-03 4.99205780e+00
-4.25517606e-03 4.99197912e+00
-4.26590489e-03 4.99186850e+00
-4.25517606e-03 4.99199104e+00
-4.27424954e-03 4.99210691e+00
-4.26709699e-03 4.99212217e+00
-4.27901791e-03 4.99215937e+00
-4.26113652e-03 4.99190044e+00
-4.25636815e-03 4.99209023e+00
-4.26709699e-03 4.99199009e+00
-4.24683141e-03 4.99205542e+00
-4.25636815e-03 4.99188995e+00
-4.26113652e-03 4.99213648e+00
-4.26352071e-03 4.99198627e+00
-4.25517606e-03 4.99197674e+00
-4.25517606e-03 4.99190426e+00
-4.24563931e-03 4.99189091e+00
-4.26471280e-03 4.99207354e+00
-4.23610257e-03 4.99195528e+00
-4.25636815e-03 4.99199724e+00
-4.26352071e-03 4.99197340e+00
-4.28021001e-03 4.99202347e+00
-4.25875233e-03 4.99191380e+00
-4.27186536e-03 4.99196863e+00
-4.27067326e-03 4.99206734e+00
-4.26352071e-03 4.99200201e+00
-4.26232861e-03 4.99198055e+00
-4.26709699e-03 4.99197340e+00
-4.26113652e-03 4.99193764e+00
-4.25636815e-03 4.99198151e+00
-4.24206303e-03 4.99200439e+00
-4.24563931e-03 4.99195910e+00
-4.27901791e-03 4.99200296e+00
-4.26471280e-03 4.99201870e+00
-4.26113652e-03 4.99193859e+00
-4.28021001e-03 4.99208307e+00
-4.26113652e-03 4.99202824e+00
-4.25756024e-03 4.99198771e+00
-4.25756024e-03 4.99204588e+00
-4.26352071e-03 4.99201965e+00
-4.25398396e-03 4.99198771e+00
-4.25756024e-03 4.99202347e+00
-4.24921559e-03 4.99190760e+00
-4.25040768e-03 4.99209118e+00
-4.25279187e-03 4.99196386e+00
-4.24325513e-03 4.99191856e+00
-4.27186536e-03 4.99203396e+00
-4.27305745e-03 4.99200439e+00
-4.27424954e-03 4.99212694e+00
-4.28617047e-03 4.99190426e+00
-4.25398396e-03 4.99197674e+00
-4.26113652e-03 4.99194336e+00
-4.27901791e-03 4.99196005e+00
-4.25636815e-03 4.99204588e+00
-4.27305745e-03 4.99196386e+00
-4.26948117e-03 4.99221420e+00
-4.26113652e-03 4.99203777e+00
-4.26471280e-03 4.99200535e+00
-4.26709699e-03 4.99195194e+00
-4.26471280e-03 4.99201727e+00
-4.25756024e-03 4.99200439e+00
-4.25994443e-03 4.99209499e+00
-4.25994443e-03 4.99186945e+00
-4.28140210e-03 4.99208546e+00
-4.27663373e-03 4.99201727e+00
-4.25636815e-03 4.99203157e+00
-4.24206303e-03 4.99203539e+00
-4.25159978e-03 4.99208307e+00
-4.25994443e-03 4.99200296e+00
-4.25756024e-03 4.99207449e+00
-4.26352071e-03 4.99197102e+00
-4.25636815e-03 4.99199963e+00
-4.25040768e-03 4.99205303e+00
-4.25279187e-03 4.99211407e+00
-4.23848676e-03 4.99203300e+00
-4.26352071e-03 4.99205303e+00
-4.24087094e-03 4.99206257e+00
-4.24921559e-03 4.99208069e+00
-4.25636815e-03 4.99208879e+00
-4.25040768e-03 4.99214983e+00
-4.26590489e-03 4.99186707e+00
-4.26352071e-03 4.99202919e+00
-4.26113652e-03 4.99189711e+00
-4.25517606e-03 4.99194241e+00
-4.25517606e-03 4.99193859e+00
-4.27186536e-03 4.99193859e+00
-4.26948117e-03 4.99198389e+00
-4.26113652e-03 4.99195194e+00
-4.25636815e-03 4.99205780e+00
-4.26590489e-03 4.99201870e+00
-4.24802350e-03 4.99207354e+00
-4.28140210e-03 4.99210691e+00
-4.26352071e-03 4.99196625e+00
-4.26232861e-03 4.99195766e+00
-4.25875233e-03 4.99202347e+00
-4.25517606e-03 4.99194098e+00
-4.24683141e-03 4.99205208e+00
-4.25636815e-03 4.99190426e+00
-4.24444722e-03 4.99191380e+00
-4.25279187e-03 4.99211168e+00
-4.28259419e-03 4.99195194e+00
-4.25756024e-03 4.99213409e+00
-4.26232861e-03 4.99205542e+00
-4.26590489e-03 4.99194098e+00
-4.25636815e-03 4.99206495e+00
-4.26471280e-03 4.99196863e+00
-4.25398396e-03 4.99202108e+00
-4.25994443e-03 4.99201965e+00
-4.25636815e-03 4.99204111e+00
-4.25398396e-03 4.99205923e+00
-4.25040768e-03 4.99191952e+00
-4.26590489e-03 4.99205446e+00
-4.25875233e-03 4.99191952e+00
-4.27424954e-03 4.99203062e+00
-4.25398396e-03 4.99201632e+00
-4.28021001e-03 4.99197817e+00
-4.25875233e-03 4.99194479e+00
-4.25636815e-03 4.99201393e+00
-4.26948117e-03 4.99207354e+00
-4.26352071e-03 4.99192810e+00
-4.25994443e-03 4.99200296e+00
-4.25875233e-03 4.99199247e+00
-4.26471280e-03 4.99206400e+00
-4.26471280e-03 4.99213648e+00
-4.26352071e-03 4.99198389e+00
-4.26113652e-03 4.99202681e+00
-4.26590489e-03 4.99196386e+00
-4.26709699e-03 4.99186134e+00
-4.25398396e-03 4.99204350e+00
-4.27305745e-03 4.99206400e+00
-4.26590489e-03 4.99196386e+00
-4.24325513e-03 4.99193621e+00
-4.26948117e-03 4.99203634e+00
-4.27782582e-03 4.99204254e+00
-4.25636815e-03 4.99209356e+00
-4.24683141e-03 4.99199820e+00
-4.25159978e-03 4.99197197e+00
-4.26709699e-03 4.99205780e+00
-4.25636815e-03 4.99196625e+00
-4.24325513e-03 4.99190760e+00
-4.26948117e-03 4.99200773e+00
-4.24444722e-03 4.99210072e+00
-4.25279187e-03 4.99210548e+00
-4.26471280e-03 4.99203873e+00
-4.23014211e-03 4.99203396e+00
-4.27067326e-03 4.99195290e+00
-4.25159978e-03 4.99195910e+00
-4.26113652e-03 4.99203396e+00
-4.24563931e-03 4.99194002e+00
-4.24683141e-03 4.99201965e+00
-4.25875233e-03 4.99196243e+00
-4.25159978e-03 4.99205446e+00
-4.25517606e-03 4.99188042e+00
-4.25159978e-03 4.99217367e+00
-4.27424954e-03 4.99198771e+00
-4.25875233e-03 4.99206734e+00
-4.24802350e-03 4.99198389e+00
-4.25398396e-03 4.99214840e+00
-4.25875233e-03 4.99193764e+00
-4.25636815e-03 4.99192095e+00
-4.23252629e-03 4.99207354e+00
-4.24325513e-03 4.99210787e+00
-4.27424954e-03 4.99206018e+00
-4.25517606e-03 4.99203157e+00
-4.25636815e-03 4.99191856e+00
-4.26352071e-03 4.99186611e+00
-4.25159978e-03 4.99193048e+00
-4.25636815e-03 4.99206018e+00
-4.25279187e-03 4.99196005e+00
-4.25756024e-03 4.99211025e+00
-4.25756024e-03 4.99210930e+00
-4.25159978e-03 4.99203777e+00
-4.24921559e-03 4.99216890e+00
-4.26828908e-03 4.99205303e+00
-4.26113652e-03 4.99200296e+00
-4.25517606e-03 4.99192429e+00
-4.25040768e-03 4.99209023e+00
-4.25517606e-03 4.99203873e+00
-4.25279187e-03 4.99209595e+00
-4.26232861e-03 4.99197435e+00
-4.26590489e-03 4.99195910e+00
-4.25994443e-03 4.99202585e+00
-4.25756024e-03 4.99217606e+00
-4.24921559e-03 4.99195910e+00
-4.24683141e-03 4.99208641e+00
-4.25756024e-03 4.99197674e+00
-4.25159978e-03 4.99186373e+00
-4.25517606e-03 4.99193287e+00
-4.24802350e-03 4.99204588e+00
-4.26352071e-03 4.99204969e+00
-4.26709699e-03 4.99190903e+00
-4.25636815e-03 4.99193621e+00
-4.24206303e-03 4.99194479e+00
-4.26590489e-03 4.99200535e+00
-4.25517606e-03 4.99197435e+00
-4.25040768e-03 4.99202347e+00
-4.26709699e-03 4.99189806e+00
-4.24683141e-03 4.99196482e+00
-4.27186536e-03 4.99192572e+00
-4.26828908e-03 4.99196720e+00
-4.25279187e-03 4.99200296e+00
-4.25159978e-03 4.99203634e+00
-4.26232861e-03 4.99202108e+00
-4.25875233e-03 4.99206161e+00
-4.27663373e-03 4.99194002e+00
-4.23848676e-03 4.99203396e+00
-4.25279187e-03 4.99199009e+00
-4.25040768e-03 4.99190760e+00
-4.25040768e-03 4.99199486e+00
-4.25875233e-03 4.99196386e+00
-4.27305745e-03 4.99188757e+00
-4.25756024e-03 4.99193859e+00
-4.25756024e-03 4.99196148e+00
-4.25159978e-03 4.99209738e+00
-4.25756024e-03 4.99204254e+00
-4.27424954e-03 4.99193287e+00
-4.25756024e-03 4.99190426e+00
-4.28497838e-03 4.99202585e+00
-4.25994443e-03 4.99199486e+00
-4.25398396e-03 4.99190521e+00
-4.25994443e-03 4.99202919e+00
-4.24325513e-03 4.99203300e+00
-4.26590489e-03 4.99183989e+00
-4.27424954e-03 4.99198866e+00
-4.25040768e-03 4.99200439e+00
-4.26948117e-03 4.99195910e+00
-4.26113652e-03 4.99193287e+00
-4.27544164e-03 4.99211407e+00
-4.26471280e-03 4.99193144e+00
-4.24206303e-03 4.99196386e+00
-4.28378629e-03 4.99198532e+00
-4.28140210e-03 4.99211168e+00
-4.25159978e-03 4.99202442e+00
-4.25875233e-03 4.99198294e+00
-4.25875233e-03 4.99194241e+00
-4.26590489e-03 4.99204826e+00
-4.26709699e-03 4.99202824e+00
-4.28497838e-03 4.99198294e+00
-4.26709699e-03 4.99199486e+00
-4.25636815e-03 4.99203777e+00
-4.26352071e-03 4.99200296e+00
-4.26709699e-03 4.99200773e+00
-4.25040768e-03 4.99197578e+00
-4.26232861e-03 4.99197912e+00
-4.25875233e-03 4.99198389e+00
-4.24683141e-03 4.99200773e+00
-4.25636815e-03 4.99199581e+00
-4.26828908e-03 4.99207449e+00
-4.24444722e-03 4.99204016e+00
-4.24921559e-03 4.99200296e+00
-4.25398396e-03 4.99190426e+00
-4.26709699e-03 4.99205446e+00
-4.27305745e-03 4.99210310e+00
-4.24921559e-03 4.99209023e+00
-4.26590489e-03 4.99208307e+00
-4.24444722e-03 4.99207211e+00
-4.25398396e-03 4.99209118e+00
-4.27305745e-03 4.99211884e+00
-4.27901791e-03 4.99209118e+00
-4.26471280e-03 4.99199486e+00
-4.26709699e-03 4.99208546e+00
-4.26828908e-03 4.99198771e+00
-4.26709699e-03 4.99203157e+00
-4.25636815e-03 4.99213076e+00
-4.24683141e-03 4.99192667e+00
-4.24206303e-03 4.99211264e+00
-4.24921559e-03 4.99199724e+00
-4.25517606e-03 4.99187660e+00
-4.24921559e-03 4.99195766e+00
-4.27544164e-03 4.99207115e+00
-4.26113652e-03 4.99199486e+00
-4.24683141e-03 4.99203062e+00
-4.24802350e-03 4.99199724e+00
-4.26471280e-03 4.99205542e+00
-4.26471280e-03 4.99209833e+00
-4.23371838e-03 4.99201393e+00
-4.24325513e-03 4.99199247e+00
-4.24921559e-03 4.99206018e+00
-4.24206303e-03 4.99207449e+00
-4.27424954e-03 4.99212217e+00
-4.26352071e-03 4.99208164e+00
-4.25279187e-03 4.99203873e+00
-4.27663373e-03 4.99201727e+00
-4.25875233e-03 4.99202919e+00
-4.26352071e-03 4.99204588e+00
-4.25875233e-03 4.99196482e+00
-4.26352071e-03 4.99208164e+00
-4.26590489e-03 4.99201012e+00
-4.25159978e-03 4.99201155e+00
-4.27067326e-03 4.99215460e+00
-4.27901791e-03 4.99207592e+00
-4.25756024e-03 4.99200916e+00
-4.27186536e-03 4.99186468e+00
-4.28378629e-03 4.99207449e+00
-4.26352071e-03 4.99195671e+00
-4.28140210e-03 4.99199104e+00
-4.26471280e-03 4.99200773e+00
-4.25756024e-03 4.99201250e+00
-4.25517606e-03 4.99209833e+00
-4.25994443e-03 4.99193287e+00
-4.26471280e-03 4.99203062e+00
-4.25040768e-03 4.99190426e+00
-4.26590489e-03 4.99196148e+00
-4.27067326e-03 4.99219370e+00
-4.25279187e-03 4.99201393e+00
-4.27663373e-03 4.99196386e+00
-4.24444722e-03 4.99197435e+00
-4.26352071e-03 4.99202681e+00
-4.25159978e-03 4.99204111e+00
-4.26590489e-03 4.99196863e+00
-4.24802350e-03 4.99198771e+00
-4.27901791e-03 4.99223900e+00
-4.26709699e-03 4.99195766e+00
-4.26590489e-03 4.99206018e+00
-4.26232861e-03 4.99196863e+00
-4.25636815e-03 4.99213791e+00
-4.27544164e-03 4.99210310e+00
-4.28140210e-03 4.99207354e+00
-4.26590489e-03 4.99212217e+00
-4.26590489e-03 4.99204588e+00
-4.27067326e-03 4.99206972e+00
-4.26113652e-03 4.99208784e+00
-4.25636815e-03 4.99201727e+00
-4.25994443e-03 4.99206877e+00
-4.25994443e-03 4.99188995e+00
-4.26232861e-03 4.99203777e+00
-4.24087094e-03 4.99209356e+00
-4.27067326e-03 4.99197912e+00
-4.25875233e-03 4.99206877e+00
-4.25040768e-03 4.99215317e+00
-4.25159978e-03 4.99206400e+00
-4.25159978e-03 4.99205542e+00
-4.26113652e-03 4.99207687e+00
-4.25875233e-03 4.99203300e+00
-4.25875233e-03 4.99195433e+00
-4.24563931e-03 4.99203873e+00
-4.26113652e-03 4.99214506e+00
-4.26709699e-03 4.99206400e+00
-4.27186536e-03 4.99216509e+00
-4.26590489e-03 4.99204111e+00
-4.26113652e-03 4.99202585e+00
-4.26352071e-03 4.99200058e+00
-4.26948117e-03 4.99218798e+00
-4.26232861e-03 4.99206400e+00
-4.24802350e-03 4.99195766e+00
-4.24802350e-03 4.99203300e+00
-4.25756024e-03 4.99212217e+00
-4.26709699e-03 4.99211168e+00
-4.25994443e-03 4.99190760e+00
-4.25756024e-03 4.99216509e+00
-4.25159978e-03 4.99206734e+00
-4.26113652e-03 4.99206734e+00
-4.26352071e-03 4.99210072e+00
-4.27186536e-03 4.99206638e+00
-4.25875233e-03 4.99202347e+00
-4.26232861e-03 4.99209118e+00
-4.27305745e-03 4.99202585e+00
-4.24921559e-03 4.99204350e+00
-4.24921559e-03 4.99200535e+00
-4.25159978e-03 4.99202204e+00
-4.24802350e-03 4.99206018e+00
-4.25994443e-03 4.99208307e+00
-4.25279187e-03 4.99212456e+00
-4.26471280e-03 4.99195910e+00
-4.26828908e-03 4.99211979e+00
-4.27782582e-03 4.99215078e+00
-4.26352071e-03 4.99199104e+00
-4.25279187e-03 4.99204826e+00
-4.27305745e-03 4.99216175e+00
-4.28021001e-03 4.99211264e+00
-4.25636815e-03 4.99207687e+00
-4.24444722e-03 4.99209976e+00
-4.26471280e-03 4.99210453e+00
-4.26471280e-03 4.99193144e+00
-4.25398396e-03 4.99196005e+00
-4.27663373e-03 4.99199724e+00
-4.26709699e-03 4.99197197e+00
-4.26471280e-03 4.99209595e+00
-4.25398396e-03 4.99192905e+00
-4.25994443e-03 4.99202585e+00
-4.27424954e-03 4.99215555e+00
-4.27067326e-03 4.99198627e+00
-4.24683141e-03 4.99196386e+00
-4.25040768e-03 4.99205780e+00
-4.28974675e-03 4.99213409e+00
-4.26232861e-03 4.99208307e+00
-4.26232861e-03 4.99200535e+00
-4.26948117e-03 4.99200678e+00
-4.24921559e-03 4.99203396e+00
-4.27067326e-03 4.99203539e+00
-4.26709699e-03 4.99210310e+00
-4.26709699e-03 4.99199486e+00
-4.25398396e-03 4.99202442e+00
-4.24325513e-03 4.99209833e+00
-4.26590489e-03 4.99200058e+00
-4.25040768e-03 4.99209976e+00
-4.26113652e-03 4.99207592e+00
-4.24921559e-03 4.99194956e+00
-4.26828908e-03 4.99204350e+00
-4.26590489e-03 4.99195910e+00
-4.26471280e-03 4.99191856e+00
-4.24683141e-03 4.99214506e+00
-4.24802350e-03 4.99201870e+00
-4.25040768e-03 4.99200916e+00
-4.24206303e-03 4.99204826e+00
-4.26352071e-03 4.99205446e+00
-4.25398396e-03 4.99221182e+00
-4.26113652e-03 4.99204731e+00
-4.26113652e-03 4.99205303e+00
-4.25279187e-03 4.99209833e+00
-4.25994443e-03 4.99200916e+00
-4.25398396e-03 4.99193621e+00
-4.25159978e-03 4.99209499e+00
-4.25040768e-03 4.99191713e+00
-4.25279187e-03 4.99205542e+00
-4.24802350e-03 4.99208069e+00
-4.25398396e-03 4.99202442e+00
-4.27424954e-03 4.99211025e+00
-4.27782582e-03 4.99202919e+00
-4.25159978e-03 4.99201012e+00
-4.26471280e-03 4.99195290e+00
-4.24683141e-03 4.99216032e+00
-4.25636815e-03 4.99214363e+00
-4.25398396e-03 4.99201965e+00
-4.26232861e-03 4.99204254e+00
-4.25994443e-03 4.99202824e+00
-4.26590489e-03 4.99205065e+00
-4.25875233e-03 4.99199724e+00
-4.23967885e-03 4.99207592e+00
-4.26471280e-03 4.99194241e+00
-4.26232861e-03 4.99203396e+00
-4.25875233e-03 4.99204493e+00
-4.26828908e-03 4.99198771e+00
-4.25994443e-03 4.99203157e+00
-4.25398396e-03 4.99211168e+00
-4.26113652e-03 4.99205065e+00
-4.25636815e-03 4.99199247e+00
-4.24921559e-03 4.99194479e+00
-4.25636815e-03 4.99203300e+00
-4.26828908e-03 4.99208403e+00
-4.26232861e-03 4.99197912e+00
-4.26828908e-03 4.99211407e+00
-4.26352071e-03 4.99212456e+00
-4.26232861e-03 4.99190426e+00
-4.26232861e-03 4.99199343e+00
-4.24563931e-03 4.99189472e+00
-4.26828908e-03 4.99206638e+00
-4.24444722e-03 4.99204254e+00
-4.24683141e-03 4.99202108e+00
-4.25875233e-03 4.99198389e+00
-4.26352071e-03 4.99205542e+00
-4.23967885e-03 4.99211884e+00
-4.25040768e-03 4.99196720e+00
-4.25994443e-03 4.99204111e+00
-4.24683141e-03 4.99201727e+00
-4.25875233e-03 4.99208307e+00
-4.25398396e-03 4.99190760e+00
-4.23729466e-03 4.99201870e+00
-4.25756024e-03 4.99199486e+00
-4.23848676e-03 4.99209738e+00
-4.26232861e-03 4.99205065e+00
-4.26232861e-03 4.99208403e+00
-4.24921559e-03 4.99207449e+00
-4.26113652e-03 4.99211025e+00
-4.26828908e-03 4.99213791e+00
-4.25040768e-03 4.99196625e+00
-4.25040768e-03 4.99199963e+00
-4.25279187e-03 4.99195671e+00
-4.26828908e-03 4.99202681e+00
-4.23133420e-03 4.99201727e+00
-4.26352071e-03 4.99206877e+00
-4.24087094e-03 4.99205780e+00
-4.25636815e-03 4.99209976e+00
-4.26352071e-03 4.99197435e+00
-4.25994443e-03 4.99199820e+00
-4.26828908e-03 4.99204254e+00
-4.26232861e-03 4.99202347e+00
-4.25517606e-03 4.99204016e+00
-4.24683141e-03 4.99199820e+00
-4.26590489e-03 4.99212837e+00
-4.25040768e-03 4.99196386e+00
-4.24325513e-03 4.99212360e+00
-4.26113652e-03 4.99213791e+00
-4.26948117e-03 4.99213314e+00
-4.25636815e-03 4.99209356e+00
-4.24683141e-03 4.99202204e+00
-4.26232861e-03 4.99207354e+00
-4.27544164e-03 4.99189568e+00
-4.24921559e-03 4.99203539e+00
-4.25756024e-03 4.99200678e+00
-4.25159978e-03 4.99204731e+00
-4.27186536e-03 4.99194098e+00
-4.25756024e-03 4.99198151e+00
-4.25279187e-03 4.99192333e+00
-4.24325513e-03 4.99205446e+00
-4.26709699e-03 4.99206018e+00
-4.27424954e-03 4.99208546e+00
-4.25279187e-03 4.99209356e+00
-4.26232861e-03 4.99202442e+00
-4.25875233e-03 4.99198627e+00
-4.25994443e-03 4.99197912e+00
-4.26948117e-03 4.99206257e+00
-4.27424954e-03 4.99193764e+00
-4.25994443e-03 4.99205542e+00
-4.25398396e-03 4.99218559e+00
-4.27305745e-03 4.99202347e+00
-4.24325513e-03 4.99196482e+00
-4.24563931e-03 4.99193621e+00
-4.25517606e-03 4.99208307e+00
-4.26590489e-03 4.99192190e+00
-4.24802350e-03 4.99191856e+00
-4.26232861e-03 4.99204826e+00
-4.25875233e-03 4.99197674e+00
-4.25279187e-03 4.99198294e+00
-4.24444722e-03 4.99203539e+00
-4.23848676e-03 4.99205208e+00
-4.25636815e-03 4.99197817e+00
-4.26113652e-03 4.99201488e+00
-4.24921559e-03 4.99200773e+00
-4.26590489e-03 4.99191856e+00
-4.25756024e-03 4.99194336e+00
-4.24325513e-03 4.99186373e+00
-4.25040768e-03 4.99209595e+00
-4.24563931e-03 4.99209356e+00
-4.26709699e-03 4.99194479e+00
-4.26709699e-03 4.99207926e+00
-4.26113652e-03 4.99204731e+00
-4.24921559e-03 4.99201632e+00
-4.26709699e-03 4.99206972e+00
-4.26828908e-03 4.99196959e+00
-4.24683141e-03 4.99211740e+00
-4.27305745e-03 4.99203300e+00
-4.25994443e-03 4.99211168e+00
-4.25636815e-03 4.99203396e+00
-4.26828908e-03 4.99206257e+00
-4.26590489e-03 4.99187565e+00
-4.25756024e-03 4.99197197e+00
-4.26113652e-03 4.99192333e+00
-4.24921559e-03 4.99199009e+00
-4.24563931e-03 4.99201965e+00
-4.28021001e-03 4.99180889e+00
-4.26828908e-03 4.99189568e+00
-4.25756024e-03 4.99206161e+00
-4.27424954e-03 4.99192810e+00
-4.25875233e-03 4.99203062e+00
-4.26232861e-03 4.99204350e+00
-4.25756024e-03 4.99193764e+00
-4.24444722e-03 4.99193382e+00
-4.26232861e-03 4.99200535e+00
-4.25756024e-03 4.99194098e+00
-4.25756024e-03 4.99212837e+00
-4.25517606e-03 4.99196959e+00
-4.26828908e-03 4.99195194e+00
-4.24802350e-03 4.99199104e+00
-4.25636815e-03 4.99195290e+00
-4.25398396e-03 4.99198389e+00
-4.25040768e-03 4.99196959e+00
-4.27186536e-03 4.99191141e+00
-4.25159978e-03 4.99195194e+00
-4.26471280e-03 4.99188995e+00
-4.24683141e-03 4.99192333e+00
-4.26471280e-03 4.99187183e+00
-4.26352071e-03 4.99187565e+00
-4.25517606e-03 4.99201012e+00
-4.25517606e-03 4.99192572e+00
-4.26590489e-03 4.99199486e+00
-4.26471280e-03 4.99190903e+00
-4.26948117e-03 4.99203539e+00
-4.25994443e-03 4.99197817e+00
-4.24921559e-03 4.99201632e+00
-4.25636815e-03 4.99195051e+00
-4.24683141e-03 4.99196959e+00
-4.26948117e-03 4.99203873e+00
-4.26709699e-03 4.99198866e+00
-4.25875233e-03 4.99190426e+00
-4.24683141e-03 4.99201632e+00
-4.28497838e-03 4.99204254e+00
-4.26709699e-03 4.99211645e+00
-4.27424954e-03 4.99186134e+00
-4.25040768e-03 4.99191952e+00
-4.26232861e-03 4.99192572e+00
-4.24802350e-03 4.99198151e+00
-4.25279187e-03 4.99178123e+00
-4.26948117e-03 4.99192333e+00
-4.24683141e-03 4.99198627e+00
-4.25875233e-03 4.99188995e+00
-4.27067326e-03 4.99188852e+00
-4.24683141e-03 4.99190903e+00
-4.25159978e-03 4.99198389e+00
-4.26113652e-03 4.99192810e+00
-4.25517606e-03 4.99196863e+00
-4.25756024e-03 4.99180651e+00
-4.25875233e-03 4.99192810e+00
-4.25636815e-03 4.99197912e+00
-4.26232861e-03 4.99183750e+00
-4.26709699e-03 4.99200439e+00
-4.24444722e-03 4.99185753e+00
-4.24683141e-03 4.99178743e+00
-4.25994443e-03 4.99196482e+00
-4.25398396e-03 4.99198389e+00
-4.24683141e-03 4.99205780e+00
-4.28259419e-03 4.99187803e+00
-4.24921559e-03 4.99199343e+00
-4.24802350e-03 4.99196243e+00
-4.26948117e-03 4.99194002e+00
-4.27067326e-03 4.99179077e+00
-4.25517606e-03 4.99191380e+00
-4.24921559e-03 4.99193144e+00
-4.26709699e-03 4.99190426e+00
-4.24563931e-03 4.99193525e+00
-4.24802350e-03 4.99189091e+00
-4.25398396e-03 4.99193382e+00
-4.25398396e-03 4.99193764e+00
-4.25398396e-03 4.99196863e+00
-4.27663373e-03 4.99192429e+00
-4.25398396e-03 4.99180651e+00
-4.26590489e-03 4.99193859e+00
-4.24683141e-03 4.99194956e+00
-4.25756024e-03 4.99182558e+00
-4.24921559e-03 4.99194098e+00
-4.23729466e-03 4.99192429e+00
-4.26709699e-03 4.99189568e+00
-4.25040768e-03 4.99202919e+00
-4.25756024e-03 4.99204016e+00
-4.25279187e-03 4.99181461e+00
-4.25398396e-03 4.99203300e+00
-4.27424954e-03 4.99188519e+00
-4.26709699e-03 4.99189329e+00
-4.25279187e-03 4.99194813e+00
-4.24325513e-03 4.99178028e+00
-4.25398396e-03 4.99190760e+00
-4.27901791e-03 4.99196720e+00
-4.26232861e-03 4.99176931e+00
-4.26352071e-03 4.99192095e+00
-4.25756024e-03 4.99189329e+00
-4.25994443e-03 4.99180031e+00
-4.26352071e-03 4.99196959e+00
-4.26352071e-03 4.99191618e+00
-4.24444722e-03 4.99199581e+00
-4.24802350e-03 4.99187183e+00
-4.24683141e-03 4.99185658e+00
-4.26232861e-03 4.99185419e+00
-4.25517606e-03 4.99182081e+00
-4.25994443e-03 4.99184465e+00
-4.23967885e-03 4.99183273e+00
-4.26828908e-03 4.99203777e+00
-4.26948117e-03 4.99186230e+00
-4.24563931e-03 4.99183607e+00
-4.25279187e-03 4.99187660e+00
-4.25398396e-03 4.99189091e+00
-4.24563931e-03 4.99191952e+00
-4.25517606e-03 4.99188137e+00
-4.26471280e-03 4.99195290e+00
-4.25994443e-03 4.99203777e+00
-4.25756024e-03 4.99200678e+00
-4.26828908e-03 4.99185896e+00
-4.26232861e-03 4.99185514e+00
-4.26828908e-03 4.99188614e+00
-4.24683141e-03 4.99177790e+00
-4.24206303e-03 4.99184942e+00
-4.26471280e-03 4.99184942e+00
-4.23967885e-03 4.99189472e+00
-4.27305745e-03 4.99185514e+00
-4.25398396e-03 4.99193144e+00
-4.26471280e-03 4.99196482e+00
-4.26590489e-03 4.99183846e+00
-4.27424954e-03 4.99188137e+00
-4.25636815e-03 4.99198055e+00
-4.26352071e-03 4.99187565e+00
-4.24802350e-03 4.99188995e+00
-4.27305745e-03 4.99195528e+00
-4.26113652e-03 4.99191475e+00
-4.24802350e-03 4.99194002e+00
-4.24206303e-03 4.99186850e+00
-4.26232861e-03 4.99186134e+00
-4.23610257e-03 4.99199963e+00
-4.27663373e-03 4.99193382e+00
-4.25636815e-03 4.99190521e+00
-4.26232861e-03 4.99196720e+00
-4.26471280e-03 4.99197674e+00
-4.25994443e-03 4.99199724e+00
-4.25279187e-03 4.99201393e+00
-4.24563931e-03 4.99192095e+00
-4.25875233e-03 4.99196386e+00
-4.27424954e-03 4.99190521e+00
-4.25875233e-03 4.99190426e+00
-4.28021001e-03 4.99198866e+00
-4.26352071e-03 4.99205446e+00
-4.25159978e-03 4.99192905e+00
-4.23967885e-03 4.99195766e+00
-4.26590489e-03 4.99209738e+00
-4.25398396e-03 4.99202108e+00
-4.24921559e-03 4.99187183e+00
-4.26471280e-03 4.99184942e+00
-4.26471280e-03 4.99190426e+00
-4.26232861e-03 4.99197578e+00
-4.26948117e-03 4.99200439e+00
-4.25636815e-03 4.99191713e+00
-4.25279187e-03 4.99198771e+00
-4.24802350e-03 4.99185896e+00
-4.26113652e-03 4.99189806e+00
-4.26471280e-03 4.99194336e+00
-4.27901791e-03 4.99202919e+00
-4.25040768e-03 4.99190664e+00
-4.25398396e-03 4.99204826e+00
-4.25875233e-03 4.99205303e+00
-4.25994443e-03 4.99190426e+00
-4.26113652e-03 4.99189711e+00
-4.25040768e-03 4.99205303e+00
-4.26232861e-03 4.99188995e+00
-4.26113652e-03 4.99193764e+00
-4.24563931e-03 4.99190760e+00
-4.23610257e-03 4.99192333e+00
-4.24921559e-03 4.99199820e+00
-4.25040768e-03 4.99193621e+00
-4.25040768e-03 4.99189806e+00
-4.25398396e-03 4.99193382e+00
-4.27544164e-03 4.99205542e+00
-4.25517606e-03 4.99192572e+00
-4.25398396e-03 4.99198294e+00
-4.24921559e-03 4.99197102e+00
-4.26352071e-03 4.99199247e+00
-4.26471280e-03 4.99204493e+00
-4.26828908e-03 4.99183750e+00
-4.24921559e-03 4.99192190e+00
-4.24563931e-03 4.99199963e+00
-4.25517606e-03 4.99194574e+00
-4.26113652e-03 4.99196482e+00
-4.27663373e-03 4.99195051e+00
-4.26709699e-03 4.99197674e+00
-4.26352071e-03 4.99203300e+00
-4.24087094e-03 4.99205542e+00
-4.26113652e-03 4.99199486e+00
-4.25756024e-03 4.99193764e+00
-4.26352071e-03 4.99200916e+00
-4.24802350e-03 4.99184084e+00
-4.25756024e-03 4.99189234e+00
-4.24802350e-03 4.99189472e+00
-4.25279187e-03 4.99207449e+00
-4.26948117e-03 4.99190521e+00
-4.24802350e-03 4.99208307e+00
-4.27663373e-03 4.99195051e+00
-4.27067326e-03 4.99199104e+00
-4.26709699e-03 4.99210453e+00
-4.25279187e-03 4.99191713e+00
-4.23967885e-03 4.99205065e+00
-4.26232861e-03 4.99187183e+00
-4.25279187e-03 4.99190521e+00
-4.26709699e-03 4.99198866e+00
-4.24563931e-03 4.99212360e+00
-4.26828908e-03 4.99200439e+00
-4.25398396e-03 4.99196863e+00
-4.24563931e-03 4.99200439e+00
-4.25398396e-03 4.99192667e+00
-4.25875233e-03 4.99190044e+00
-4.25756024e-03 4.99188995e+00
-4.25517606e-03 4.99193144e+00
-4.25636815e-03 4.99190426e+00
-4.24444722e-03 4.99195766e+00
-4.24921559e-03 4.99204350e+00
-4.24802350e-03 4.99204493e+00
-4.24683141e-03 4.99199104e+00
-4.25279187e-03 4.99209595e+00
-4.24087094e-03 4.99206400e+00
-4.25398396e-03 4.99207354e+00
-4.27305745e-03 4.99193287e+00
-4.26590489e-03 4.99196386e+00
-4.24921559e-03 4.99190664e+00
-4.26113652e-03 4.99214983e+00
-4.28497838e-03 4.99208546e+00
-4.26709699e-03 4.99191713e+00
-4.26352071e-03 4.99201012e+00
-4.26232861e-03 4.99205446e+00
-4.24683141e-03 4.99205208e+00
-4.26590489e-03 4.99210691e+00
-4.23848676e-03 4.99190521e+00
-4.26113652e-03 4.99201393e+00
-4.25636815e-03 4.99202347e+00
-4.26590489e-03 4.99192810e+00
-4.23491048e-03 4.99199486e+00
-4.26352071e-03 4.99205923e+00
-4.25756024e-03 4.99204969e+00
-4.24802350e-03 4.99207687e+00
-4.25636815e-03 4.99185753e+00
-4.26828908e-03 4.99195766e+00
-4.25875233e-03 4.99205685e+00
-4.25279187e-03 4.99201632e+00
-4.26828908e-03 4.99194574e+00
-4.25875233e-03 4.99207592e+00
-4.26352071e-03 4.99200296e+00
-4.24206303e-03 4.99190998e+00
-4.25636815e-03 4.99198151e+00
-4.26590489e-03 4.99210072e+00
-4.25279187e-03 4.99201012e+00
-4.25994443e-03 4.99204111e+00
-4.25994443e-03 4.99192810e+00
-4.26113652e-03 4.99205208e+00
-4.25636815e-03 4.99206734e+00
-4.25994443e-03 4.99204826e+00
-4.25636815e-03 4.99212694e+00
-4.23610257e-03 4.99198055e+00
-4.25636815e-03 4.99206400e+00
-4.27305745e-03 4.99195051e+00
-4.26471280e-03 4.99193048e+00
-4.25279187e-03 4.99196625e+00
-4.25040768e-03 4.99194002e+00
-4.25875233e-03 4.99201727e+00
-4.26352071e-03 4.99202204e+00
-4.26590489e-03 4.99202204e+00
-4.26113652e-03 4.99196386e+00
-4.27901791e-03 4.99204350e+00
-4.26590489e-03 4.99208403e+00
-4.26828908e-03 4.99192095e+00
-4.24683141e-03 4.99201727e+00
-4.24325513e-03 4.99185658e+00
-4.24563931e-03 4.99196482e+00
-4.27663373e-03 4.99205208e+00
-4.27424954e-03 4.99193287e+00
-4.26828908e-03 4.99202585e+00
-4.24563931e-03 4.99197578e+00
-4.25398396e-03 4.99204969e+00
-4.26828908e-03 4.99202347e+00
-4.25875233e-03 4.99194241e+00
-4.26352071e-03 4.99200535e+00
-4.29213094e-03 4.99212599e+00
-4.28021001e-03 4.99205446e+00
-4.25279187e-03 4.99207830e+00
-4.24206303e-03 4.99197578e+00
-4.26590489e-03 4.99197578e+00
-4.26471280e-03 4.99204016e+00
-4.28021001e-03 4.99195051e+00
-4.24921559e-03 4.99201012e+00
-4.25517606e-03 4.99204111e+00
-4.25279187e-03 4.99215221e+00
-4.26948117e-03 4.99202824e+00
-4.25279187e-03 4.99210691e+00
-4.26113652e-03 4.99198055e+00
-4.25398396e-03 4.99199486e+00
-4.27067326e-03 4.99213076e+00
-4.24206303e-03 4.99197340e+00
-4.24921559e-03 4.99209356e+00
-4.26709699e-03 4.99196148e+00
-4.25159978e-03 4.99198627e+00
-4.25517606e-03 4.99190664e+00
-4.27186536e-03 4.99200201e+00
-4.26709699e-03 4.99210310e+00
-4.26113652e-03 4.99207926e+00
-4.26352071e-03 4.99208641e+00
-4.24683141e-03 4.99191236e+00
-4.25756024e-03 4.99217367e+00
-4.26709699e-03 4.99195051e+00
-4.26113652e-03 4.99213791e+00
-4.24921559e-03 4.99204254e+00
-4.24683141e-03 4.99210453e+00
-4.25756024e-03 4.99208307e+00
-4.24802350e-03 4.99194336e+00
-4.24563931e-03 4.99214506e+00
-4.24683141e-03 4.99201155e+00
-4.25398396e-03 4.99202681e+00
-4.27544164e-03 4.99209499e+00
-4.26590489e-03 4.99202347e+00
-4.26590489e-03 4.99201250e+00
-4.26232861e-03 4.99204731e+00
-4.25756024e-03 4.99186945e+00
-4.24325513e-03 4.99205780e+00
-4.24087094e-03 4.99204588e+00
-4.27305745e-03 4.99207211e+00
-4.27186536e-03 4.99209976e+00
-4.24444722e-03 4.99217224e+00
-4.26471280e-03 4.99195671e+00
-4.24563931e-03 4.99203062e+00
-4.26471280e-03 4.99206877e+00
-4.24444722e-03 4.99195194e+00
-4.25279187e-03 4.99206018e+00
-4.24206303e-03 4.99194241e+00
-4.25040768e-03 4.99191952e+00
-4.24802350e-03 4.99200439e+00
-4.27186536e-03 4.99198771e+00
-4.26948117e-03 4.99197674e+00
-4.24921559e-03 4.99195433e+00
-4.24921559e-03 4.99210453e+00
-4.23252629e-03 4.99199247e+00
-4.24563931e-03 4.99199009e+00
-4.27782582e-03 4.99181843e+00
-4.25636815e-03 4.99206257e+00
-4.25994443e-03 4.99190187e+00
-4.25994443e-03 4.99206734e+00
-4.26232861e-03 4.99195766e+00
-4.24921559e-03 4.99194574e+00
-4.24921559e-03 4.99206734e+00
-4.24563931e-03 4.99197578e+00
-4.25875233e-03 4.99196625e+00
-4.25279187e-03 4.99198532e+00
-4.25636815e-03 4.99210930e+00
-4.28021001e-03 4.99204493e+00
-4.24683141e-03 4.99183846e+00
-4.26590489e-03 4.99197340e+00
-4.25636815e-03 4.99204731e+00
-4.25517606e-03 4.99202347e+00
-4.26113652e-03 4.99199486e+00
-4.26590489e-03 4.99202585e+00
-4.24563931e-03 4.99198151e+00
-4.26113652e-03 4.99196482e+00
-4.26709699e-03 4.99180651e+00
-4.26948117e-03 4.99200535e+00
-4.27424954e-03 4.99190760e+00
-4.24444722e-03 4.99209595e+00
-4.25159978e-03 4.99195528e+00
-4.26590489e-03 4.99196243e+00
-4.25040768e-03 4.99207115e+00
-4.27544164e-03 4.99195051e+00
-4.25040768e-03 4.99197197e+00
-4.27305745e-03 4.99195671e+00
-4.25040768e-03 4.99193859e+00
-4.26113652e-03 4.99195671e+00
-4.25875233e-03 4.99201727e+00
-4.25159978e-03 4.99188042e+00
-4.25040768e-03 4.99212122e+00
-4.25756024e-03 4.99206495e+00
-4.25636815e-03 4.99202442e+00
-4.27901791e-03 4.99205303e+00
-4.25040768e-03 4.99190187e+00
-4.24206303e-03 4.99197578e+00
-4.25159978e-03 4.99206161e+00
-4.24802350e-03 4.99204826e+00
-4.25279187e-03 4.99199581e+00
-4.25875233e-03 4.99196720e+00
-4.24802350e-03 4.99191380e+00
-4.25279187e-03 4.99198866e+00
-4.25994443e-03 4.99198294e+00
-4.25279187e-03 4.99194813e+00
-4.26232861e-03 4.99200678e+00
-4.24325513e-03 4.99202919e+00
-4.24563931e-03 4.99204493e+00
-4.26352071e-03 4.99194241e+00
-4.25398396e-03 4.99213171e+00
-4.25875233e-03 4.99208164e+00
-4.27424954e-03 4.99189568e+00
-4.25159978e-03 4.99197197e+00
-4.25756024e-03 4.99206018e+00
-4.27663373e-03 4.99193859e+00
-4.25875233e-03 4.99200678e+00
-4.24683141e-03 4.99197197e+00
-4.25636815e-03 4.99199104e+00
-4.26828908e-03 4.99199963e+00
-4.24921559e-03 4.99200439e+00
-4.26828908e-03 4.99185896e+00
-4.27305745e-03 4.99196863e+00
-4.24206303e-03 4.99199486e+00
-4.25159978e-03 4.99198532e+00
-4.27782582e-03 4.99188137e+00
-4.26590489e-03 4.99196959e+00
-4.27663373e-03 4.99210453e+00
-4.25159978e-03 4.99204731e+00
-4.26471280e-03 4.99198771e+00
-4.27305745e-03 4.99207115e+00
-4.24563931e-03 4.99195766e+00
-4.25756024e-03 4.99196482e+00
-4.27782582e-03 4.99206257e+00
-4.27186536e-03 4.99201155e+00
-4.25517606e-03 4.99204016e+00
-4.24921559e-03 4.99206400e+00
-4.25994443e-03 4.99206972e+00
-4.27305745e-03 4.99209261e+00
-4.25279187e-03 4.99201250e+00
-4.26590489e-03 4.99201488e+00
-4.25756024e-03 4.99196148e+00
-4.21106862e-03 4.99202681e+00
-4.25040768e-03 4.99193859e+00
-4.27663373e-03 4.99202347e+00
-4.24683141e-03 4.99203634e+00
-4.26709699e-03 4.99194241e+00
-4.26352071e-03 4.99204969e+00
-4.25159978e-03 4.99193764e+00
-4.27901791e-03 4.99198771e+00
-4.25994443e-03 4.99195766e+00
-4.25398396e-03 4.99199581e+00
-4.24921559e-03 4.99200296e+00
-4.25636815e-03 4.99219513e+00
-4.26709699e-03 4.99202681e+00
-4.27544164e-03 4.99206257e+00
-4.27305745e-03 4.99196386e+00
-4.26113652e-03 4.99191141e+00
-4.24683141e-03 4.99205542e+00
-4.25875233e-03 4.99202347e+00
-4.25875233e-03 4.99199343e+00
-4.24206303e-03 4.99194336e+00
-4.26113652e-03 4.99204254e+00
-4.24802350e-03 4.99211168e+00
-4.25636815e-03 4.99186230e+00
-4.25517606e-03 4.99201965e+00
-4.25636815e-03 4.99183846e+00
-4.24802350e-03 4.99205685e+00
-4.26113652e-03 4.99204588e+00
-4.24444722e-03 4.99198532e+00
-4.25398396e-03 4.99195528e+00
-4.26471280e-03 4.99210072e+00
-4.24683141e-03 4.99210215e+00
-4.24087094e-03 4.99206400e+00
-4.25875233e-03 4.99205780e+00
-4.26113652e-03 4.99215221e+00
-4.24325513e-03 4.99207354e+00
-4.25398396e-03 4.99199581e+00
-4.25398396e-03 4.99202824e+00
-4.27663373e-03 4.99206638e+00
-4.25398396e-03 4.99215078e+00
-4.26471280e-03 4.99190521e+00
-4.23729466e-03 4.99199247e+00
-4.24444722e-03 4.99198055e+00
-4.26948117e-03 4.99202681e+00
-4.27186536e-03 4.99198055e+00
-4.25875233e-03 4.99191618e+00
-4.25279187e-03 4.99199486e+00
-4.26948117e-03 4.99201250e+00
-4.25517606e-03 4.99204493e+00
-4.26948117e-03 4.99209023e+00
-4.26232861e-03 4.99201632e+00
-4.26948117e-03 4.99192667e+00
-4.25517606e-03 4.99197102e+00
-4.26232861e-03 4.99204016e+00
-4.25875233e-03 4.99204016e+00
-4.26471280e-03 4.99204969e+00
-4.27305745e-03 4.99197102e+00
-4.26471280e-03 4.99215555e+00
-4.23729466e-03 4.99200296e+00
-4.26590489e-03 4.99211168e+00
-4.26352071e-03 4.99204111e+00
-4.26232861e-03 4.99211264e+00
-4.27067326e-03 4.99208879e+00
-4.25636815e-03 4.99195910e+00
-4.26709699e-03 4.99211740e+00
-4.26352071e-03 4.99200201e+00
-4.25517606e-03 4.99203396e+00
-4.27901791e-03 4.99210691e+00
-4.25994443e-03 4.99211740e+00
-4.25040768e-03 4.99210453e+00
-4.24444722e-03 4.99195528e+00
-4.26590489e-03 4.99200296e+00
-4.26709699e-03 4.99203157e+00
-4.25636815e-03 4.99201632e+00
-4.26590489e-03 4.99200678e+00
-4.26709699e-03 4.99192429e+00
-4.25040768e-03 4.99216413e+00
-4.25398396e-03 4.99198771e+00
-4.24563931e-03 4.99213076e+00
-4.25994443e-03 4.99186230e+00
-4.25636815e-03 4.99205208e+00
-4.25636815e-03 4.99194098e+00
-4.24206303e-03 4.99195194e+00
-4.24802350e-03 4.99201012e+00
-4.25040768e-03 4.99200678e+00
-4.25875233e-03 4.99193144e+00
-4.27901791e-03 4.99213076e+00
-4.24921559e-03 4.99195910e+00
-4.23967885e-03 4.99194241e+00
-4.25994443e-03 4.99208546e+00
-4.25636815e-03 4.99200916e+00
-4.26590489e-03 4.99200773e+00
-4.26232861e-03 4.99207211e+00
-4.24683141e-03 4.99206161e+00
-4.25159978e-03 4.99210548e+00
-4.26113652e-03 4.99212694e+00
-4.25159978e-03 4.99199247e+00
-4.25517606e-03 4.99197197e+00
-4.26590489e-03 4.99216652e+00
-4.25994443e-03 4.99212599e+00
-4.24563931e-03 4.99209976e+00
-4.26709699e-03 4.99211740e+00
-4.26590489e-03 4.99203300e+00
-4.25875233e-03 4.99213409e+00
-4.25875233e-03 4.99214983e+00
-4.25398396e-03 4.99204254e+00
-4.26828908e-03 4.99211740e+00
-4.24206303e-03 4.99208784e+00
-4.25994443e-03 4.99205208e+00
-4.26352071e-03 4.99206400e+00
-4.25756024e-03 4.99203539e+00
-4.25398396e-03 4.99201870e+00
-4.26232861e-03 4.99191856e+00
-4.25040768e-03 4.99208403e+00
-4.27424954e-03 4.99194717e+00
-4.25994443e-03 4.99198771e+00
-4.23610257e-03 4.99206161e+00
-4.25279187e-03 4.99198532e+00
-4.26471280e-03 4.99192905e+00
-4.24563931e-03 4.99193048e+00
-4.26590489e-03 4.99204493e+00
-4.26828908e-03 4.99202204e+00
-4.26828908e-03 4.99207687e+00
-4.25875233e-03 4.99205685e+00
-4.28259419e-03 4.99199009e+00
-4.25994443e-03 4.99198866e+00
-4.27067326e-03 4.99198771e+00
-4.25159978e-03 4.99209595e+00
-4.26113652e-03 4.99196482e+00
-4.26352071e-03 4.99211502e+00
-4.26828908e-03 4.99202108e+00
-4.26232861e-03 4.99190044e+00
-4.26590489e-03 4.99198055e+00
-4.26828908e-03 4.99198771e+00
-4.25756024e-03 4.99200439e+00
-4.26709699e-03 4.99198389e+00
-4.26948117e-03 4.99211168e+00
-4.25398396e-03 4.99208069e+00
-4.24921559e-03 4.99195766e+00
-4.26471280e-03 4.99206257e+00
-4.25279187e-03 4.99181843e+00
-4.26232861e-03 4.99200535e+00
-4.24683141e-03 4.99197817e+00
-4.26471280e-03 4.99202585e+00
-4.25517606e-03 4.99205780e+00
-4.25159978e-03 4.99198627e+00
-4.25398396e-03 4.99209023e+00
-4.25398396e-03 4.99189234e+00
-4.26352071e-03 4.99206495e+00
-4.25517606e-03 4.99189472e+00
-4.26590489e-03 4.99211502e+00
-4.25994443e-03 4.99197578e+00
-4.26590489e-03 4.99206495e+00
-4.25756024e-03 4.99203777e+00
-4.25636815e-03 4.99200773e+00
-4.26590489e-03 4.99209976e+00
-4.24087094e-03 4.99210215e+00
-4.24206303e-03 4.99196243e+00
-4.26590489e-03 4.99200439e+00
-4.25875233e-03 4.99193859e+00
-4.23610257e-03 4.99216175e+00
-4.26113652e-03 4.99205303e+00
-4.27782582e-03 4.99206257e+00
-4.24325513e-03 4.99210215e+00
-4.24563931e-03 4.99201012e+00
-4.26232861e-03 4.99206734e+00
-4.25517606e-03 4.99200535e+00
-4.26471280e-03 4.99209356e+00
-4.25994443e-03 4.99200201e+00
-4.25756024e-03 4.99210453e+00
-4.25398396e-03 4.99201250e+00
-4.22656583e-03 4.99204826e+00
-4.24683141e-03 4.99197102e+00
-4.24444722e-03 4.99206400e+00
-4.23967885e-03 4.99191952e+00
-4.25875233e-03 4.99196959e+00
-4.24683141e-03 4.99197912e+00
-4.25279187e-03 4.99215078e+00
-4.27067326e-03 4.99197340e+00
-4.26113652e-03 4.99204588e+00
-4.25279187e-03 4.99201870e+00
-4.23848676e-03 4.99197817e+00
-4.25756024e-03 4.99202919e+00
-4.24325513e-03 4.99208546e+00
-4.24802350e-03 4.99198627e+00
-4.24683141e-03 4.99198532e+00
-4.23252629e-03 4.99208784e+00
-4.26113652e-03 4.99199486e+00
-4.26590489e-03 4.99193144e+00
-4.27067326e-03 4.99205065e+00
-4.23729466e-03 4.99208403e+00
-4.24444722e-03 4.99187565e+00
-4.27544164e-03 4.99200773e+00
-4.26113652e-03 4.99214029e+00
-4.25398396e-03 4.99200773e+00
-4.25398396e-03 4.99199724e+00
-4.25398396e-03 4.99196005e+00
-4.26471280e-03 4.99205065e+00
-4.23014211e-03 4.99189091e+00
-4.27067326e-03 4.99201870e+00
-4.25756024e-03 4.99196720e+00
-4.25040768e-03 4.99206400e+00
-4.24206303e-03 4.99196625e+00
-4.25756024e-03 4.99201727e+00
-4.25159978e-03 4.99195528e+00
-4.23610257e-03 4.99196720e+00
-4.26709699e-03 4.99195051e+00
-4.25398396e-03 4.99207926e+00
-4.24921559e-03 4.99203777e+00
-4.24802350e-03 4.99216747e+00
-4.24087094e-03 4.99194241e+00
-4.24444722e-03 4.99196243e+00
-4.24206303e-03 4.99193859e+00
-4.25279187e-03 4.99196386e+00
-4.25875233e-03 4.99205208e+00
-4.26232861e-03 4.99201155e+00
-4.26113652e-03 4.99196863e+00
-4.27067326e-03 4.99211884e+00
-4.24087094e-03 4.99196148e+00
-4.26352071e-03 4.99199247e+00
-4.25040768e-03 4.99196005e+00
-4.24206303e-03 4.99198389e+00
-4.28497838e-03 4.99193287e+00
-4.24563931e-03 4.99206734e+00
-4.24802350e-03 4.99201727e+00
-4.26232861e-03 4.99187565e+00
-4.27663373e-03 4.99201012e+00
-4.23967885e-03 4.99197340e+00
-4.25398396e-03 4.99200058e+00
-4.24921559e-03 4.99189472e+00
-4.25517606e-03 4.99208164e+00
-4.26828908e-03 4.99188614e+00
-4.27663373e-03 4.99188852e+00
-4.26471280e-03 4.99197340e+00
